model,file_id,n_sequences,num_motifs,num_categories,wd
DDPM,50,9000,194418,703,0.5098646294292932
DDPM,100,9000,215086,703,0.47317236202186264
DDPM,150,9000,194236,703,0.9107472456326129
DDPM,200,9000,234009,703,0.5750481287899252
DDPM,250,9000,208418,703,0.6268848634466848
DDPM,300,9000,217642,703,0.7425747362094246
DDPM,350,9000,224310,703,1.2662835528643852
DDPM,400,9000,237813,703,0.871213379020187
DDPM,450,9000,224948,703,0.5069673074567046
DDPM,500,9000,218250,703,0.22971806401257014
DDPM,550,9000,233605,703,0.7170410133497289
DDPM,600,9000,230838,703,0.6402558202869353
DDPM,650,9000,246240,703,0.601685178813262
DDPM,700,9000,246551,703,1.4615679613877663
DDPM,750,9000,268278,703,1.5929000291852755
DDPM,800,9000,241045,703,1.0225337714930989
DDPM,850,9000,265728,703,1.2325576025238099
DDPM,900,9000,255990,703,0.5915386325041658
DDPM,950,9000,243262,703,0.9248617354155354
DDPM,1000,9000,253751,703,0.8264516367727837
DDPM,1050,9000,269231,703,1.200284363770605
DDPM,1100,9000,253415,703,0.6833994866840749
DDPM,1150,9000,258960,703,1.2358032414385258
DDPM,1200,9000,232593,703,1.5590762746123144
DDPM,1250,9000,256364,703,0.9929577645379388
DDPM,1300,9000,226124,703,1.5355656215066618
DDPM,1350,9000,251866,703,1.6999919846979752
DDPM,1400,9000,265498,703,0.6322546015930984
DDPM,1450,9000,273137,703,1.1118774204998352
DDPM,1500,9000,250673,703,1.1324852058019075
DDPM,1550,9000,262874,703,1.1701263502725634
DDPM,1600,9000,262176,703,1.882092109400158
DDPM,1650,9000,253056,703,1.0970441590492916
DDPM,1700,9000,260440,703,1.1692872565302475
DDPM,1750,9000,262873,703,1.0428743504380742
DDPM,1800,9000,271878,703,0.8932009287040061
DDPM,1850,9000,295246,703,1.0260156243897003
DDPM,1900,9000,270610,703,1.2682108416169608
DDPM,1950,9000,283545,703,1.0631241221326966
DDPM,2000,9000,281531,703,0.9850037170799064
