method,sequence_id,unguided_score,guided_score,delta,unguided_gc,guided_gc,unguided_max_homopolymer,guided_max_homopolymer
exp02_maximize,gen_0,3.8781626224517822,4.271237373352051,0.39307475090026855,0.4,0.44375,6,5
exp02_maximize,gen_1,4.406768798828125,4.561646461486816,0.1548776626586914,0.25625,0.3,5,7
exp02_maximize,gen_2,4.1256022453308105,4.393166542053223,0.2675642967224121,0.31875,0.325,5,5
exp02_maximize,gen_3,4.998460292816162,3.5892534255981445,-1.4092068672180176,0.2625,0.55625,18,3
exp02_maximize,gen_4,3.6139798164367676,4.140739917755127,0.5267601013183594,0.36875,0.3125,4,5
exp02_maximize,gen_5,3.720801591873169,3.6882057189941406,-0.03259587287902832,0.4125,0.46875,4,3
exp02_maximize,gen_6,3.5015478134155273,5.594376087188721,2.0928282737731934,0.40625,0.39375,5,5
exp02_maximize,gen_7,4.399189472198486,4.242372989654541,-0.1568164825439453,0.375,0.325,5,10
exp02_maximize,gen_8,5.414304733276367,3.7172954082489014,-1.6970093250274658,0.3375,0.4375,5,3
exp02_maximize,gen_9,4.207231044769287,3.3966307640075684,-0.8106002807617188,0.54375,0.5125,3,4
exp02_maximize,gen_10,5.25274658203125,5.121457576751709,-0.13128900527954102,0.45,0.5625,4,5
exp02_maximize,gen_11,3.3611621856689453,4.051793098449707,0.6906309127807617,0.4375,0.56875,4,5
exp02_maximize,gen_12,3.9039013385772705,4.3278985023498535,0.423997163772583,0.29375,0.48125,5,5
exp02_maximize,gen_13,4.385517120361328,3.4572596549987793,-0.9282574653625488,0.53125,0.56875,5,4
exp02_maximize,gen_14,4.204540252685547,3.92045521736145,-0.2840850353240967,0.45625,0.3,3,12
exp02_maximize,gen_15,3.247938632965088,4.920116901397705,1.6721782684326172,0.4375,0.34375,5,8
exp02_maximize,gen_16,4.111124515533447,5.378213405609131,1.2670888900756836,0.46875,0.49375,5,5
exp02_maximize,gen_17,4.11831521987915,4.714451313018799,0.5961360931396484,0.39375,0.29375,11,5
exp02_maximize,gen_18,4.292724609375,4.815455436706543,0.522730827331543,0.4875,0.2875,4,6
exp02_maximize,gen_19,4.426778793334961,4.661520481109619,0.2347416877746582,0.3,0.325,8,6
exp02_maximize,gen_20,4.17429256439209,4.773693084716797,0.599400520324707,0.51875,0.26875,4,6
exp02_maximize,gen_21,3.778913974761963,4.277441024780273,0.49852705001831055,0.4375,0.39375,6,5
exp02_maximize,gen_22,5.080411434173584,4.5539093017578125,-0.5265021324157715,0.24375,0.46875,12,6
exp02_maximize,gen_23,4.739309787750244,4.3526997566223145,-0.3866100311279297,0.25625,0.45,6,4
exp02_maximize,gen_24,3.2459349632263184,4.508665084838867,1.2627301216125488,0.51875,0.25625,4,9
exp02_maximize,gen_25,4.436044692993164,3.6078643798828125,-0.8281803131103516,0.23125,0.41875,8,4
exp02_maximize,gen_26,4.148049831390381,3.8418662548065186,-0.3061835765838623,0.28125,0.45,5,5
exp02_maximize,gen_27,4.260413646697998,4.811861991882324,0.5514483451843262,0.43125,0.45,6,6
exp02_maximize,gen_28,4.390622615814209,3.8665342330932617,-0.5240883827209473,0.3625,0.54375,5,3
exp02_maximize,gen_29,3.981372356414795,4.2585225105285645,0.27715015411376953,0.3125,0.38125,11,6
exp02_maximize,gen_30,3.0079452991485596,4.8733296394348145,1.8653843402862549,0.54375,0.46875,8,6
exp02_maximize,gen_31,4.493686676025391,4.363630294799805,-0.13005638122558594,0.4625,0.4,5,5
exp02_maximize,gen_32,2.8430709838867188,3.4656388759613037,0.622567892074585,0.5125,0.45,4,3
exp02_maximize,gen_33,3.4900341033935547,3.3376526832580566,-0.15238142013549805,0.5125,0.4625,4,7
exp02_maximize,gen_34,3.24898624420166,5.220956325531006,1.9719700813293457,0.55625,0.53125,4,8
exp02_maximize,gen_35,4.0053582191467285,3.5336084365844727,-0.47174978256225586,0.55,0.4375,4,5
exp02_maximize,gen_36,3.7370636463165283,3.79380202293396,0.05673837661743164,0.5,0.475,4,4
exp02_maximize,gen_37,3.6866281032562256,3.307422399520874,-0.37920570373535156,0.48125,0.41875,5,4
exp02_maximize,gen_38,3.865220069885254,3.6824119091033936,-0.18280816078186035,0.525,0.3625,4,8
exp02_maximize,gen_39,3.815647840499878,5.628268718719482,1.8126208782196045,0.48125,0.375,3,7
exp02_maximize,gen_40,4.002248287200928,3.5701498985290527,-0.432098388671875,0.3875,0.50625,7,4
exp02_maximize,gen_41,4.011506080627441,3.5556087493896484,-0.45589733123779297,0.51875,0.4125,3,4
exp02_maximize,gen_42,4.098156452178955,3.69387149810791,-0.4042849540710449,0.33125,0.4875,5,5
exp02_maximize,gen_43,4.599629878997803,3.7623531818389893,-0.8372766971588135,0.30625,0.3625,6,4
exp02_maximize,gen_44,4.669388294219971,4.315971851348877,-0.35341644287109375,0.21875,0.38125,6,8
exp02_maximize,gen_45,4.065117359161377,4.438613414764404,0.37349605560302734,0.3375,0.45,7,4
exp02_maximize,gen_46,3.3702497482299805,4.970659255981445,1.6004095077514648,0.4,0.5125,4,6
exp02_maximize,gen_47,3.1293296813964844,3.9810028076171875,0.8516731262207031,0.55,0.5625,4,4
exp02_maximize,gen_48,4.21737003326416,3.860870361328125,-0.35649967193603516,0.25,0.44375,9,6
exp02_maximize,gen_49,4.967564105987549,4.804159164428711,-0.1634049415588379,0.34375,0.3875,6,7
exp02_maximize,gen_50,3.7145137786865234,3.8672573566436768,0.15274357795715332,0.31875,0.41875,5,4
exp02_maximize,gen_51,5.130650043487549,3.20554780960083,-1.9251022338867188,0.26875,0.48125,8,5
exp02_maximize,gen_52,4.569811820983887,4.2354512214660645,-0.33436059951782227,0.3875,0.51875,5,3
exp02_maximize,gen_53,4.184248447418213,5.333353519439697,1.1491050720214844,0.425,0.15625,6,9
exp02_maximize,gen_54,5.347896099090576,4.839366912841797,-0.5085291862487793,0.2625,0.48125,11,6
exp02_maximize,gen_55,4.096805095672607,4.815306186676025,0.718501091003418,0.35,0.5,7,4
exp02_maximize,gen_56,3.8653931617736816,4.150909900665283,0.28551673889160156,0.4125,0.45,7,4
exp02_maximize,gen_57,4.00723934173584,4.119801044464111,0.11256170272827148,0.4625,0.36875,4,5
exp02_maximize,gen_58,3.75767183303833,4.949021816253662,1.191349983215332,0.4,0.43125,5,4
exp02_maximize,gen_59,3.561251640319824,4.726303577423096,1.1650519371032715,0.375,0.30625,4,7
exp02_maximize,gen_60,3.854628562927246,4.527329921722412,0.672701358795166,0.28125,0.4,8,7
exp02_maximize,gen_61,4.994250774383545,4.136483192443848,-0.8577675819396973,0.44375,0.51875,6,4
exp02_maximize,gen_62,3.973851442337036,5.62792444229126,1.6540729999542236,0.45625,0.3,4,6
exp02_maximize,gen_63,3.4474966526031494,3.2470455169677734,-0.20045113563537598,0.41875,0.49375,6,4
exp02_maximize,gen_64,3.2437970638275146,4.079584121704102,0.8357870578765869,0.5625,0.4375,4,6
exp02_maximize,gen_65,3.8642499446868896,4.801441669464111,0.9371917247772217,0.3875,0.4,5,5
exp02_maximize,gen_66,4.155545711517334,3.73399019241333,-0.4215555191040039,0.44375,0.39375,3,5
exp02_maximize,gen_67,3.005429267883301,4.386366844177246,1.3809375762939453,0.525,0.30625,3,5
exp02_maximize,gen_68,4.233458042144775,4.878936290740967,0.6454782485961914,0.29375,0.35625,6,5
exp02_maximize,gen_69,4.362888813018799,3.437997817993164,-0.9248909950256348,0.23125,0.4625,5,7
exp02_maximize,gen_70,4.470205783843994,3.9114110469818115,-0.5587947368621826,0.49375,0.475,4,3
exp02_maximize,gen_71,3.571096897125244,4.435130596160889,0.8640336990356445,0.41875,0.3875,5,7
exp02_maximize,gen_72,3.3477466106414795,3.1318883895874023,-0.21585822105407715,0.48125,0.55625,4,3
exp02_maximize,gen_73,3.827397346496582,4.299169063568115,0.4717717170715332,0.425,0.31875,5,5
exp02_maximize,gen_74,4.064949989318848,3.2864346504211426,-0.7785153388977051,0.31875,0.45,8,5
exp02_maximize,gen_75,3.0710949897766113,4.774611949920654,1.703516960144043,0.425,0.26875,5,8
exp02_maximize,gen_76,3.064939498901367,3.9027152061462402,0.837775707244873,0.48125,0.38125,4,5
exp02_maximize,gen_77,3.846522092819214,3.8712704181671143,0.02474832534790039,0.29375,0.44375,6,5
exp02_maximize,gen_78,3.5242862701416016,5.348048686981201,1.8237624168395996,0.51875,0.4,4,4
exp02_maximize,gen_79,3.3073225021362305,4.599977493286133,1.2926549911499023,0.5,0.4625,5,7
exp02_maximize,gen_80,3.7159011363983154,5.250634670257568,1.534733533859253,0.41875,0.33125,5,5
exp02_maximize,gen_81,3.669750928878784,5.747814655303955,2.078063726425171,0.5125,0.45,4,4
exp02_maximize,gen_82,3.675697088241577,5.076958656311035,1.401261568069458,0.35,0.31875,5,4
exp02_maximize,gen_83,3.085902452468872,4.163891315460205,1.077988862991333,0.50625,0.45625,4,5
exp02_maximize,gen_84,4.684879779815674,4.1417999267578125,-0.5430798530578613,0.29375,0.35625,6,13
exp02_maximize,gen_85,4.0954461097717285,4.202313423156738,0.10686731338500977,0.39375,0.4125,5,6
exp02_maximize,gen_86,4.2289910316467285,5.029651641845703,0.8006606101989746,0.39375,0.33125,5,5
exp02_maximize,gen_87,4.240390300750732,4.884629726409912,0.6442394256591797,0.3,0.2625,10,6
exp02_maximize,gen_88,4.502938747406006,3.5952258110046387,-0.9077129364013672,0.53125,0.5,3,4
exp02_maximize,gen_89,4.1756367683410645,3.8719210624694824,-0.30371570587158203,0.5375,0.48125,4,3
exp02_maximize,gen_90,3.5825443267822266,4.115922451019287,0.5333781242370605,0.44375,0.39375,4,5
exp02_maximize,gen_91,3.0727386474609375,3.6750545501708984,0.6023159027099609,0.58125,0.475,5,5
exp02_maximize,gen_92,2.7436130046844482,4.13639497756958,1.3927819728851318,0.50625,0.4125,4,6
exp02_maximize,gen_93,3.5179123878479004,4.895317554473877,1.3774051666259766,0.4625,0.4625,4,6
exp02_maximize,gen_94,3.5565061569213867,4.705469608306885,1.148963451385498,0.48125,0.34375,4,4
exp02_maximize,gen_95,3.237321615219116,3.8743977546691895,0.6370761394500732,0.49375,0.45,3,6
exp02_maximize,gen_96,3.9077162742614746,5.870438575744629,1.9627223014831543,0.45625,0.3,4,18
exp02_maximize,gen_97,4.264923095703125,3.5529489517211914,-0.7119741439819336,0.3375,0.55,5,3
exp02_maximize,gen_98,4.054224967956543,4.032402992248535,-0.021821975708007812,0.36875,0.325,6,8
exp02_maximize,gen_99,4.103880882263184,5.0413126945495605,0.937431812286377,0.3625,0.26875,8,5
exp03_x0pred,gen_0,3.8781626224517822,4.7389020919799805,0.8607394695281982,0.4,0.43125,6,5
exp03_x0pred,gen_1,4.406768798828125,4.8993239402771,0.4925551414489746,0.25625,0.2875,5,7
exp03_x0pred,gen_2,4.1256022453308105,4.587637901306152,0.4620356559753418,0.31875,0.33125,5,5
exp03_x0pred,gen_3,4.998460292816162,3.667118549346924,-1.3313417434692383,0.2625,0.5625,18,3
exp03_x0pred,gen_4,3.6139798164367676,3.970376491546631,0.3563966751098633,0.36875,0.31875,4,7
exp03_x0pred,gen_5,3.720801591873169,3.7062034606933594,-0.01459813117980957,0.4125,0.4625,4,3
exp03_x0pred,gen_6,3.5015478134155273,5.583730220794678,2.0821824073791504,0.40625,0.38125,5,5
exp03_x0pred,gen_7,4.399189472198486,4.299048900604248,-0.10014057159423828,0.375,0.3,5,10
exp03_x0pred,gen_8,5.414304733276367,4.182657718658447,-1.23164701461792,0.3375,0.45625,5,3
exp03_x0pred,gen_9,4.207231044769287,3.852630138397217,-0.3546009063720703,0.54375,0.5,3,4
exp03_x0pred,gen_10,5.25274658203125,5.745474815368652,0.49272823333740234,0.45,0.5625,4,5
exp03_x0pred,gen_11,3.3611621856689453,3.864074468612671,0.5029122829437256,0.4375,0.55625,4,5
exp03_x0pred,gen_12,3.9039013385772705,5.147627830505371,1.2437264919281006,0.29375,0.475,5,5
exp03_x0pred,gen_13,4.385517120361328,4.139597415924072,-0.24591970443725586,0.53125,0.575,5,4
exp03_x0pred,gen_14,4.204540252685547,4.029984951019287,-0.17455530166625977,0.45625,0.29375,3,12
exp03_x0pred,gen_15,3.247938632965088,5.101603984832764,1.8536653518676758,0.4375,0.35625,5,8
exp03_x0pred,gen_16,4.111124515533447,6.015358924865723,1.9042344093322754,0.46875,0.475,5,5
exp03_x0pred,gen_17,4.11831521987915,4.946910858154297,0.8285956382751465,0.39375,0.3,11,4
exp03_x0pred,gen_18,4.292724609375,5.509631156921387,1.2169065475463867,0.4875,0.28125,4,6
exp03_x0pred,gen_19,4.426778793334961,4.868319034576416,0.4415402412414551,0.3,0.3125,8,6
exp03_x0pred,gen_20,4.17429256439209,4.939920902252197,0.7656283378601074,0.51875,0.26875,4,6
exp03_x0pred,gen_21,3.778913974761963,5.1330342292785645,1.3541202545166016,0.4375,0.41875,6,5
exp03_x0pred,gen_22,5.080411434173584,4.894613742828369,-0.18579769134521484,0.24375,0.46875,12,4
exp03_x0pred,gen_23,4.739309787750244,4.33565092086792,-0.4036588668823242,0.25625,0.45,6,4
exp03_x0pred,gen_24,3.2459349632263184,4.596715450286865,1.3507804870605469,0.51875,0.25,4,9
exp03_x0pred,gen_25,4.436044692993164,3.917393207550049,-0.5186514854431152,0.23125,0.40625,8,4
exp03_x0pred,gen_26,4.148049831390381,4.555513858795166,0.40746402740478516,0.28125,0.45,5,5
exp03_x0pred,gen_27,4.260413646697998,4.935142993927002,0.6747293472290039,0.43125,0.43125,6,6
exp03_x0pred,gen_28,4.390622615814209,5.027037143707275,0.6364145278930664,0.3625,0.51875,5,4
exp03_x0pred,gen_29,3.981372356414795,4.038212299346924,0.056839942932128906,0.3125,0.375,11,6
exp03_x0pred,gen_30,3.0079452991485596,5.177985668182373,2.1700403690338135,0.54375,0.45625,8,6
exp03_x0pred,gen_31,4.493686676025391,4.49003267288208,-0.003654003143310547,0.4625,0.38125,5,5
exp03_x0pred,gen_32,2.8430709838867188,3.4631872177124023,0.6201162338256836,0.5125,0.44375,4,4
exp03_x0pred,gen_33,3.4900341033935547,3.579864978790283,0.08983087539672852,0.5125,0.43125,4,7
exp03_x0pred,gen_34,3.24898624420166,5.854952335357666,2.605966091156006,0.55625,0.5375,4,7
exp03_x0pred,gen_35,4.0053582191467285,3.6733758449554443,-0.3319823741912842,0.55,0.4125,4,5
exp03_x0pred,gen_36,3.7370636463165283,4.099171161651611,0.362107515335083,0.5,0.475,4,5
exp03_x0pred,gen_37,3.6866281032562256,3.7677981853485107,0.08117008209228516,0.48125,0.40625,5,4
exp03_x0pred,gen_38,3.865220069885254,3.8194568157196045,-0.045763254165649414,0.525,0.35,4,8
exp03_x0pred,gen_39,3.815647840499878,5.712924480438232,1.8972766399383545,0.48125,0.4,3,7
exp03_x0pred,gen_40,4.002248287200928,3.980241298675537,-0.022006988525390625,0.3875,0.4875,7,4
exp03_x0pred,gen_41,4.011506080627441,4.017797946929932,0.006291866302490234,0.51875,0.4125,3,4
exp03_x0pred,gen_42,4.098156452178955,3.706019401550293,-0.3921370506286621,0.33125,0.5,5,4
exp03_x0pred,gen_43,4.599629878997803,5.190377712249756,0.5907478332519531,0.30625,0.3625,6,5
exp03_x0pred,gen_44,4.669388294219971,4.389581680297852,-0.27980661392211914,0.21875,0.3875,6,6
exp03_x0pred,gen_45,4.065117359161377,4.866925239562988,0.8018078804016113,0.3375,0.45,7,4
exp03_x0pred,gen_46,3.3702497482299805,5.484034061431885,2.1137843132019043,0.4,0.51875,4,6
exp03_x0pred,gen_47,3.1293296813964844,4.529489040374756,1.4001593589782715,0.55,0.5625,4,4
exp03_x0pred,gen_48,4.21737003326416,3.9941625595092773,-0.2232074737548828,0.25,0.44375,9,6
exp03_x0pred,gen_49,4.967564105987549,5.81304407119751,0.8454799652099609,0.34375,0.3875,6,7
exp03_x0pred,gen_50,3.7145137786865234,3.936901092529297,0.22238731384277344,0.31875,0.4125,5,5
exp03_x0pred,gen_51,5.130650043487549,3.2964730262756348,-1.834177017211914,0.26875,0.48125,8,6
exp03_x0pred,gen_52,4.569811820983887,4.670328140258789,0.10051631927490234,0.3875,0.5125,5,3
exp03_x0pred,gen_53,4.184248447418213,5.856049060821533,1.6718006134033203,0.425,0.16875,6,8
exp03_x0pred,gen_54,5.347896099090576,4.854718208312988,-0.4931778907775879,0.2625,0.46875,11,6
exp03_x0pred,gen_55,4.096805095672607,5.4653730392456055,1.368567943572998,0.35,0.49375,7,4
exp03_x0pred,gen_56,3.8653931617736816,5.070621013641357,1.2052278518676758,0.4125,0.43125,7,6
exp03_x0pred,gen_57,4.00723934173584,4.128363132476807,0.1211237907409668,0.4625,0.35625,4,5
exp03_x0pred,gen_58,3.75767183303833,5.246859073638916,1.489187240600586,0.4,0.41875,5,4
exp03_x0pred,gen_59,3.561251640319824,6.2833781242370605,2.7221264839172363,0.375,0.3,4,8
exp03_x0pred,gen_60,3.854628562927246,5.071596145629883,1.2169675827026367,0.28125,0.39375,8,7
exp03_x0pred,gen_61,4.994250774383545,4.976467609405518,-0.017783164978027344,0.44375,0.525,6,4
exp03_x0pred,gen_62,3.973851442337036,5.792773723602295,1.8189222812652588,0.45625,0.29375,4,8
exp03_x0pred,gen_63,3.4474966526031494,3.6187901496887207,0.1712934970855713,0.41875,0.4875,6,3
exp03_x0pred,gen_64,3.2437970638275146,4.020415306091309,0.776618242263794,0.5625,0.45625,4,6
exp03_x0pred,gen_65,3.8642499446868896,4.909337520599365,1.0450875759124756,0.3875,0.38125,5,5
exp03_x0pred,gen_66,4.155545711517334,4.273453235626221,0.11790752410888672,0.44375,0.41875,3,5
exp03_x0pred,gen_67,3.005429267883301,4.579629421234131,1.57420015335083,0.525,0.2875,3,5
exp03_x0pred,gen_68,4.233458042144775,5.423808574676514,1.1903505325317383,0.29375,0.34375,6,6
exp03_x0pred,gen_69,4.362888813018799,3.5241520404815674,-0.8387367725372314,0.23125,0.45625,5,7
exp03_x0pred,gen_70,4.470205783843994,4.5800299644470215,0.10982418060302734,0.49375,0.475,4,5
exp03_x0pred,gen_71,3.571096897125244,5.085906982421875,1.5148100852966309,0.41875,0.35625,5,7
exp03_x0pred,gen_72,3.3477466106414795,4.40122652053833,1.0534799098968506,0.48125,0.5375,4,3
exp03_x0pred,gen_73,3.827397346496582,5.031199932098389,1.2038025856018066,0.425,0.31875,5,5
exp03_x0pred,gen_74,4.064949989318848,3.23599910736084,-0.8289508819580078,0.31875,0.4875,8,5
exp03_x0pred,gen_75,3.0710949897766113,5.91243839263916,2.841343402862549,0.425,0.28125,5,10
exp03_x0pred,gen_76,3.064939498901367,4.184906482696533,1.119966983795166,0.48125,0.36875,4,5
exp03_x0pred,gen_77,3.846522092819214,3.8278005123138428,-0.018721580505371094,0.29375,0.44375,6,6
exp03_x0pred,gen_78,3.5242862701416016,5.900430679321289,2.3761444091796875,0.51875,0.40625,4,4
exp03_x0pred,gen_79,3.3073225021362305,5.977016925811768,2.669694423675537,0.5,0.4625,5,7
exp03_x0pred,gen_80,3.7159011363983154,5.3876471519470215,1.671746015548706,0.41875,0.3125,5,5
exp03_x0pred,gen_81,3.669750928878784,6.0204691886901855,2.3507182598114014,0.5125,0.45625,4,4
exp03_x0pred,gen_82,3.675697088241577,5.503738880157471,1.8280417919158936,0.35,0.3,5,4
exp03_x0pred,gen_83,3.085902452468872,5.016871929168701,1.930969476699829,0.50625,0.44375,4,5
exp03_x0pred,gen_84,4.684879779815674,4.287052154541016,-0.3978276252746582,0.29375,0.35625,6,13
exp03_x0pred,gen_85,4.0954461097717285,5.272331237792969,1.1768851280212402,0.39375,0.41875,5,6
exp03_x0pred,gen_86,4.2289910316467285,5.261468410491943,1.0324773788452148,0.39375,0.31875,5,5
exp03_x0pred,gen_87,4.240390300750732,5.025904178619385,0.7855138778686523,0.3,0.25625,10,6
exp03_x0pred,gen_88,4.502938747406006,3.4376227855682373,-1.0653159618377686,0.53125,0.49375,3,4
exp03_x0pred,gen_89,4.1756367683410645,4.558590412139893,0.3829536437988281,0.5375,0.46875,4,4
exp03_x0pred,gen_90,3.5825443267822266,5.81488037109375,2.2323360443115234,0.44375,0.3875,4,5
exp03_x0pred,gen_91,3.0727386474609375,3.7734625339508057,0.7007238864898682,0.58125,0.48125,5,5
exp03_x0pred,gen_92,2.7436130046844482,4.807339191436768,2.0637261867523193,0.50625,0.43125,4,6
exp03_x0pred,gen_93,3.5179123878479004,5.408640384674072,1.8907279968261719,0.4625,0.425,4,6
exp03_x0pred,gen_94,3.5565061569213867,4.67025899887085,1.113752841949463,0.48125,0.3375,4,4
exp03_x0pred,gen_95,3.237321615219116,5.119042873382568,1.8817212581634521,0.49375,0.4375,3,6
exp03_x0pred,gen_96,3.9077162742614746,6.298271656036377,2.3905553817749023,0.45625,0.29375,4,18
exp03_x0pred,gen_97,4.264923095703125,4.508235454559326,0.24331235885620117,0.3375,0.53125,5,3
exp03_x0pred,gen_98,4.054224967956543,3.998744487762451,-0.0554804801940918,0.36875,0.33125,6,8
exp03_x0pred,gen_99,4.103880882263184,5.758121967315674,1.6542410850524902,0.3625,0.26875,8,5
exp04_adam,gen_0,3.8781626224517822,3.198737144470215,-0.6794254779815674,0.4,0.5,6,4
exp04_adam,gen_1,4.406768798828125,3.7003631591796875,-0.7064056396484375,0.25625,0.5,5,4
exp04_adam,gen_2,4.1256022453308105,3.107870101928711,-1.0177321434020996,0.31875,0.46875,5,4
exp04_adam,gen_3,4.998460292816162,3.9083523750305176,-1.0901079177856445,0.2625,0.53125,18,4
exp04_adam,gen_4,3.6139798164367676,3.629795551300049,0.01581573486328125,0.36875,0.48125,4,4
exp04_adam,gen_5,3.720801591873169,3.2570271492004395,-0.4637744426727295,0.4125,0.50625,4,3
exp04_adam,gen_6,3.5015478134155273,3.405567169189453,-0.09598064422607422,0.40625,0.5375,5,7
exp04_adam,gen_7,4.399189472198486,3.758120536804199,-0.6410689353942871,0.375,0.41875,5,5
exp04_adam,gen_8,5.414304733276367,3.568281650543213,-1.8460230827331543,0.3375,0.46875,5,4
exp04_adam,gen_9,4.207231044769287,3.1647262573242188,-1.0425047874450684,0.54375,0.55,3,3
exp04_adam,gen_10,5.25274658203125,3.1279118061065674,-2.1248347759246826,0.45,0.4875,4,4
exp04_adam,gen_11,3.3611621856689453,3.955139636993408,0.5939774513244629,0.4375,0.51875,4,6
exp04_adam,gen_12,3.9039013385772705,3.4924373626708984,-0.41146397590637207,0.29375,0.54375,5,3
exp04_adam,gen_13,4.385517120361328,3.715452194213867,-0.6700649261474609,0.53125,0.46875,5,6
exp04_adam,gen_14,4.204540252685547,3.9336071014404297,-0.2709331512451172,0.45625,0.40625,3,6
exp04_adam,gen_15,3.247938632965088,3.6391470432281494,0.3912084102630615,0.4375,0.45625,5,4
exp04_adam,gen_16,4.111124515533447,3.5549707412719727,-0.5561537742614746,0.46875,0.50625,5,4
exp04_adam,gen_17,4.11831521987915,3.347399950027466,-0.7709152698516846,0.39375,0.49375,11,5
exp04_adam,gen_18,4.292724609375,3.6613950729370117,-0.6313295364379883,0.4875,0.475,4,5
exp04_adam,gen_19,4.426778793334961,3.96333646774292,-0.463442325592041,0.3,0.49375,8,7
exp04_adam,gen_20,4.17429256439209,4.705137729644775,0.5308451652526855,0.51875,0.45,4,5
exp04_adam,gen_21,3.778913974761963,3.572065830230713,-0.20684814453125,0.4375,0.4375,6,4
exp04_adam,gen_22,5.080411434173584,3.639998435974121,-1.440412998199463,0.24375,0.51875,12,4
exp04_adam,gen_23,4.739309787750244,3.6193857192993164,-1.1199240684509277,0.25625,0.425,6,4
exp04_adam,gen_24,3.2459349632263184,2.9691638946533203,-0.27677106857299805,0.51875,0.50625,4,4
exp04_adam,gen_25,4.436044692993164,3.1757378578186035,-1.2603068351745605,0.23125,0.5125,8,7
exp04_adam,gen_26,4.148049831390381,3.493795871734619,-0.6542539596557617,0.28125,0.5,5,6
exp04_adam,gen_27,4.260413646697998,3.6681370735168457,-0.5922765731811523,0.43125,0.525,6,4
exp04_adam,gen_28,4.390622615814209,3.727968454360962,-0.6626541614532471,0.3625,0.4875,5,5
exp04_adam,gen_29,3.981372356414795,3.746312379837036,-0.2350599765777588,0.3125,0.46875,11,5
exp04_adam,gen_30,3.0079452991485596,3.2746119499206543,0.2666666507720947,0.54375,0.4875,8,4
exp04_adam,gen_31,4.493686676025391,3.893160343170166,-0.6005263328552246,0.4625,0.4375,5,7
exp04_adam,gen_32,2.8430709838867188,3.5925004482269287,0.74942946434021,0.5125,0.59375,4,4
exp04_adam,gen_33,3.4900341033935547,3.575882911682129,0.08584880828857422,0.5125,0.525,4,4
exp04_adam,gen_34,3.24898624420166,3.530989646911621,0.28200340270996094,0.55625,0.4875,4,3
exp04_adam,gen_35,4.0053582191467285,4.065222263336182,0.059864044189453125,0.55,0.46875,4,6
exp04_adam,gen_36,3.7370636463165283,4.040708541870117,0.30364489555358887,0.5,0.43125,4,8
exp04_adam,gen_37,3.6866281032562256,3.0388998985290527,-0.6477282047271729,0.48125,0.53125,5,4
exp04_adam,gen_38,3.865220069885254,3.391740322113037,-0.4734797477722168,0.525,0.54375,4,5
exp04_adam,gen_39,3.815647840499878,3.7371559143066406,-0.0784919261932373,0.48125,0.50625,3,3
exp04_adam,gen_40,4.002248287200928,3.3050589561462402,-0.6971893310546875,0.3875,0.475,7,4
exp04_adam,gen_41,4.011506080627441,3.7624831199645996,-0.2490229606628418,0.51875,0.5625,3,5
exp04_adam,gen_42,4.098156452178955,3.1339402198791504,-0.9642162322998047,0.33125,0.53125,5,5
exp04_adam,gen_43,4.599629878997803,3.983336925506592,-0.6162929534912109,0.30625,0.41875,6,6
exp04_adam,gen_44,4.669388294219971,3.280017137527466,-1.3893711566925049,0.21875,0.48125,6,4
exp04_adam,gen_45,4.065117359161377,3.573197841644287,-0.49191951751708984,0.3375,0.44375,7,5
exp04_adam,gen_46,3.3702497482299805,3.452298879623413,0.08204913139343262,0.4,0.48125,4,5
exp04_adam,gen_47,3.1293296813964844,4.193364143371582,1.0640344619750977,0.55,0.43125,4,6
exp04_adam,gen_48,4.21737003326416,3.347771644592285,-0.869598388671875,0.25,0.4875,9,4
exp04_adam,gen_49,4.967564105987549,3.614619493484497,-1.3529446125030518,0.34375,0.5375,6,4
exp04_adam,gen_50,3.7145137786865234,3.709336280822754,-0.005177497863769531,0.31875,0.50625,5,4
exp04_adam,gen_51,5.130650043487549,3.6588621139526367,-1.471787929534912,0.26875,0.45,8,3
exp04_adam,gen_52,4.569811820983887,3.7840113639831543,-0.7858004570007324,0.3875,0.5125,5,7
exp04_adam,gen_53,4.184248447418213,3.557044506072998,-0.6272039413452148,0.425,0.4625,6,6
exp04_adam,gen_54,5.347896099090576,3.032231092453003,-2.3156650066375732,0.2625,0.53125,11,3
exp04_adam,gen_55,4.096805095672607,3.6728358268737793,-0.4239692687988281,0.35,0.4375,7,9
exp04_adam,gen_56,3.8653931617736816,3.7354016304016113,-0.1299915313720703,0.4125,0.55625,7,5
exp04_adam,gen_57,4.00723934173584,3.328324556350708,-0.6789147853851318,0.4625,0.53125,4,6
exp04_adam,gen_58,3.75767183303833,3.6186656951904297,-0.1390061378479004,0.4,0.46875,5,4
exp04_adam,gen_59,3.561251640319824,2.875662088394165,-0.6855895519256592,0.375,0.5125,4,4
exp04_adam,gen_60,3.854628562927246,3.7290456295013428,-0.12558293342590332,0.28125,0.50625,8,4
exp04_adam,gen_61,4.994250774383545,3.468198299407959,-1.526052474975586,0.44375,0.5,6,4
exp04_adam,gen_62,3.973851442337036,3.8116166591644287,-0.16223478317260742,0.45625,0.49375,4,6
exp04_adam,gen_63,3.4474966526031494,2.7625575065612793,-0.6849391460418701,0.41875,0.6,6,7
exp04_adam,gen_64,3.2437970638275146,3.5883357524871826,0.34453868865966797,0.5625,0.55,4,3
exp04_adam,gen_65,3.8642499446868896,3.948720932006836,0.08447098731994629,0.3875,0.4375,5,4
exp04_adam,gen_66,4.155545711517334,3.8939199447631836,-0.2616257667541504,0.44375,0.5,3,4
exp04_adam,gen_67,3.005429267883301,3.5585272312164307,0.5530979633331299,0.525,0.48125,3,4
exp04_adam,gen_68,4.233458042144775,3.477018356323242,-0.7564396858215332,0.29375,0.45625,6,3
exp04_adam,gen_69,4.362888813018799,3.3695077896118164,-0.9933810234069824,0.23125,0.475,5,4
exp04_adam,gen_70,4.470205783843994,3.5248751640319824,-0.9453306198120117,0.49375,0.48125,4,5
exp04_adam,gen_71,3.571096897125244,3.1065754890441895,-0.4645214080810547,0.41875,0.525,5,3
exp04_adam,gen_72,3.3477466106414795,3.0497403144836426,-0.2980062961578369,0.48125,0.5125,4,4
exp04_adam,gen_73,3.827397346496582,3.4381089210510254,-0.38928842544555664,0.425,0.49375,5,5
exp04_adam,gen_74,4.064949989318848,4.28081750869751,0.2158675193786621,0.31875,0.44375,8,5
exp04_adam,gen_75,3.0710949897766113,3.115269184112549,0.0441741943359375,0.425,0.56875,5,4
exp04_adam,gen_76,3.064939498901367,2.979309320449829,-0.08563017845153809,0.48125,0.51875,4,3
exp04_adam,gen_77,3.846522092819214,3.2532458305358887,-0.5932762622833252,0.29375,0.5125,6,7
exp04_adam,gen_78,3.5242862701416016,2.969602346420288,-0.5546839237213135,0.51875,0.51875,4,5
exp04_adam,gen_79,3.3073225021362305,3.9379796981811523,0.6306571960449219,0.5,0.49375,5,4
exp04_adam,gen_80,3.7159011363983154,3.731077194213867,0.015176057815551758,0.41875,0.51875,5,5
exp04_adam,gen_81,3.669750928878784,3.308885335922241,-0.36086559295654297,0.5125,0.48125,4,4
exp04_adam,gen_82,3.675697088241577,3.633697748184204,-0.04199934005737305,0.35,0.4875,5,5
exp04_adam,gen_83,3.085902452468872,3.3463258743286133,0.2604234218597412,0.50625,0.4375,4,6
exp04_adam,gen_84,4.684879779815674,3.3289389610290527,-1.355940818786621,0.29375,0.5125,6,5
exp04_adam,gen_85,4.0954461097717285,3.8996875286102295,-0.19575858116149902,0.39375,0.48125,5,4
exp04_adam,gen_86,4.2289910316467285,3.676389694213867,-0.5526013374328613,0.39375,0.5125,5,3
exp04_adam,gen_87,4.240390300750732,3.43399977684021,-0.8063905239105225,0.3,0.48125,10,4
exp04_adam,gen_88,4.502938747406006,3.564540386199951,-0.9383983612060547,0.53125,0.44375,3,5
exp04_adam,gen_89,4.1756367683410645,3.4433224201202393,-0.7323143482208252,0.5375,0.5375,4,3
exp04_adam,gen_90,3.5825443267822266,3.2822341918945312,-0.3003101348876953,0.44375,0.525,4,6
exp04_adam,gen_91,3.0727386474609375,2.9045684337615967,-0.16817021369934082,0.58125,0.525,5,4
exp04_adam,gen_92,2.7436130046844482,3.703420877456665,0.9598078727722168,0.50625,0.53125,4,5
exp04_adam,gen_93,3.5179123878479004,3.5516467094421387,0.03373432159423828,0.4625,0.4875,4,4
exp04_adam,gen_94,3.5565061569213867,3.821803569793701,0.26529741287231445,0.48125,0.50625,4,4
exp04_adam,gen_95,3.237321615219116,3.503627300262451,0.26630568504333496,0.49375,0.50625,3,4
exp04_adam,gen_96,3.9077162742614746,3.310986042022705,-0.5967302322387695,0.45625,0.5375,4,4
exp04_adam,gen_97,4.264923095703125,4.234681606292725,-0.03024148941040039,0.3375,0.45625,5,4
exp04_adam,gen_98,4.054224967956543,3.607774257659912,-0.44645071029663086,0.36875,0.53125,6,4
exp04_adam,gen_99,4.103880882263184,3.3100972175598145,-0.7937836647033691,0.3625,0.5,8,4
exp05_sine,gen_0,3.8781626224517822,3.771597385406494,-0.10656523704528809,0.4,0.4625,6,5
exp05_sine,gen_1,4.406768798828125,4.394113540649414,-0.012655258178710938,0.25625,0.3,5,7
exp05_sine,gen_2,4.1256022453308105,4.253147602081299,0.12754535675048828,0.31875,0.33125,5,5
exp05_sine,gen_3,4.998460292816162,3.4768786430358887,-1.5215816497802734,0.2625,0.56875,18,3
exp05_sine,gen_4,3.6139798164367676,3.970376491546631,0.3563966751098633,0.36875,0.31875,4,7
exp05_sine,gen_5,3.720801591873169,3.6882057189941406,-0.03259587287902832,0.4125,0.46875,4,3
exp05_sine,gen_6,3.5015478134155273,4.160953044891357,0.6594052314758301,0.40625,0.4,5,5
exp05_sine,gen_7,4.399189472198486,4.189813137054443,-0.20937633514404297,0.375,0.325,5,8
exp05_sine,gen_8,5.414304733276367,3.493868589401245,-1.920436143875122,0.3375,0.46875,5,3
exp05_sine,gen_9,4.207231044769287,3.3380298614501953,-0.8692011833190918,0.54375,0.5,3,4
exp05_sine,gen_10,5.25274658203125,5.074904918670654,-0.1778416633605957,0.45,0.56875,4,5
exp05_sine,gen_11,3.3611621856689453,3.435244083404541,0.0740818977355957,0.4375,0.55625,4,5
exp05_sine,gen_12,3.9039013385772705,4.282853126525879,0.3789517879486084,0.29375,0.4875,5,5
exp05_sine,gen_13,4.385517120361328,3.4107377529144287,-0.9747793674468994,0.53125,0.58125,5,4
exp05_sine,gen_14,4.204540252685547,3.92045521736145,-0.2840850353240967,0.45625,0.3,3,12
exp05_sine,gen_15,3.247938632965088,4.833439350128174,1.585500717163086,0.4375,0.35625,5,8
exp05_sine,gen_16,4.111124515533447,5.43134069442749,1.320216178894043,0.46875,0.4875,5,5
exp05_sine,gen_17,4.11831521987915,4.725931644439697,0.6076164245605469,0.39375,0.3,11,4
exp05_sine,gen_18,4.292724609375,5.08134126663208,0.7886166572570801,0.4875,0.28125,4,6
exp05_sine,gen_19,4.426778793334961,3.832517623901367,-0.5942611694335938,0.3,0.3375,8,6
exp05_sine,gen_20,4.17429256439209,4.742141246795654,0.5678486824035645,0.51875,0.26875,4,6
exp05_sine,gen_21,3.778913974761963,3.9569811820983887,0.17806720733642578,0.4375,0.41875,6,5
exp05_sine,gen_22,5.080411434173584,4.519209861755371,-0.5612015724182129,0.24375,0.475,12,4
exp05_sine,gen_23,4.739309787750244,3.938270092010498,-0.8010396957397461,0.25625,0.4625,6,4
exp05_sine,gen_24,3.2459349632263184,4.120431423187256,0.8744964599609375,0.51875,0.2875,4,9
exp05_sine,gen_25,4.436044692993164,3.5486185550689697,-0.8874261379241943,0.23125,0.425,8,4
exp05_sine,gen_26,4.148049831390381,3.9305641651153564,-0.21748566627502441,0.28125,0.45625,5,5
exp05_sine,gen_27,4.260413646697998,4.341688632965088,0.08127498626708984,0.43125,0.45625,6,6
exp05_sine,gen_28,4.390622615814209,3.8390002250671387,-0.5516223907470703,0.3625,0.5375,5,4
exp05_sine,gen_29,3.981372356414795,3.6698899269104004,-0.31148242950439453,0.3125,0.3875,11,4
exp05_sine,gen_30,3.0079452991485596,4.531827926635742,1.5238826274871826,0.54375,0.475,8,6
exp05_sine,gen_31,4.493686676025391,4.286789417266846,-0.20689725875854492,0.4625,0.40625,5,5
exp05_sine,gen_32,2.8430709838867188,3.3131723403930664,0.47010135650634766,0.5125,0.45625,4,4
exp05_sine,gen_33,3.4900341033935547,3.3376526832580566,-0.15238142013549805,0.5125,0.4625,4,7
exp05_sine,gen_34,3.24898624420166,4.919417858123779,1.6704316139221191,0.55625,0.54375,4,8
exp05_sine,gen_35,4.0053582191467285,3.5375428199768066,-0.4678153991699219,0.55,0.4375,4,5
exp05_sine,gen_36,3.7370636463165283,3.2809391021728516,-0.45612454414367676,0.5,0.4875,4,4
exp05_sine,gen_37,3.6866281032562256,3.220642566680908,-0.4659855365753174,0.48125,0.41875,5,4
exp05_sine,gen_38,3.865220069885254,3.614189624786377,-0.25103044509887695,0.525,0.375,4,8
exp05_sine,gen_39,3.815647840499878,5.488882541656494,1.6732347011566162,0.48125,0.375,3,7
exp05_sine,gen_40,4.002248287200928,3.5484254360198975,-0.4538228511810303,0.3875,0.50625,7,4
exp05_sine,gen_41,4.011506080627441,3.419586658477783,-0.5919194221496582,0.51875,0.425,3,4
exp05_sine,gen_42,4.098156452178955,3.4854793548583984,-0.6126770973205566,0.33125,0.49375,5,4
exp05_sine,gen_43,4.599629878997803,3.629969596862793,-0.9696602821350098,0.30625,0.36875,6,4
exp05_sine,gen_44,4.669388294219971,3.7058348655700684,-0.9635534286499023,0.21875,0.425,6,4
exp05_sine,gen_45,4.065117359161377,4.3232855796813965,0.25816822052001953,0.3375,0.45,7,4
exp05_sine,gen_46,3.3702497482299805,4.9024882316589355,1.532238483428955,0.4,0.5125,4,6
exp05_sine,gen_47,3.1293296813964844,3.5900707244873047,0.4607410430908203,0.55,0.58125,4,4
exp05_sine,gen_48,4.21737003326416,3.8392529487609863,-0.37811708450317383,0.25,0.45,9,6
exp05_sine,gen_49,4.967564105987549,5.147009372711182,0.1794452667236328,0.34375,0.41875,6,7
exp05_sine,gen_50,3.7145137786865234,3.708059310913086,-0.0064544677734375,0.31875,0.43125,5,4
exp05_sine,gen_51,5.130650043487549,3.132200241088867,-1.9984498023986816,0.26875,0.5,8,5
exp05_sine,gen_52,4.569811820983887,4.265464782714844,-0.30434703826904297,0.3875,0.51875,5,3
exp05_sine,gen_53,4.184248447418213,5.194941997528076,1.0106935501098633,0.425,0.16875,6,8
exp05_sine,gen_54,5.347896099090576,3.854290008544922,-1.4936060905456543,0.2625,0.4875,11,5
exp05_sine,gen_55,4.096805095672607,4.469045639038086,0.3722405433654785,0.35,0.51875,7,4
exp05_sine,gen_56,3.8653931617736816,4.131514549255371,0.26612138748168945,0.4125,0.45625,7,6
exp05_sine,gen_57,4.00723934173584,3.9255011081695557,-0.08173823356628418,0.4625,0.36875,4,5
exp05_sine,gen_58,3.75767183303833,4.359861373901367,0.6021895408630371,0.4,0.4375,5,4
exp05_sine,gen_59,3.561251640319824,4.984144687652588,1.4228930473327637,0.375,0.325,4,7
exp05_sine,gen_60,3.854628562927246,4.57975959777832,0.7251310348510742,0.28125,0.4125,8,7
exp05_sine,gen_61,4.994250774383545,3.743211269378662,-1.2510395050048828,0.44375,0.5125,6,4
exp05_sine,gen_62,3.973851442337036,5.299184322357178,1.3253328800201416,0.45625,0.325,4,6
exp05_sine,gen_63,3.4474966526031494,3.1618480682373047,-0.2856485843658447,0.41875,0.50625,6,4
exp05_sine,gen_64,3.2437970638275146,4.064748287200928,0.8209512233734131,0.5625,0.4625,4,6
exp05_sine,gen_65,3.8642499446868896,4.775814533233643,0.9115645885467529,0.3875,0.39375,5,5
exp05_sine,gen_66,4.155545711517334,3.6501736640930176,-0.5053720474243164,0.44375,0.40625,3,5
exp05_sine,gen_67,3.005429267883301,4.366509437561035,1.3610801696777344,0.525,0.3125,3,5
exp05_sine,gen_68,4.233458042144775,4.901272296905518,0.6678142547607422,0.29375,0.35,6,5
exp05_sine,gen_69,4.362888813018799,3.2209572792053223,-1.1419315338134766,0.23125,0.46875,5,7
exp05_sine,gen_70,4.470205783843994,3.8194644451141357,-0.6507413387298584,0.49375,0.4875,4,5
exp05_sine,gen_71,3.571096897125244,4.435130596160889,0.8640336990356445,0.41875,0.3875,5,7
exp05_sine,gen_72,3.3477466106414795,3.284864902496338,-0.0628817081451416,0.48125,0.55,4,3
exp05_sine,gen_73,3.827397346496582,4.174290657043457,0.346893310546875,0.425,0.3375,5,5
exp05_sine,gen_74,4.064949989318848,3.2435736656188965,-0.8213763236999512,0.31875,0.4625,8,5
exp05_sine,gen_75,3.0710949897766113,4.710380554199219,1.6392855644226074,0.425,0.28125,5,8
exp05_sine,gen_76,3.064939498901367,3.779163122177124,0.7142236232757568,0.48125,0.3875,4,5
exp05_sine,gen_77,3.846522092819214,3.6502392292022705,-0.19628286361694336,0.29375,0.45,6,5
exp05_sine,gen_78,3.5242862701416016,5.350006103515625,1.8257198333740234,0.51875,0.4,4,4
exp05_sine,gen_79,3.3073225021362305,4.575117588043213,1.2677950859069824,0.5,0.46875,5,7
exp05_sine,gen_80,3.7159011363983154,4.684312343597412,0.9684112071990967,0.41875,0.31875,5,5
exp05_sine,gen_81,3.669750928878784,5.061211109161377,1.3914601802825928,0.5125,0.45,4,4
exp05_sine,gen_82,3.675697088241577,3.9932031631469727,0.3175060749053955,0.35,0.325,5,4
exp05_sine,gen_83,3.085902452468872,4.115588188171387,1.0296857357025146,0.50625,0.4625,4,5
exp05_sine,gen_84,4.684879779815674,4.189497470855713,-0.49538230895996094,0.29375,0.35625,6,13
exp05_sine,gen_85,4.0954461097717285,4.0533246994018555,-0.04212141036987305,0.39375,0.43125,5,6
exp05_sine,gen_86,4.2289910316467285,4.9757232666015625,0.746732234954834,0.39375,0.3375,5,5
exp05_sine,gen_87,4.240390300750732,4.6384406089782715,0.39805030822753906,0.3,0.275,10,6
exp05_sine,gen_88,4.502938747406006,3.3285670280456543,-1.1743717193603516,0.53125,0.5,3,4
exp05_sine,gen_89,4.1756367683410645,3.7902755737304688,-0.3853611946105957,0.5375,0.5,4,3
exp05_sine,gen_90,3.5825443267822266,4.115922451019287,0.5333781242370605,0.44375,0.39375,4,5
exp05_sine,gen_91,3.0727386474609375,3.646298885345459,0.5735602378845215,0.58125,0.48125,5,5
exp05_sine,gen_92,2.7436130046844482,3.6970767974853516,0.9534637928009033,0.50625,0.425,4,6
exp05_sine,gen_93,3.5179123878479004,4.585551738739014,1.0676393508911133,0.4625,0.46875,4,5
exp05_sine,gen_94,3.5565061569213867,4.392752170562744,0.8362460136413574,0.48125,0.3625,4,4
exp05_sine,gen_95,3.237321615219116,3.8016490936279297,0.5643274784088135,0.49375,0.4625,3,4
exp05_sine,gen_96,3.9077162742614746,5.6630988121032715,1.7553825378417969,0.45625,0.30625,4,18
exp05_sine,gen_97,4.264923095703125,3.3695497512817383,-0.8953733444213867,0.3375,0.55625,5,3
exp05_sine,gen_98,4.054224967956543,3.871143341064453,-0.18308162689208984,0.36875,0.34375,6,5
exp05_sine,gen_99,4.103880882263184,5.101197719573975,0.997316837310791,0.3625,0.25625,8,5
exp06_poststep,gen_0,3.8781626224517822,6.297739505767822,2.41957688331604,0.4,0.3875,6,5
exp06_poststep,gen_1,4.406768798828125,5.800896167755127,1.394127368927002,0.25625,0.29375,5,7
exp06_poststep,gen_2,4.1256022453308105,4.758716106414795,0.6331138610839844,0.31875,0.31875,5,5
exp06_poststep,gen_3,4.998460292816162,4.211965084075928,-0.7864952087402344,0.2625,0.5625,18,3
exp06_poststep,gen_4,3.6139798164367676,4.107156276702881,0.4931764602661133,0.36875,0.2875,4,8
exp06_poststep,gen_5,3.720801591873169,4.472075939178467,0.7512743473052979,0.4125,0.43125,4,4
exp06_poststep,gen_6,3.5015478134155273,5.746016025543213,2.2444682121276855,0.40625,0.375,5,5
exp06_poststep,gen_7,4.399189472198486,4.467733860015869,0.06854438781738281,0.375,0.35,5,8
exp06_poststep,gen_8,5.414304733276367,4.63595724105835,-0.7783474922180176,0.3375,0.44375,5,3
exp06_poststep,gen_9,4.207231044769287,5.0343499183654785,0.8271188735961914,0.54375,0.4625,3,5
exp06_poststep,gen_10,5.25274658203125,6.298096179962158,1.0453495979309082,0.45,0.55,4,5
exp06_poststep,gen_11,3.3611621856689453,4.053262710571289,0.6921005249023438,0.4375,0.5375,4,5
exp06_poststep,gen_12,3.9039013385772705,4.9232354164123535,1.019334077835083,0.29375,0.475,5,5
exp06_poststep,gen_13,4.385517120361328,4.341344356536865,-0.04417276382446289,0.53125,0.5375,5,4
exp06_poststep,gen_14,4.204540252685547,4.73171854019165,0.5271782875061035,0.45625,0.275,3,12
exp06_poststep,gen_15,3.247938632965088,5.244439601898193,1.9965009689331055,0.4375,0.3625,5,8
exp06_poststep,gen_16,4.111124515533447,4.868313312530518,0.7571887969970703,0.46875,0.4625,5,5
exp06_poststep,gen_17,4.11831521987915,5.170256614685059,1.0519413948059082,0.39375,0.28125,11,5
exp06_poststep,gen_18,4.292724609375,5.531161785125732,1.2384371757507324,0.4875,0.2625,4,6
exp06_poststep,gen_19,4.426778793334961,4.629638195037842,0.20285940170288086,0.3,0.29375,8,6
exp06_poststep,gen_20,4.17429256439209,4.717687129974365,0.5433945655822754,0.51875,0.2125,4,7
exp06_poststep,gen_21,3.778913974761963,4.7565016746521,0.9775876998901367,0.4375,0.38125,6,5
exp06_poststep,gen_22,5.080411434173584,5.49636697769165,0.4159555435180664,0.24375,0.45625,12,6
exp06_poststep,gen_23,4.739309787750244,5.055367946624756,0.3160581588745117,0.25625,0.45625,6,4
exp06_poststep,gen_24,3.2459349632263184,4.849443435668945,1.603508472442627,0.51875,0.24375,4,10
exp06_poststep,gen_25,4.436044692993164,4.124721050262451,-0.3113236427307129,0.23125,0.40625,8,4
exp06_poststep,gen_26,4.148049831390381,4.4379658699035645,0.2899160385131836,0.28125,0.40625,5,4
exp06_poststep,gen_27,4.260413646697998,4.867778778076172,0.6073651313781738,0.43125,0.41875,6,6
exp06_poststep,gen_28,4.390622615814209,4.3701300621032715,-0.0204925537109375,0.3625,0.5375,5,3
exp06_poststep,gen_29,3.981372356414795,5.468043804168701,1.4866714477539062,0.3125,0.3375,11,6
exp06_poststep,gen_30,3.0079452991485596,5.835641860961914,2.8276965618133545,0.54375,0.425,8,6
exp06_poststep,gen_31,4.493686676025391,4.793623447418213,0.29993677139282227,0.4625,0.39375,5,5
exp06_poststep,gen_32,2.8430709838867188,4.121623516082764,1.278552532196045,0.5125,0.36875,4,5
exp06_poststep,gen_33,3.4900341033935547,3.69561767578125,0.2055835723876953,0.5125,0.4,4,7
exp06_poststep,gen_34,3.24898624420166,5.306323051452637,2.0573368072509766,0.55625,0.51875,4,5
exp06_poststep,gen_35,4.0053582191467285,3.8780364990234375,-0.12732172012329102,0.55,0.375,4,6
exp06_poststep,gen_36,3.7370636463165283,3.699247121810913,-0.037816524505615234,0.5,0.4875,4,4
exp06_poststep,gen_37,3.6866281032562256,4.06083869934082,0.3742105960845947,0.48125,0.4125,5,4
exp06_poststep,gen_38,3.865220069885254,4.011734962463379,0.146514892578125,0.525,0.38125,4,8
exp06_poststep,gen_39,3.815647840499878,5.765664577484131,1.950016736984253,0.48125,0.375,3,7
exp06_poststep,gen_40,4.002248287200928,4.970892429351807,0.9686441421508789,0.3875,0.475,7,4
exp06_poststep,gen_41,4.011506080627441,4.10744571685791,0.09593963623046875,0.51875,0.40625,3,5
exp06_poststep,gen_42,4.098156452178955,4.690286159515381,0.5921297073364258,0.33125,0.46875,5,6
exp06_poststep,gen_43,4.599629878997803,5.022003173828125,0.42237329483032227,0.30625,0.375,6,4
exp06_poststep,gen_44,4.669388294219971,4.425382137298584,-0.24400615692138672,0.21875,0.325,6,9
exp06_poststep,gen_45,4.065117359161377,4.4552435874938965,0.39012622833251953,0.3375,0.44375,7,5
exp06_poststep,gen_46,3.3702497482299805,5.179190158843994,1.8089404106140137,0.4,0.5,4,6
exp06_poststep,gen_47,3.1293296813964844,4.813888072967529,1.684558391571045,0.55,0.55625,4,3
exp06_poststep,gen_48,4.21737003326416,4.9912872314453125,0.7739171981811523,0.25,0.4375,9,6
exp06_poststep,gen_49,4.967564105987549,5.935133457183838,0.9675693511962891,0.34375,0.38125,6,5
exp06_poststep,gen_50,3.7145137786865234,4.5768723487854,0.862358570098877,0.31875,0.4,5,5
exp06_poststep,gen_51,5.130650043487549,3.7766029834747314,-1.3540470600128174,0.26875,0.4375,8,6
exp06_poststep,gen_52,4.569811820983887,3.730440855026245,-0.8393709659576416,0.3875,0.55,5,3
exp06_poststep,gen_53,4.184248447418213,5.4348859786987305,1.2506375312805176,0.425,0.15,6,9
exp06_poststep,gen_54,5.347896099090576,5.674154758453369,0.32625865936279297,0.2625,0.48125,11,4
exp06_poststep,gen_55,4.096805095672607,5.507055282592773,1.410250186920166,0.35,0.51875,7,4
exp06_poststep,gen_56,3.8653931617736816,5.862008571624756,1.9966154098510742,0.4125,0.41875,7,5
exp06_poststep,gen_57,4.00723934173584,4.196071624755859,0.18883228302001953,0.4625,0.35,4,5
exp06_poststep,gen_58,3.75767183303833,5.202387809753418,1.444715976715088,0.4,0.425,5,4
exp06_poststep,gen_59,3.561251640319824,5.378297328948975,1.8170456886291504,0.375,0.3,4,7
exp06_poststep,gen_60,3.854628562927246,4.678526401519775,0.8238978385925293,0.28125,0.38125,8,7
exp06_poststep,gen_61,4.994250774383545,5.296765327453613,0.30251455307006836,0.44375,0.51875,6,5
exp06_poststep,gen_62,3.973851442337036,6.503870487213135,2.5300190448760986,0.45625,0.26875,4,10
exp06_poststep,gen_63,3.4474966526031494,4.702798843383789,1.2553021907806396,0.41875,0.48125,6,3
exp06_poststep,gen_64,3.2437970638275146,4.880209922790527,1.6364128589630127,0.5625,0.425,4,6
exp06_poststep,gen_65,3.8642499446868896,4.563314914703369,0.6990649700164795,0.3875,0.4,5,5
exp06_poststep,gen_66,4.155545711517334,4.8016743659973145,0.6461286544799805,0.44375,0.375,3,5
exp06_poststep,gen_67,3.005429267883301,4.537532329559326,1.5321030616760254,0.525,0.29375,3,10
exp06_poststep,gen_68,4.233458042144775,5.154465198516846,0.9210071563720703,0.29375,0.30625,6,6
exp06_poststep,gen_69,4.362888813018799,4.327820301055908,-0.035068511962890625,0.23125,0.4375,5,7
exp06_poststep,gen_70,4.470205783843994,5.543351650238037,1.073145866394043,0.49375,0.4375,4,3
exp06_poststep,gen_71,3.571096897125244,5.452003479003906,1.880906581878662,0.41875,0.33125,5,7
exp06_poststep,gen_72,3.3477466106414795,4.3388190269470215,0.991072416305542,0.48125,0.525,4,4
exp06_poststep,gen_73,3.827397346496582,5.1671857833862305,1.3397884368896484,0.425,0.2875,5,6
exp06_poststep,gen_74,4.064949989318848,4.411750316619873,0.3468003273010254,0.31875,0.425,8,4
exp06_poststep,gen_75,3.0710949897766113,5.122778415679932,2.0516834259033203,0.425,0.24375,5,8
exp06_poststep,gen_76,3.064939498901367,5.007509708404541,1.9425702095031738,0.48125,0.4,4,7
exp06_poststep,gen_77,3.846522092819214,4.218237400054932,0.3717153072357178,0.29375,0.4375,6,6
exp06_poststep,gen_78,3.5242862701416016,6.763926982879639,3.239640712738037,0.51875,0.4125,4,4
exp06_poststep,gen_79,3.3073225021362305,5.430300235748291,2.1229777336120605,0.5,0.46875,5,7
exp06_poststep,gen_80,3.7159011363983154,5.245799541473389,1.5298984050750732,0.41875,0.3125,5,7
exp06_poststep,gen_81,3.669750928878784,6.167486667633057,2.4977357387542725,0.5125,0.43125,4,4
exp06_poststep,gen_82,3.675697088241577,5.693997859954834,2.018300771713257,0.35,0.275,5,6
exp06_poststep,gen_83,3.085902452468872,4.845035552978516,1.7591331005096436,0.50625,0.44375,4,5
exp06_poststep,gen_84,4.684879779815674,4.497714519500732,-0.1871652603149414,0.29375,0.325,6,13
exp06_poststep,gen_85,4.0954461097717285,5.305354595184326,1.2099084854125977,0.39375,0.3875,5,6
exp06_poststep,gen_86,4.2289910316467285,5.501739978790283,1.2727489471435547,0.39375,0.325,5,6
exp06_poststep,gen_87,4.240390300750732,5.073073863983154,0.8326835632324219,0.3,0.2375,10,6
exp06_poststep,gen_88,4.502938747406006,4.549677848815918,0.04673910140991211,0.53125,0.50625,3,4
exp06_poststep,gen_89,4.1756367683410645,4.341217994689941,0.16558122634887695,0.5375,0.43125,4,5
exp06_poststep,gen_90,3.5825443267822266,4.72754430770874,1.1449999809265137,0.44375,0.39375,4,4
exp06_poststep,gen_91,3.0727386474609375,3.7547993659973145,0.682060718536377,0.58125,0.45,5,5
exp06_poststep,gen_92,2.7436130046844482,4.81117582321167,2.0675628185272217,0.50625,0.375,4,6
exp06_poststep,gen_93,3.5179123878479004,4.961601734161377,1.4436893463134766,0.4625,0.4,4,6
exp06_poststep,gen_94,3.5565061569213867,5.628879547119141,2.072373390197754,0.48125,0.325,4,6
exp06_poststep,gen_95,3.237321615219116,4.968853950500488,1.731532335281372,0.49375,0.4375,3,6
exp06_poststep,gen_96,3.9077162742614746,6.0605292320251465,2.152812957763672,0.45625,0.30625,4,18
exp06_poststep,gen_97,4.264923095703125,5.019140720367432,0.7542176246643066,0.3375,0.51875,5,3
exp06_poststep,gen_98,4.054224967956543,4.253593921661377,0.19936895370483398,0.36875,0.34375,6,8
exp06_poststep,gen_99,4.103880882263184,5.182051658630371,1.0781707763671875,0.3625,0.29375,8,5
