case_id,weight_sixmer,weight_gc,weight_position,weight_quantity,model,epoch,rank_composite_score,is_co_winner,is_unique_winner
1,0.1,0.1,0.1,0.7,DDPM,1800,81.66666666666666,1,1
1,0.1,0.1,0.1,0.7,DiT,1200,65.0,0,0
1,0.1,0.1,0.1,0.7,DiT,1050,80.0,0,0
1,0.1,0.1,0.1,0.7,DDPM,900,13.333333333333334,0,0
1,0.1,0.1,0.1,0.7,DDPM,2000,40.0,0,0
1,0.1,0.1,0.1,0.7,UViT-v2 config4,1900,25.0,0,0
1,0.1,0.1,0.1,0.7,UViT-v2 config4,1800,45.0,0,0
2,0.1,0.1,0.2,0.6,DDPM,1800,80.0,1,1
2,0.1,0.1,0.2,0.6,DiT,1200,60.0,0,0
2,0.1,0.1,0.2,0.6,DiT,1050,73.33333333333334,0,0
2,0.1,0.1,0.2,0.6,DDPM,900,18.333333333333336,0,0
2,0.1,0.1,0.2,0.6,DDPM,2000,36.66666666666667,0,0
2,0.1,0.1,0.2,0.6,UViT-v2 config4,1900,31.666666666666668,0,0
2,0.1,0.1,0.2,0.6,UViT-v2 config4,1800,50.0,0,0
3,0.1,0.1,0.3,0.5,DDPM,1800,78.33333333333334,1,1
3,0.1,0.1,0.3,0.5,DiT,1200,55.0,0,0
3,0.1,0.1,0.3,0.5,DiT,1050,66.66666666666667,0,0
3,0.1,0.1,0.3,0.5,DDPM,900,23.333333333333336,0,0
3,0.1,0.1,0.3,0.5,DDPM,2000,33.333333333333336,0,0
3,0.1,0.1,0.3,0.5,UViT-v2 config4,1900,38.33333333333333,0,0
3,0.1,0.1,0.3,0.5,UViT-v2 config4,1800,55.0,0,0
4,0.1,0.1,0.4,0.4,DDPM,1800,76.66666666666669,1,1
4,0.1,0.1,0.4,0.4,DiT,1200,50.00000000000001,0,0
4,0.1,0.1,0.4,0.4,DiT,1050,60.0,0,0
4,0.1,0.1,0.4,0.4,DDPM,900,28.333333333333336,0,0
4,0.1,0.1,0.4,0.4,DDPM,2000,30.000000000000004,0,0
4,0.1,0.1,0.4,0.4,UViT-v2 config4,1900,45.0,0,0
4,0.1,0.1,0.4,0.4,UViT-v2 config4,1800,60.0,0,0
5,0.1,0.1,0.5,0.3,DDPM,1800,75.0,1,1
5,0.1,0.1,0.5,0.3,DiT,1200,45.0,0,0
5,0.1,0.1,0.5,0.3,DiT,1050,53.333333333333336,0,0
5,0.1,0.1,0.5,0.3,DDPM,900,33.333333333333336,0,0
5,0.1,0.1,0.5,0.3,DDPM,2000,26.666666666666668,0,0
5,0.1,0.1,0.5,0.3,UViT-v2 config4,1900,51.666666666666664,0,0
5,0.1,0.1,0.5,0.3,UViT-v2 config4,1800,65.0,0,0
6,0.1,0.1,0.6,0.2,DDPM,1800,73.33333333333334,1,1
6,0.1,0.1,0.6,0.2,DiT,1200,40.0,0,0
6,0.1,0.1,0.6,0.2,DiT,1050,46.66666666666667,0,0
6,0.1,0.1,0.6,0.2,DDPM,900,38.333333333333336,0,0
6,0.1,0.1,0.6,0.2,DDPM,2000,23.333333333333336,0,0
6,0.1,0.1,0.6,0.2,UViT-v2 config4,1900,58.33333333333333,0,0
6,0.1,0.1,0.6,0.2,UViT-v2 config4,1800,70.0,0,0
7,0.1,0.1,0.7,0.1,DDPM,1800,71.66666666666666,0,0
7,0.1,0.1,0.7,0.1,DiT,1200,35.0,0,0
7,0.1,0.1,0.7,0.1,DiT,1050,40.0,0,0
7,0.1,0.1,0.7,0.1,DDPM,900,43.333333333333336,0,0
7,0.1,0.1,0.7,0.1,DDPM,2000,20.0,0,0
7,0.1,0.1,0.7,0.1,UViT-v2 config4,1900,65.0,0,0
7,0.1,0.1,0.7,0.1,UViT-v2 config4,1800,75.0,1,1
8,0.1,0.2,0.1,0.6,DDPM,1800,80.0,1,1
8,0.1,0.2,0.1,0.6,DiT,1200,66.66666666666667,0,0
8,0.1,0.2,0.1,0.6,DiT,1050,71.66666666666667,0,0
8,0.1,0.2,0.1,0.6,DDPM,900,18.333333333333336,0,0
8,0.1,0.2,0.1,0.6,DDPM,2000,46.66666666666667,0,0
8,0.1,0.2,0.1,0.6,UViT-v2 config4,1900,26.66666666666667,0,0
8,0.1,0.2,0.1,0.6,UViT-v2 config4,1800,40.0,0,0
9,0.1,0.2,0.2,0.5,DDPM,1800,78.33333333333334,1,1
9,0.1,0.2,0.2,0.5,DiT,1200,61.66666666666667,0,0
9,0.1,0.2,0.2,0.5,DiT,1050,65.0,0,0
9,0.1,0.2,0.2,0.5,DDPM,900,23.333333333333336,0,0
9,0.1,0.2,0.2,0.5,DDPM,2000,43.333333333333336,0,0
9,0.1,0.2,0.2,0.5,UViT-v2 config4,1900,33.333333333333336,0,0
9,0.1,0.2,0.2,0.5,UViT-v2 config4,1800,45.0,0,0
10,0.1,0.2,0.3,0.4,DDPM,1800,76.66666666666667,1,1
10,0.1,0.2,0.3,0.4,DiT,1200,56.66666666666667,0,0
10,0.1,0.2,0.3,0.4,DiT,1050,58.333333333333336,0,0
10,0.1,0.2,0.3,0.4,DDPM,900,28.333333333333336,0,0
10,0.1,0.2,0.3,0.4,DDPM,2000,40.0,0,0
10,0.1,0.2,0.3,0.4,UViT-v2 config4,1900,40.0,0,0
10,0.1,0.2,0.3,0.4,UViT-v2 config4,1800,50.0,0,0
11,0.1,0.2,0.4,0.3,DDPM,1800,75.0,1,1
11,0.1,0.2,0.4,0.3,DiT,1200,51.66666666666667,0,0
11,0.1,0.2,0.4,0.3,DiT,1050,51.66666666666667,0,0
11,0.1,0.2,0.4,0.3,DDPM,900,33.333333333333336,0,0
11,0.1,0.2,0.4,0.3,DDPM,2000,36.66666666666667,0,0
11,0.1,0.2,0.4,0.3,UViT-v2 config4,1900,46.66666666666667,0,0
11,0.1,0.2,0.4,0.3,UViT-v2 config4,1800,55.0,0,0
12,0.1,0.2,0.5,0.2,DDPM,1800,73.33333333333334,1,1
12,0.1,0.2,0.5,0.2,DiT,1200,46.66666666666667,0,0
12,0.1,0.2,0.5,0.2,DiT,1050,45.0,0,0
12,0.1,0.2,0.5,0.2,DDPM,900,38.333333333333336,0,0
12,0.1,0.2,0.5,0.2,DDPM,2000,33.333333333333336,0,0
12,0.1,0.2,0.5,0.2,UViT-v2 config4,1900,53.333333333333336,0,0
12,0.1,0.2,0.5,0.2,UViT-v2 config4,1800,60.0,0,0
13,0.1,0.2,0.6,0.1,DDPM,1800,71.66666666666667,1,1
13,0.1,0.2,0.6,0.1,DiT,1200,41.66666666666667,0,0
13,0.1,0.2,0.6,0.1,DiT,1050,38.333333333333336,0,0
13,0.1,0.2,0.6,0.1,DDPM,900,43.333333333333336,0,0
13,0.1,0.2,0.6,0.1,DDPM,2000,30.0,0,0
13,0.1,0.2,0.6,0.1,UViT-v2 config4,1900,59.99999999999999,0,0
13,0.1,0.2,0.6,0.1,UViT-v2 config4,1800,65.0,0,0
14,0.1,0.3,0.1,0.5,DDPM,1800,78.33333333333334,1,1
14,0.1,0.3,0.1,0.5,DiT,1200,68.33333333333333,0,0
14,0.1,0.3,0.1,0.5,DiT,1050,63.333333333333336,0,0
14,0.1,0.3,0.1,0.5,DDPM,900,23.333333333333336,0,0
14,0.1,0.3,0.1,0.5,DDPM,2000,53.33333333333334,0,0
14,0.1,0.3,0.1,0.5,UViT-v2 config4,1900,28.333333333333336,0,0
14,0.1,0.3,0.1,0.5,UViT-v2 config4,1800,35.0,0,0
15,0.1,0.3,0.2,0.4,DDPM,1800,76.66666666666667,1,1
15,0.1,0.3,0.2,0.4,DiT,1200,63.333333333333336,0,0
15,0.1,0.3,0.2,0.4,DiT,1050,56.66666666666667,0,0
15,0.1,0.3,0.2,0.4,DDPM,900,28.333333333333336,0,0
15,0.1,0.3,0.2,0.4,DDPM,2000,50.00000000000001,0,0
15,0.1,0.3,0.2,0.4,UViT-v2 config4,1900,35.0,0,0
15,0.1,0.3,0.2,0.4,UViT-v2 config4,1800,40.0,0,0
16,0.1,0.3,0.3,0.3,DDPM,1800,75.0,1,1
16,0.1,0.3,0.3,0.3,DiT,1200,58.33333333333333,0,0
16,0.1,0.3,0.3,0.3,DiT,1050,50.0,0,0
16,0.1,0.3,0.3,0.3,DDPM,900,33.333333333333336,0,0
16,0.1,0.3,0.3,0.3,DDPM,2000,46.66666666666667,0,0
16,0.1,0.3,0.3,0.3,UViT-v2 config4,1900,41.666666666666664,0,0
16,0.1,0.3,0.3,0.3,UViT-v2 config4,1800,45.0,0,0
17,0.1,0.3,0.4,0.2,DDPM,1800,73.33333333333334,1,1
17,0.1,0.3,0.4,0.2,DiT,1200,53.333333333333336,0,0
17,0.1,0.3,0.4,0.2,DiT,1050,43.333333333333336,0,0
17,0.1,0.3,0.4,0.2,DDPM,900,38.333333333333336,0,0
17,0.1,0.3,0.4,0.2,DDPM,2000,43.33333333333334,0,0
17,0.1,0.3,0.4,0.2,UViT-v2 config4,1900,48.333333333333336,0,0
17,0.1,0.3,0.4,0.2,UViT-v2 config4,1800,50.0,0,0
18,0.1,0.3,0.5,0.1,DDPM,1800,71.66666666666667,1,1
18,0.1,0.3,0.5,0.1,DiT,1200,48.33333333333333,0,0
18,0.1,0.3,0.5,0.1,DiT,1050,36.66666666666667,0,0
18,0.1,0.3,0.5,0.1,DDPM,900,43.333333333333336,0,0
18,0.1,0.3,0.5,0.1,DDPM,2000,40.00000000000001,0,0
18,0.1,0.3,0.5,0.1,UViT-v2 config4,1900,54.99999999999999,0,0
18,0.1,0.3,0.5,0.1,UViT-v2 config4,1800,55.0,0,0
19,0.1,0.4,0.1,0.4,DDPM,1800,76.66666666666669,1,1
19,0.1,0.4,0.1,0.4,DiT,1200,70.0,0,0
19,0.1,0.4,0.1,0.4,DiT,1050,55.0,0,0
19,0.1,0.4,0.1,0.4,DDPM,900,28.333333333333336,0,0
19,0.1,0.4,0.1,0.4,DDPM,2000,60.00000000000001,0,0
19,0.1,0.4,0.1,0.4,UViT-v2 config4,1900,30.000000000000004,0,0
19,0.1,0.4,0.1,0.4,UViT-v2 config4,1800,30.0,0,0
20,0.1,0.4,0.2,0.3,DDPM,1800,75.0,1,1
20,0.1,0.4,0.2,0.3,DiT,1200,65.0,0,0
20,0.1,0.4,0.2,0.3,DiT,1050,48.333333333333336,0,0
20,0.1,0.4,0.2,0.3,DDPM,900,33.333333333333336,0,0
20,0.1,0.4,0.2,0.3,DDPM,2000,56.66666666666667,0,0
20,0.1,0.4,0.2,0.3,UViT-v2 config4,1900,36.66666666666667,0,0
20,0.1,0.4,0.2,0.3,UViT-v2 config4,1800,35.0,0,0
21,0.1,0.4,0.3,0.2,DDPM,1800,73.33333333333334,1,1
21,0.1,0.4,0.3,0.2,DiT,1200,60.00000000000001,0,0
21,0.1,0.4,0.3,0.2,DiT,1050,41.66666666666667,0,0
21,0.1,0.4,0.3,0.2,DDPM,900,38.333333333333336,0,0
21,0.1,0.4,0.3,0.2,DDPM,2000,53.33333333333334,0,0
21,0.1,0.4,0.3,0.2,UViT-v2 config4,1900,43.333333333333336,0,0
21,0.1,0.4,0.3,0.2,UViT-v2 config4,1800,40.0,0,0
22,0.1,0.4,0.4,0.1,DDPM,1800,71.66666666666667,1,1
22,0.1,0.4,0.4,0.1,DiT,1200,55.000000000000014,0,0
22,0.1,0.4,0.4,0.1,DiT,1050,35.0,0,0
22,0.1,0.4,0.4,0.1,DDPM,900,43.333333333333336,0,0
22,0.1,0.4,0.4,0.1,DDPM,2000,50.00000000000001,0,0
22,0.1,0.4,0.4,0.1,UViT-v2 config4,1900,50.00000000000001,0,0
22,0.1,0.4,0.4,0.1,UViT-v2 config4,1800,45.0,0,0
23,0.1,0.5,0.1,0.3,DDPM,1800,75.0,1,1
23,0.1,0.5,0.1,0.3,DiT,1200,71.66666666666666,0,0
23,0.1,0.5,0.1,0.3,DiT,1050,46.66666666666667,0,0
23,0.1,0.5,0.1,0.3,DDPM,900,33.333333333333336,0,0
23,0.1,0.5,0.1,0.3,DDPM,2000,66.66666666666667,0,0
23,0.1,0.5,0.1,0.3,UViT-v2 config4,1900,31.66666666666667,0,0
23,0.1,0.5,0.1,0.3,UViT-v2 config4,1800,25.0,0,0
24,0.1,0.5,0.2,0.2,DDPM,1800,73.33333333333334,1,1
24,0.1,0.5,0.2,0.2,DiT,1200,66.66666666666667,0,0
24,0.1,0.5,0.2,0.2,DiT,1050,40.0,0,0
24,0.1,0.5,0.2,0.2,DDPM,900,38.333333333333336,0,0
24,0.1,0.5,0.2,0.2,DDPM,2000,63.33333333333334,0,0
24,0.1,0.5,0.2,0.2,UViT-v2 config4,1900,38.333333333333336,0,0
24,0.1,0.5,0.2,0.2,UViT-v2 config4,1800,30.0,0,0
25,0.1,0.5,0.3,0.1,DDPM,1800,71.66666666666667,1,1
25,0.1,0.5,0.3,0.1,DiT,1200,61.66666666666667,0,0
25,0.1,0.5,0.3,0.1,DiT,1050,33.333333333333336,0,0
25,0.1,0.5,0.3,0.1,DDPM,900,43.333333333333336,0,0
25,0.1,0.5,0.3,0.1,DDPM,2000,60.00000000000001,0,0
25,0.1,0.5,0.3,0.1,UViT-v2 config4,1900,44.99999999999999,0,0
25,0.1,0.5,0.3,0.1,UViT-v2 config4,1800,35.0,0,0
26,0.1,0.6,0.1,0.2,DDPM,1800,73.33333333333334,1,0
26,0.1,0.6,0.1,0.2,DiT,1200,73.33333333333333,1,0
26,0.1,0.6,0.1,0.2,DiT,1050,38.333333333333336,0,0
26,0.1,0.6,0.1,0.2,DDPM,900,38.333333333333336,0,0
26,0.1,0.6,0.1,0.2,DDPM,2000,73.33333333333334,1,0
26,0.1,0.6,0.1,0.2,UViT-v2 config4,1900,33.333333333333336,0,0
26,0.1,0.6,0.1,0.2,UViT-v2 config4,1800,20.0,0,0
27,0.1,0.6,0.2,0.1,DDPM,1800,71.66666666666667,1,1
27,0.1,0.6,0.2,0.1,DiT,1200,68.33333333333333,0,0
27,0.1,0.6,0.2,0.1,DiT,1050,31.666666666666668,0,0
27,0.1,0.6,0.2,0.1,DDPM,900,43.333333333333336,0,0
27,0.1,0.6,0.2,0.1,DDPM,2000,70.0,0,0
27,0.1,0.6,0.2,0.1,UViT-v2 config4,1900,40.0,0,0
27,0.1,0.6,0.2,0.1,UViT-v2 config4,1800,25.0,0,0
28,0.1,0.7,0.1,0.1,DDPM,1800,71.66666666666666,0,0
28,0.1,0.7,0.1,0.1,DiT,1200,75.0,0,0
28,0.1,0.7,0.1,0.1,DiT,1050,30.0,0,0
28,0.1,0.7,0.1,0.1,DDPM,900,43.333333333333336,0,0
28,0.1,0.7,0.1,0.1,DDPM,2000,80.0,1,1
28,0.1,0.7,0.1,0.1,UViT-v2 config4,1900,35.0,0,0
28,0.1,0.7,0.1,0.1,UViT-v2 config4,1800,15.0,0,0
29,0.2,0.1,0.1,0.6,DDPM,1800,83.33333333333333,1,1
29,0.2,0.1,0.1,0.6,DiT,1200,66.66666666666667,0,0
29,0.2,0.1,0.1,0.6,DiT,1050,75.0,0,0
29,0.2,0.1,0.1,0.6,DDPM,900,16.666666666666668,0,0
29,0.2,0.1,0.1,0.6,DDPM,2000,43.333333333333336,0,0
29,0.2,0.1,0.1,0.6,UViT-v2 config4,1900,25.0,0,0
29,0.2,0.1,0.1,0.6,UViT-v2 config4,1800,40.0,0,0
30,0.2,0.1,0.2,0.5,DDPM,1800,81.66666666666666,1,1
30,0.2,0.1,0.2,0.5,DiT,1200,61.66666666666667,0,0
30,0.2,0.1,0.2,0.5,DiT,1050,68.33333333333334,0,0
30,0.2,0.1,0.2,0.5,DDPM,900,21.666666666666668,0,0
30,0.2,0.1,0.2,0.5,DDPM,2000,40.0,0,0
30,0.2,0.1,0.2,0.5,UViT-v2 config4,1900,31.66666666666667,0,0
30,0.2,0.1,0.2,0.5,UViT-v2 config4,1800,45.0,0,0
31,0.2,0.1,0.3,0.4,DDPM,1800,80.0,1,1
31,0.2,0.1,0.3,0.4,DiT,1200,56.66666666666667,0,0
31,0.2,0.1,0.3,0.4,DiT,1050,61.66666666666667,0,0
31,0.2,0.1,0.3,0.4,DDPM,900,26.666666666666668,0,0
31,0.2,0.1,0.3,0.4,DDPM,2000,36.66666666666667,0,0
31,0.2,0.1,0.3,0.4,UViT-v2 config4,1900,38.33333333333333,0,0
31,0.2,0.1,0.3,0.4,UViT-v2 config4,1800,50.0,0,0
32,0.2,0.1,0.4,0.3,DDPM,1800,78.33333333333334,1,1
32,0.2,0.1,0.4,0.3,DiT,1200,51.66666666666667,0,0
32,0.2,0.1,0.4,0.3,DiT,1050,55.0,0,0
32,0.2,0.1,0.4,0.3,DDPM,900,31.666666666666668,0,0
32,0.2,0.1,0.4,0.3,DDPM,2000,33.333333333333336,0,0
32,0.2,0.1,0.4,0.3,UViT-v2 config4,1900,45.0,0,0
32,0.2,0.1,0.4,0.3,UViT-v2 config4,1800,55.0,0,0
33,0.2,0.1,0.5,0.2,DDPM,1800,76.66666666666667,1,1
33,0.2,0.1,0.5,0.2,DiT,1200,46.66666666666667,0,0
33,0.2,0.1,0.5,0.2,DiT,1050,48.333333333333336,0,0
33,0.2,0.1,0.5,0.2,DDPM,900,36.66666666666667,0,0
33,0.2,0.1,0.5,0.2,DDPM,2000,30.000000000000004,0,0
33,0.2,0.1,0.5,0.2,UViT-v2 config4,1900,51.666666666666664,0,0
33,0.2,0.1,0.5,0.2,UViT-v2 config4,1800,60.0,0,0
34,0.2,0.1,0.6,0.1,DDPM,1800,75.0,1,1
34,0.2,0.1,0.6,0.1,DiT,1200,41.66666666666667,0,0
34,0.2,0.1,0.6,0.1,DiT,1050,41.66666666666667,0,0
34,0.2,0.1,0.6,0.1,DDPM,900,41.66666666666667,0,0
34,0.2,0.1,0.6,0.1,DDPM,2000,26.66666666666667,0,0
34,0.2,0.1,0.6,0.1,UViT-v2 config4,1900,58.33333333333332,0,0
34,0.2,0.1,0.6,0.1,UViT-v2 config4,1800,65.0,0,0
35,0.2,0.2,0.1,0.5,DDPM,1800,81.66666666666666,1,1
35,0.2,0.2,0.1,0.5,DiT,1200,68.33333333333334,0,0
35,0.2,0.2,0.1,0.5,DiT,1050,66.66666666666667,0,0
35,0.2,0.2,0.1,0.5,DDPM,900,21.666666666666668,0,0
35,0.2,0.2,0.1,0.5,DDPM,2000,50.0,0,0
35,0.2,0.2,0.1,0.5,UViT-v2 config4,1900,26.66666666666667,0,0
35,0.2,0.2,0.1,0.5,UViT-v2 config4,1800,35.0,0,0
36,0.2,0.2,0.2,0.4,DDPM,1800,80.0,1,1
36,0.2,0.2,0.2,0.4,DiT,1200,63.33333333333334,0,0
36,0.2,0.2,0.2,0.4,DiT,1050,60.0,0,0
36,0.2,0.2,0.2,0.4,DDPM,900,26.666666666666668,0,0
36,0.2,0.2,0.2,0.4,DDPM,2000,46.66666666666667,0,0
36,0.2,0.2,0.2,0.4,UViT-v2 config4,1900,33.33333333333334,0,0
36,0.2,0.2,0.2,0.4,UViT-v2 config4,1800,40.0,0,0
37,0.2,0.2,0.3,0.3,DDPM,1800,78.33333333333333,1,1
37,0.2,0.2,0.3,0.3,DiT,1200,58.333333333333336,0,0
37,0.2,0.2,0.3,0.3,DiT,1050,53.333333333333336,0,0
37,0.2,0.2,0.3,0.3,DDPM,900,31.666666666666668,0,0
37,0.2,0.2,0.3,0.3,DDPM,2000,43.333333333333336,0,0
37,0.2,0.2,0.3,0.3,UViT-v2 config4,1900,40.0,0,0
37,0.2,0.2,0.3,0.3,UViT-v2 config4,1800,45.0,0,0
38,0.2,0.2,0.4,0.2,DDPM,1800,76.66666666666667,1,1
38,0.2,0.2,0.4,0.2,DiT,1200,53.333333333333336,0,0
38,0.2,0.2,0.4,0.2,DiT,1050,46.66666666666667,0,0
38,0.2,0.2,0.4,0.2,DDPM,900,36.66666666666667,0,0
38,0.2,0.2,0.4,0.2,DDPM,2000,40.0,0,0
38,0.2,0.2,0.4,0.2,UViT-v2 config4,1900,46.66666666666667,0,0
38,0.2,0.2,0.4,0.2,UViT-v2 config4,1800,50.0,0,0
39,0.2,0.2,0.5,0.1,DDPM,1800,75.0,1,1
39,0.2,0.2,0.5,0.1,DiT,1200,48.33333333333334,0,0
39,0.2,0.2,0.5,0.1,DiT,1050,40.0,0,0
39,0.2,0.2,0.5,0.1,DDPM,900,41.66666666666667,0,0
39,0.2,0.2,0.5,0.1,DDPM,2000,36.66666666666667,0,0
39,0.2,0.2,0.5,0.1,UViT-v2 config4,1900,53.33333333333333,0,0
39,0.2,0.2,0.5,0.1,UViT-v2 config4,1800,55.0,0,0
40,0.2,0.3,0.1,0.4,DDPM,1800,80.0,1,1
40,0.2,0.3,0.1,0.4,DiT,1200,70.0,0,0
40,0.2,0.3,0.1,0.4,DiT,1050,58.333333333333336,0,0
40,0.2,0.3,0.1,0.4,DDPM,900,26.666666666666668,0,0
40,0.2,0.3,0.1,0.4,DDPM,2000,56.66666666666667,0,0
40,0.2,0.3,0.1,0.4,UViT-v2 config4,1900,28.333333333333336,0,0
40,0.2,0.3,0.1,0.4,UViT-v2 config4,1800,30.0,0,0
41,0.2,0.3,0.2,0.3,DDPM,1800,78.33333333333333,1,1
41,0.2,0.3,0.2,0.3,DiT,1200,65.0,0,0
41,0.2,0.3,0.2,0.3,DiT,1050,51.66666666666667,0,0
41,0.2,0.3,0.2,0.3,DDPM,900,31.666666666666668,0,0
41,0.2,0.3,0.2,0.3,DDPM,2000,53.333333333333336,0,0
41,0.2,0.3,0.2,0.3,UViT-v2 config4,1900,35.0,0,0
41,0.2,0.3,0.2,0.3,UViT-v2 config4,1800,35.0,0,0
42,0.2,0.3,0.3,0.2,DDPM,1800,76.66666666666667,1,1
42,0.2,0.3,0.3,0.2,DiT,1200,60.0,0,0
42,0.2,0.3,0.3,0.2,DiT,1050,45.0,0,0
42,0.2,0.3,0.3,0.2,DDPM,900,36.66666666666667,0,0
42,0.2,0.3,0.3,0.2,DDPM,2000,50.0,0,0
42,0.2,0.3,0.3,0.2,UViT-v2 config4,1900,41.666666666666664,0,0
42,0.2,0.3,0.3,0.2,UViT-v2 config4,1800,40.0,0,0
43,0.2,0.3,0.4,0.1,DDPM,1800,75.0,1,1
43,0.2,0.3,0.4,0.1,DiT,1200,55.0,0,0
43,0.2,0.3,0.4,0.1,DiT,1050,38.333333333333336,0,0
43,0.2,0.3,0.4,0.1,DDPM,900,41.66666666666667,0,0
43,0.2,0.3,0.4,0.1,DDPM,2000,46.66666666666667,0,0
43,0.2,0.3,0.4,0.1,UViT-v2 config4,1900,48.333333333333336,0,0
43,0.2,0.3,0.4,0.1,UViT-v2 config4,1800,45.0,0,0
44,0.2,0.4,0.1,0.3,DDPM,1800,78.33333333333334,1,1
44,0.2,0.4,0.1,0.3,DiT,1200,71.66666666666666,0,0
44,0.2,0.4,0.1,0.3,DiT,1050,50.0,0,0
44,0.2,0.4,0.1,0.3,DDPM,900,31.666666666666668,0,0
44,0.2,0.4,0.1,0.3,DDPM,2000,63.333333333333336,0,0
44,0.2,0.4,0.1,0.3,UViT-v2 config4,1900,30.000000000000007,0,0
44,0.2,0.4,0.1,0.3,UViT-v2 config4,1800,25.0,0,0
45,0.2,0.4,0.2,0.2,DDPM,1800,76.66666666666667,1,1
45,0.2,0.4,0.2,0.2,DiT,1200,66.66666666666667,0,0
45,0.2,0.4,0.2,0.2,DiT,1050,43.333333333333336,0,0
45,0.2,0.4,0.2,0.2,DDPM,900,36.66666666666667,0,0
45,0.2,0.4,0.2,0.2,DDPM,2000,60.0,0,0
45,0.2,0.4,0.2,0.2,UViT-v2 config4,1900,36.66666666666668,0,0
45,0.2,0.4,0.2,0.2,UViT-v2 config4,1800,30.0,0,0
46,0.2,0.4,0.3,0.1,DDPM,1800,75.0,1,1
46,0.2,0.4,0.3,0.1,DiT,1200,61.66666666666667,0,0
46,0.2,0.4,0.3,0.1,DiT,1050,36.66666666666667,0,0
46,0.2,0.4,0.3,0.1,DDPM,900,41.66666666666667,0,0
46,0.2,0.4,0.3,0.1,DDPM,2000,56.66666666666667,0,0
46,0.2,0.4,0.3,0.1,UViT-v2 config4,1900,43.333333333333336,0,0
46,0.2,0.4,0.3,0.1,UViT-v2 config4,1800,35.0,0,0
47,0.2,0.5,0.1,0.2,DDPM,1800,76.66666666666667,1,1
47,0.2,0.5,0.1,0.2,DiT,1200,73.33333333333333,0,0
47,0.2,0.5,0.1,0.2,DiT,1050,41.66666666666667,0,0
47,0.2,0.5,0.1,0.2,DDPM,900,36.66666666666667,0,0
47,0.2,0.5,0.1,0.2,DDPM,2000,70.0,0,0
47,0.2,0.5,0.1,0.2,UViT-v2 config4,1900,31.66666666666667,0,0
47,0.2,0.5,0.1,0.2,UViT-v2 config4,1800,20.0,0,0
48,0.2,0.5,0.2,0.1,DDPM,1800,75.0,1,1
48,0.2,0.5,0.2,0.1,DiT,1200,68.33333333333333,0,0
48,0.2,0.5,0.2,0.1,DiT,1050,35.0,0,0
48,0.2,0.5,0.2,0.1,DDPM,900,41.66666666666667,0,0
48,0.2,0.5,0.2,0.1,DDPM,2000,66.66666666666667,0,0
48,0.2,0.5,0.2,0.1,UViT-v2 config4,1900,38.333333333333336,0,0
48,0.2,0.5,0.2,0.1,UViT-v2 config4,1800,25.0,0,0
49,0.2,0.6,0.1,0.1,DDPM,1800,75.0,0,0
49,0.2,0.6,0.1,0.1,DiT,1200,75.0,0,0
49,0.2,0.6,0.1,0.1,DiT,1050,33.333333333333336,0,0
49,0.2,0.6,0.1,0.1,DDPM,900,41.66666666666667,0,0
49,0.2,0.6,0.1,0.1,DDPM,2000,76.66666666666667,1,1
49,0.2,0.6,0.1,0.1,UViT-v2 config4,1900,33.333333333333336,0,0
49,0.2,0.6,0.1,0.1,UViT-v2 config4,1800,15.0,0,0
50,0.3,0.1,0.1,0.5,DDPM,1800,85.0,1,1
50,0.3,0.1,0.1,0.5,DiT,1200,68.33333333333333,0,0
50,0.3,0.1,0.1,0.5,DiT,1050,70.0,0,0
50,0.3,0.1,0.1,0.5,DDPM,900,20.0,0,0
50,0.3,0.1,0.1,0.5,DDPM,2000,46.66666666666667,0,0
50,0.3,0.1,0.1,0.5,UViT-v2 config4,1900,25.0,0,0
50,0.3,0.1,0.1,0.5,UViT-v2 config4,1800,35.0,0,0
51,0.3,0.1,0.2,0.4,DDPM,1800,83.33333333333334,1,1
51,0.3,0.1,0.2,0.4,DiT,1200,63.333333333333336,0,0
51,0.3,0.1,0.2,0.4,DiT,1050,63.333333333333336,0,0
51,0.3,0.1,0.2,0.4,DDPM,900,25.0,0,0
51,0.3,0.1,0.2,0.4,DDPM,2000,43.333333333333336,0,0
51,0.3,0.1,0.2,0.4,UViT-v2 config4,1900,31.666666666666668,0,0
51,0.3,0.1,0.2,0.4,UViT-v2 config4,1800,40.0,0,0
52,0.3,0.1,0.3,0.3,DDPM,1800,81.66666666666667,1,1
52,0.3,0.1,0.3,0.3,DiT,1200,58.33333333333333,0,0
52,0.3,0.1,0.3,0.3,DiT,1050,56.66666666666667,0,0
52,0.3,0.1,0.3,0.3,DDPM,900,30.0,0,0
52,0.3,0.1,0.3,0.3,DDPM,2000,40.0,0,0
52,0.3,0.1,0.3,0.3,UViT-v2 config4,1900,38.33333333333333,0,0
52,0.3,0.1,0.3,0.3,UViT-v2 config4,1800,45.0,0,0
53,0.3,0.1,0.4,0.2,DDPM,1800,80.00000000000001,1,1
53,0.3,0.1,0.4,0.2,DiT,1200,53.333333333333336,0,0
53,0.3,0.1,0.4,0.2,DiT,1050,50.0,0,0
53,0.3,0.1,0.4,0.2,DDPM,900,35.0,0,0
53,0.3,0.1,0.4,0.2,DDPM,2000,36.66666666666667,0,0
53,0.3,0.1,0.4,0.2,UViT-v2 config4,1900,45.00000000000001,0,0
53,0.3,0.1,0.4,0.2,UViT-v2 config4,1800,50.0,0,0
54,0.3,0.1,0.5,0.1,DDPM,1800,78.33333333333333,1,1
54,0.3,0.1,0.5,0.1,DiT,1200,48.33333333333333,0,0
54,0.3,0.1,0.5,0.1,DiT,1050,43.333333333333336,0,0
54,0.3,0.1,0.5,0.1,DDPM,900,40.0,0,0
54,0.3,0.1,0.5,0.1,DDPM,2000,33.333333333333336,0,0
54,0.3,0.1,0.5,0.1,UViT-v2 config4,1900,51.666666666666664,0,0
54,0.3,0.1,0.5,0.1,UViT-v2 config4,1800,55.0,0,0
55,0.3,0.2,0.1,0.4,DDPM,1800,83.33333333333334,1,1
55,0.3,0.2,0.1,0.4,DiT,1200,70.0,0,0
55,0.3,0.2,0.1,0.4,DiT,1050,61.66666666666667,0,0
55,0.3,0.2,0.1,0.4,DDPM,900,25.0,0,0
55,0.3,0.2,0.1,0.4,DDPM,2000,53.333333333333336,0,0
55,0.3,0.2,0.1,0.4,UViT-v2 config4,1900,26.666666666666668,0,0
55,0.3,0.2,0.1,0.4,UViT-v2 config4,1800,30.0,0,0
56,0.3,0.2,0.2,0.3,DDPM,1800,81.66666666666667,1,1
56,0.3,0.2,0.2,0.3,DiT,1200,65.0,0,0
56,0.3,0.2,0.2,0.3,DiT,1050,55.0,0,0
56,0.3,0.2,0.2,0.3,DDPM,900,30.0,0,0
56,0.3,0.2,0.2,0.3,DDPM,2000,50.0,0,0
56,0.3,0.2,0.2,0.3,UViT-v2 config4,1900,33.333333333333336,0,0
56,0.3,0.2,0.2,0.3,UViT-v2 config4,1800,35.0,0,0
57,0.3,0.2,0.3,0.2,DDPM,1800,80.0,1,1
57,0.3,0.2,0.3,0.2,DiT,1200,60.0,0,0
57,0.3,0.2,0.3,0.2,DiT,1050,48.333333333333336,0,0
57,0.3,0.2,0.3,0.2,DDPM,900,35.0,0,0
57,0.3,0.2,0.3,0.2,DDPM,2000,46.66666666666667,0,0
57,0.3,0.2,0.3,0.2,UViT-v2 config4,1900,40.0,0,0
57,0.3,0.2,0.3,0.2,UViT-v2 config4,1800,40.0,0,0
58,0.3,0.2,0.4,0.1,DDPM,1800,78.33333333333333,1,1
58,0.3,0.2,0.4,0.1,DiT,1200,55.0,0,0
58,0.3,0.2,0.4,0.1,DiT,1050,41.66666666666667,0,0
58,0.3,0.2,0.4,0.1,DDPM,900,40.0,0,0
58,0.3,0.2,0.4,0.1,DDPM,2000,43.333333333333336,0,0
58,0.3,0.2,0.4,0.1,UViT-v2 config4,1900,46.666666666666664,0,0
58,0.3,0.2,0.4,0.1,UViT-v2 config4,1800,45.0,0,0
59,0.3,0.3,0.1,0.3,DDPM,1800,81.66666666666667,1,1
59,0.3,0.3,0.1,0.3,DiT,1200,71.66666666666666,0,0
59,0.3,0.3,0.1,0.3,DiT,1050,53.333333333333336,0,0
59,0.3,0.3,0.1,0.3,DDPM,900,30.0,0,0
59,0.3,0.3,0.1,0.3,DDPM,2000,60.0,0,0
59,0.3,0.3,0.1,0.3,UViT-v2 config4,1900,28.333333333333336,0,0
59,0.3,0.3,0.1,0.3,UViT-v2 config4,1800,25.0,0,0
60,0.3,0.3,0.2,0.2,DDPM,1800,80.0,1,1
60,0.3,0.3,0.2,0.2,DiT,1200,66.66666666666666,0,0
60,0.3,0.3,0.2,0.2,DiT,1050,46.66666666666667,0,0
60,0.3,0.3,0.2,0.2,DDPM,900,35.0,0,0
60,0.3,0.3,0.2,0.2,DDPM,2000,56.66666666666667,0,0
60,0.3,0.3,0.2,0.2,UViT-v2 config4,1900,35.0,0,0
60,0.3,0.3,0.2,0.2,UViT-v2 config4,1800,30.0,0,0
61,0.3,0.3,0.3,0.1,DDPM,1800,78.33333333333333,1,1
61,0.3,0.3,0.3,0.1,DiT,1200,61.66666666666666,0,0
61,0.3,0.3,0.3,0.1,DiT,1050,40.0,0,0
61,0.3,0.3,0.3,0.1,DDPM,900,40.0,0,0
61,0.3,0.3,0.3,0.1,DDPM,2000,53.333333333333336,0,0
61,0.3,0.3,0.3,0.1,UViT-v2 config4,1900,41.666666666666664,0,0
61,0.3,0.3,0.3,0.1,UViT-v2 config4,1800,35.0,0,0
62,0.3,0.4,0.1,0.2,DDPM,1800,80.00000000000001,1,1
62,0.3,0.4,0.1,0.2,DiT,1200,73.33333333333333,0,0
62,0.3,0.4,0.1,0.2,DiT,1050,45.0,0,0
62,0.3,0.4,0.1,0.2,DDPM,900,35.0,0,0
62,0.3,0.4,0.1,0.2,DDPM,2000,66.66666666666667,0,0
62,0.3,0.4,0.1,0.2,UViT-v2 config4,1900,30.000000000000007,0,0
62,0.3,0.4,0.1,0.2,UViT-v2 config4,1800,20.0,0,0
63,0.3,0.4,0.2,0.1,DDPM,1800,78.33333333333333,1,1
63,0.3,0.4,0.2,0.1,DiT,1200,68.33333333333333,0,0
63,0.3,0.4,0.2,0.1,DiT,1050,38.333333333333336,0,0
63,0.3,0.4,0.2,0.1,DDPM,900,40.0,0,0
63,0.3,0.4,0.2,0.1,DDPM,2000,63.333333333333336,0,0
63,0.3,0.4,0.2,0.1,UViT-v2 config4,1900,36.666666666666664,0,0
63,0.3,0.4,0.2,0.1,UViT-v2 config4,1800,25.0,0,0
64,0.3,0.5,0.1,0.1,DDPM,1800,78.33333333333333,1,1
64,0.3,0.5,0.1,0.1,DiT,1200,75.0,0,0
64,0.3,0.5,0.1,0.1,DiT,1050,36.66666666666667,0,0
64,0.3,0.5,0.1,0.1,DDPM,900,40.0,0,0
64,0.3,0.5,0.1,0.1,DDPM,2000,73.33333333333333,0,0
64,0.3,0.5,0.1,0.1,UViT-v2 config4,1900,31.666666666666668,0,0
64,0.3,0.5,0.1,0.1,UViT-v2 config4,1800,15.0,0,0
65,0.4,0.1,0.1,0.4,DDPM,1800,86.66666666666669,1,1
65,0.4,0.1,0.1,0.4,DiT,1200,70.0,0,0
65,0.4,0.1,0.1,0.4,DiT,1050,65.0,0,0
65,0.4,0.1,0.1,0.4,DDPM,900,23.333333333333336,0,0
65,0.4,0.1,0.1,0.4,DDPM,2000,50.00000000000001,0,0
65,0.4,0.1,0.1,0.4,UViT-v2 config4,1900,25.000000000000004,0,0
65,0.4,0.1,0.1,0.4,UViT-v2 config4,1800,30.0,0,0
66,0.4,0.1,0.2,0.3,DDPM,1800,85.0,1,1
66,0.4,0.1,0.2,0.3,DiT,1200,65.0,0,0
66,0.4,0.1,0.2,0.3,DiT,1050,58.333333333333336,0,0
66,0.4,0.1,0.2,0.3,DDPM,900,28.333333333333336,0,0
66,0.4,0.1,0.2,0.3,DDPM,2000,46.66666666666667,0,0
66,0.4,0.1,0.2,0.3,UViT-v2 config4,1900,31.66666666666667,0,0
66,0.4,0.1,0.2,0.3,UViT-v2 config4,1800,35.0,0,0
67,0.4,0.1,0.3,0.2,DDPM,1800,83.33333333333334,1,1
67,0.4,0.1,0.3,0.2,DiT,1200,60.00000000000001,0,0
67,0.4,0.1,0.3,0.2,DiT,1050,51.66666666666667,0,0
67,0.4,0.1,0.3,0.2,DDPM,900,33.333333333333336,0,0
67,0.4,0.1,0.3,0.2,DDPM,2000,43.33333333333334,0,0
67,0.4,0.1,0.3,0.2,UViT-v2 config4,1900,38.333333333333336,0,0
67,0.4,0.1,0.3,0.2,UViT-v2 config4,1800,40.0,0,0
68,0.4,0.1,0.4,0.1,DDPM,1800,81.66666666666667,1,1
68,0.4,0.1,0.4,0.1,DiT,1200,55.000000000000014,0,0
68,0.4,0.1,0.4,0.1,DiT,1050,45.0,0,0
68,0.4,0.1,0.4,0.1,DDPM,900,38.333333333333336,0,0
68,0.4,0.1,0.4,0.1,DDPM,2000,40.00000000000001,0,0
68,0.4,0.1,0.4,0.1,UViT-v2 config4,1900,45.0,0,0
68,0.4,0.1,0.4,0.1,UViT-v2 config4,1800,45.0,0,0
69,0.4,0.2,0.1,0.3,DDPM,1800,85.0,1,1
69,0.4,0.2,0.1,0.3,DiT,1200,71.66666666666666,0,0
69,0.4,0.2,0.1,0.3,DiT,1050,56.66666666666667,0,0
69,0.4,0.2,0.1,0.3,DDPM,900,28.333333333333336,0,0
69,0.4,0.2,0.1,0.3,DDPM,2000,56.66666666666667,0,0
69,0.4,0.2,0.1,0.3,UViT-v2 config4,1900,26.66666666666667,0,0
69,0.4,0.2,0.1,0.3,UViT-v2 config4,1800,25.0,0,0
70,0.4,0.2,0.2,0.2,DDPM,1800,83.33333333333334,1,1
70,0.4,0.2,0.2,0.2,DiT,1200,66.66666666666667,0,0
70,0.4,0.2,0.2,0.2,DiT,1050,50.0,0,0
70,0.4,0.2,0.2,0.2,DDPM,900,33.333333333333336,0,0
70,0.4,0.2,0.2,0.2,DDPM,2000,53.33333333333334,0,0
70,0.4,0.2,0.2,0.2,UViT-v2 config4,1900,33.333333333333336,0,0
70,0.4,0.2,0.2,0.2,UViT-v2 config4,1800,30.0,0,0
71,0.4,0.2,0.3,0.1,DDPM,1800,81.66666666666667,1,1
71,0.4,0.2,0.3,0.1,DiT,1200,61.66666666666667,0,0
71,0.4,0.2,0.3,0.1,DiT,1050,43.333333333333336,0,0
71,0.4,0.2,0.3,0.1,DDPM,900,38.333333333333336,0,0
71,0.4,0.2,0.3,0.1,DDPM,2000,50.00000000000001,0,0
71,0.4,0.2,0.3,0.1,UViT-v2 config4,1900,39.99999999999999,0,0
71,0.4,0.2,0.3,0.1,UViT-v2 config4,1800,35.0,0,0
72,0.4,0.3,0.1,0.2,DDPM,1800,83.33333333333334,1,1
72,0.4,0.3,0.1,0.2,DiT,1200,73.33333333333333,0,0
72,0.4,0.3,0.1,0.2,DiT,1050,48.333333333333336,0,0
72,0.4,0.3,0.1,0.2,DDPM,900,33.333333333333336,0,0
72,0.4,0.3,0.1,0.2,DDPM,2000,63.33333333333334,0,0
72,0.4,0.3,0.1,0.2,UViT-v2 config4,1900,28.333333333333336,0,0
72,0.4,0.3,0.1,0.2,UViT-v2 config4,1800,20.0,0,0
73,0.4,0.3,0.2,0.1,DDPM,1800,81.66666666666667,1,1
73,0.4,0.3,0.2,0.1,DiT,1200,68.33333333333333,0,0
73,0.4,0.3,0.2,0.1,DiT,1050,41.66666666666667,0,0
73,0.4,0.3,0.2,0.1,DDPM,900,38.333333333333336,0,0
73,0.4,0.3,0.2,0.1,DDPM,2000,60.00000000000001,0,0
73,0.4,0.3,0.2,0.1,UViT-v2 config4,1900,35.0,0,0
73,0.4,0.3,0.2,0.1,UViT-v2 config4,1800,25.0,0,0
74,0.4,0.4,0.1,0.1,DDPM,1800,81.66666666666667,1,1
74,0.4,0.4,0.1,0.1,DiT,1200,75.00000000000001,0,0
74,0.4,0.4,0.1,0.1,DiT,1050,40.0,0,0
74,0.4,0.4,0.1,0.1,DDPM,900,38.333333333333336,0,0
74,0.4,0.4,0.1,0.1,DDPM,2000,70.0,0,0
74,0.4,0.4,0.1,0.1,UViT-v2 config4,1900,30.000000000000004,0,0
74,0.4,0.4,0.1,0.1,UViT-v2 config4,1800,15.0,0,0
75,0.5,0.1,0.1,0.3,DDPM,1800,88.33333333333334,1,1
75,0.5,0.1,0.1,0.3,DiT,1200,71.66666666666666,0,0
75,0.5,0.1,0.1,0.3,DiT,1050,60.0,0,0
75,0.5,0.1,0.1,0.3,DDPM,900,26.666666666666668,0,0
75,0.5,0.1,0.1,0.3,DDPM,2000,53.333333333333336,0,0
75,0.5,0.1,0.1,0.3,UViT-v2 config4,1900,25.0,0,0
75,0.5,0.1,0.1,0.3,UViT-v2 config4,1800,25.0,0,0
76,0.5,0.1,0.2,0.2,DDPM,1800,86.66666666666667,1,1
76,0.5,0.1,0.2,0.2,DiT,1200,66.66666666666667,0,0
76,0.5,0.1,0.2,0.2,DiT,1050,53.333333333333336,0,0
76,0.5,0.1,0.2,0.2,DDPM,900,31.666666666666668,0,0
76,0.5,0.1,0.2,0.2,DDPM,2000,50.0,0,0
76,0.5,0.1,0.2,0.2,UViT-v2 config4,1900,31.66666666666667,0,0
76,0.5,0.1,0.2,0.2,UViT-v2 config4,1800,30.0,0,0
77,0.5,0.1,0.3,0.1,DDPM,1800,85.0,1,1
77,0.5,0.1,0.3,0.1,DiT,1200,61.66666666666667,0,0
77,0.5,0.1,0.3,0.1,DiT,1050,46.66666666666667,0,0
77,0.5,0.1,0.3,0.1,DDPM,900,36.66666666666667,0,0
77,0.5,0.1,0.3,0.1,DDPM,2000,46.66666666666667,0,0
77,0.5,0.1,0.3,0.1,UViT-v2 config4,1900,38.33333333333333,0,0
77,0.5,0.1,0.3,0.1,UViT-v2 config4,1800,35.0,0,0
78,0.5,0.2,0.1,0.2,DDPM,1800,86.66666666666667,1,1
78,0.5,0.2,0.1,0.2,DiT,1200,73.33333333333333,0,0
78,0.5,0.2,0.1,0.2,DiT,1050,51.66666666666667,0,0
78,0.5,0.2,0.1,0.2,DDPM,900,31.666666666666668,0,0
78,0.5,0.2,0.1,0.2,DDPM,2000,60.0,0,0
78,0.5,0.2,0.1,0.2,UViT-v2 config4,1900,26.66666666666667,0,0
78,0.5,0.2,0.1,0.2,UViT-v2 config4,1800,20.0,0,0
79,0.5,0.2,0.2,0.1,DDPM,1800,85.0,1,1
79,0.5,0.2,0.2,0.1,DiT,1200,68.33333333333333,0,0
79,0.5,0.2,0.2,0.1,DiT,1050,45.0,0,0
79,0.5,0.2,0.2,0.1,DDPM,900,36.66666666666667,0,0
79,0.5,0.2,0.2,0.1,DDPM,2000,56.66666666666667,0,0
79,0.5,0.2,0.2,0.1,UViT-v2 config4,1900,33.333333333333336,0,0
79,0.5,0.2,0.2,0.1,UViT-v2 config4,1800,25.0,0,0
80,0.5,0.3,0.1,0.1,DDPM,1800,85.0,1,1
80,0.5,0.3,0.1,0.1,DiT,1200,75.0,0,0
80,0.5,0.3,0.1,0.1,DiT,1050,43.333333333333336,0,0
80,0.5,0.3,0.1,0.1,DDPM,900,36.66666666666667,0,0
80,0.5,0.3,0.1,0.1,DDPM,2000,66.66666666666667,0,0
80,0.5,0.3,0.1,0.1,UViT-v2 config4,1900,28.33333333333334,0,0
80,0.5,0.3,0.1,0.1,UViT-v2 config4,1800,15.0,0,0
81,0.6,0.1,0.1,0.2,DDPM,1800,90.00000000000001,1,1
81,0.6,0.1,0.1,0.2,DiT,1200,73.33333333333333,0,0
81,0.6,0.1,0.1,0.2,DiT,1050,55.0,0,0
81,0.6,0.1,0.1,0.2,DDPM,900,30.0,0,0
81,0.6,0.1,0.1,0.2,DDPM,2000,56.66666666666667,0,0
81,0.6,0.1,0.1,0.2,UViT-v2 config4,1900,25.0,0,0
81,0.6,0.1,0.1,0.2,UViT-v2 config4,1800,20.0,0,0
82,0.6,0.1,0.2,0.1,DDPM,1800,88.33333333333333,1,1
82,0.6,0.1,0.2,0.1,DiT,1200,68.33333333333333,0,0
82,0.6,0.1,0.2,0.1,DiT,1050,48.333333333333336,0,0
82,0.6,0.1,0.2,0.1,DDPM,900,35.0,0,0
82,0.6,0.1,0.2,0.1,DDPM,2000,53.333333333333336,0,0
82,0.6,0.1,0.2,0.1,UViT-v2 config4,1900,31.666666666666668,0,0
82,0.6,0.1,0.2,0.1,UViT-v2 config4,1800,25.0,0,0
83,0.6,0.2,0.1,0.1,DDPM,1800,88.33333333333334,1,1
83,0.6,0.2,0.1,0.1,DiT,1200,75.0,0,0
83,0.6,0.2,0.1,0.1,DiT,1050,46.66666666666667,0,0
83,0.6,0.2,0.1,0.1,DDPM,900,35.0,0,0
83,0.6,0.2,0.1,0.1,DDPM,2000,63.333333333333336,0,0
83,0.6,0.2,0.1,0.1,UViT-v2 config4,1900,26.666666666666668,0,0
83,0.6,0.2,0.1,0.1,UViT-v2 config4,1800,15.0,0,0
84,0.7,0.1,0.1,0.1,DDPM,1800,91.66666666666667,1,1
84,0.7,0.1,0.1,0.1,DiT,1200,75.0,0,0
84,0.7,0.1,0.1,0.1,DiT,1050,50.0,0,0
84,0.7,0.1,0.1,0.1,DDPM,900,33.33333333333333,0,0
84,0.7,0.1,0.1,0.1,DDPM,2000,60.0,0,0
84,0.7,0.1,0.1,0.1,UViT-v2 config4,1900,25.000000000000004,0,0
84,0.7,0.1,0.1,0.1,UViT-v2 config4,1800,15.0,0,0
