model,epoch,metric,raw_value,direction,rank,rank_score,minmax_score
DDPM,1800,sixmer_pcc,0.9724363387994319,higher,1.0,100.0,100.0
DDPM,1800,gc_wasserstein,0.010945811081441922,lower,3.0,66.66666666666667,93.7812059244021
DDPM,1800,jaspar2024_position_wd,0.6024624730364891,lower,3.0,66.66666666666667,89.1156516685978
DDPM,1800,motif_hit_density_abs_deviation,4.890809746328436,lower,2.0,83.33333333333333,47.61476147614766
DiT,1200,sixmer_pcc,0.9723172006096266,higher,2.0,83.33333333333333,99.98408606427715
DiT,1200,gc_wasserstein,0.009931291722296396,lower,2.0,83.33333333333333,94.78149034480359
DiT,1200,jaspar2024_position_wd,1.490873346279767,lower,6.0,16.666666666666668,40.21332094500959
DiT,1200,motif_hit_density_abs_deviation,6.693809746328441,lower,3.0,66.66666666666667,20.567056705670545
DiT,1050,sixmer_pcc,0.9357609287299332,higher,4.0,50.0,95.10106608629464
DiT,1050,gc_wasserstein,0.038939344125500666,lower,6.0,16.666666666666668,66.18045614713775
DiT,1050,jaspar2024_position_wd,0.877233643593542,lower,5.0,33.333333333333336,73.99094860543646
DiT,1050,motif_hit_density_abs_deviation,1.398809746328439,lower,1.0,100.0,100.0
DDPM,900,sixmer_pcc,0.9261373762011252,higher,5.0,33.333333333333336,93.81559585530434
DDPM,900,gc_wasserstein,0.02598832610146862,lower,4.0,50.0,78.94975565926255
DDPM,900,jaspar2024_position_wd,0.778564424394184,lower,4.0,50.0,79.42216847773524
DDPM,900,motif_hit_density_abs_deviation,8.06480974632844,lower,7.0,0.0,0.0
DDPM,2000,sixmer_pcc,0.9626159632204451,higher,3.0,66.66666666666667,98.68823904414275
DDPM,2000,gc_wasserstein,0.0046385180240320414,lower,1.0,100.0,100.0
DDPM,2000,jaspar2024_position_wd,2.2214305824716942,lower,7.0,0.0,0.0
DDPM,2000,motif_hit_density_abs_deviation,6.891809746328441,lower,5.0,33.333333333333336,17.59675967596757
UViT-v2 config4,1900,sixmer_pcc,0.7483493569009121,higher,6.0,16.666666666666668,70.06748354927001
UViT-v2 config4,1900,gc_wasserstein,0.0322038634846462,lower,5.0,33.333333333333336,72.82142981435008
UViT-v2 config4,1900,jaspar2024_position_wd,0.5880652732267108,lower,2.0,83.33333333333333,89.90814154889507
UViT-v2 config4,1900,motif_hit_density_abs_deviation,8.00780974632844,lower,6.0,16.666666666666668,0.8550855085508341
UViT-v2 config4,1800,sixmer_pcc,0.223795701560077,higher,7.0,0.0,0.0
UViT-v2 config4,1800,gc_wasserstein,0.10606160714285716,lower,7.0,0.0,0.0
UViT-v2 config4,1800,jaspar2024_position_wd,0.404726020341796,lower,1.0,100.0,100.0
UViT-v2 config4,1800,motif_hit_density_abs_deviation,6.8228097463284385,lower,4.0,50.0,18.631863186318643
