source_relative_path,sha256,size,scope
topic_new26/topic_enhancer/utils/Insert/Insert_one_by_one/insert.py,320152dd692640307a9f57ad41894cc718ae0838478c9c61c2e8f3e0e04835dd,5985,downstream_lineage_source_read
topic_new26/topic_enhancer/utils/Insert/Insert_one_by_one/insert_tasks.csv,1ff4031f90b621b320fce31fa497a6e8d1d1a7eeeae687c6d8d7f228eb38fd37,2421,downstream_lineage_source_read
topic_new26/topic_enhancer/utils/Insert/Insert_one_by_one/data/get_motif_from_meme.py,b14d200d51b809eb544a47f9dd6ca45da3e335bfe875756c5f46cdd567cd1e86,3114,downstream_lineage_source_read
topic_new26/topic_enhancer/utils/Insert/Insert_one_by_one/data/no_motif_4000_5000.fa,f912f3c8f9dd29ff31874460effdc5e2c6351fa2aa6abdb88227d2f44ffe254e,178893,downstream_lineage_source_read
topic_new26/topic_enhancer/utils/Insert/insertA_move_B/insert.py,d5b3ce7545faf4a44ce36e08e48a3edd67ebc869bd626b0685ef4ca220f7b431,7137,downstream_lineage_source_read
topic_new26/topic_enhancer/utils/Insert/insertA_move_B/insert_tasks.csv,43276b690b8b887b7e44ae7d348ccaf8d520d3e2e2ba552208567fa44b94b314,2505,downstream_lineage_source_read
topic_new26_aiCode/2026/08/04/new_importance/new.csv,981e57fd48461b7353f9f839b9d7dcab11dca6449897e2c6071bbbee640c40c4,14276,downstream_lineage_source_read
topic_new26_aiCode/2026/08/04/new_importance/predict_base_contribution_20260804.py,339f102f858ffd8c81d1b49cee1ae4b1c691cb4e798ed3ff48968bd0bcbaad28,8199,downstream_lineage_source_read
topic_new26_aiCode/2026/08/19/maize-quantity-insertion/parameters.json,0feac79d890f1ac43a5f6d9188f458b0975559f8a1e02d505c608968d8097a58,1815,downstream_lineage_source_read
topic_new26_aiCode/2026/08/19/maize-quantity-insertion/task_record.md,db2ffb7d211f206059c9557fcff30b4a6fe79a465b869b6309334d9f3574197b,4739,downstream_lineage_source_read
topic_new26_aiCode/2026/08/26/two-insertions-in-two-genes/parameters.json,4f51ef775daeecf6e5a6529881c6e8a36033e5d0b36dde9259de1405e088dfb1,1385,downstream_lineage_source_read
topic_new26_aiCode/2026/08/26/two-insertions-in-two-genes/THP3_VTE4_upstream_-200_-41.fa,3b90eff4314aa58b854dd6044b40b168eaad7c8423ff8af6f0e533b8ee369389,480,downstream_lineage_source_read
topic_new26_aiCode/2026/09/07/continue-combination-in-5-month/parameters.json,4bdec8171957c78935331b730dc8abf672a7b976c84f31732b43db59543f72e4,8150,downstream_lineage_source_read
topic_new26_aiCode/2026/09/07/continue-combination-in-5-month/task_record.md,d2ab532d33d0e141b55c7843b0d066e262f18ccf587036d615a8c3107157d5c3,13013,downstream_lineage_source_read
topic_new26_aiCode/2026/09/08/insert-3-motifs-in-pure-seqs/full/run_full.py,90aa09dddf947af43004c8616ddf532e2b07ff22cc44d1e5e6face9e7d3cf2f6,13666,downstream_lineage_source_read
topic_new26_aiCode/2026/09/08/insert-3-motifs-in-pure-seqs/quantity_1_2/supplement_quantity.py,8bf949a6aa366c1c843489d8349fe78a5f809ba6858f9446a99ab14048000b92,13225,downstream_lineage_source_read
topic_new26_aiCode/2026/10/01/classifier_guidance_validation/parameters.json,d7f746422dad22e9b83a5512b7b86d6b168e9d82fbd86212b426722c7c5de3ed,1903,downstream_lineage_source_read
topic_new26_aiCode/2026/10/01/classifier_guidance_validation/task_record.md,a9aa319eed00c1f2716ea5985fe8cbfffcfe9cfe0fd2b144f01b36f6d5c28ff1,9340,downstream_lineage_source_read
topic_new26_aiCode/2026/10/01/classifier_guidance_validation/run_validation.py,d2ac0622de7234e2de5e8ecac536a92524b3570247f132f19c9cdc3590902e16,17781,downstream_lineage_source_read
topic_new26_aiCode/2026/09/08/insert-3-motifs-in-pure-seqs/benchmark/benchmark.py,2611baecd6ab565ca97c6efe9c678de464ef8361958b7a41b6c23e2c98881cd2,11250,downstream_lineage_source_read
topic_new26_aiCode/2026/09/08/insert-3-motifs-in-pure-seqs/benchmark/job_49772/summary.json,136dcfbd5c2f77f9a621bd6cd7ba7062c12d85c1f8696d61011a9c085522faad,5548,downstream_lineage_source_read
topic_new26_aiCode/2026/09/08/insert-3-motifs-in-pure-seqs/full/job_49773/parameters.json,0ad935a06e3762368b5f92be6334bb7a543e4c6e42a4641f529faacb386badf4,15932,downstream_lineage_source_read
topic_new26_aiCode/2026/10/01/classifier_guidance_validation/output/run_20261001T081012Z_job_50080/sha256_manifest.json,22d2fbfcf11d990dd3a80d101475b6274cfda1b62ffb679613fca124d840b198,1847,downstream_lineage_source_read
topic_new26_aiCode/2026/10/01/classifier_guidance_validation/output/run_20261001T081012Z_job_50080/summary.json,38d8fa41a130bf4a83bb4cbd6abff78e20318263bce85528b2a26f96790d18f9,11429,downstream_lineage_source_read
topic_all/topic2_Diffusion/DDPM/final/DDPM/train_DDPM.py,00eb6899aa641f1399be40e73c8addea7c45705205c900696d029957d94be632,1915,downstream_lineage_source_read
topic_all/topic2_Diffusion/DDPM/final/DDPM/dataset.py,f7cfe6f7ab2871ae2f96ecb7ddb6938d4f499b51c6eebcf85e214e1ed0f862b5,2015,downstream_lineage_source_read
topic_all/topic2_Diffusion/DDPM/final/DDPM/gen.py,a13a1b8b4c14733287332209cc4acdd55cea155a27c7f113ebba5a1df9d78454,1336,downstream_lineage_source_read
topic_all/topic2_Diffusion/DDPM/final/DDPM/gen_one_epoch.py,af4096a04f98474a49272ff21d2283d8e03743274473528e728ac5c383c27fcf,1166,downstream_lineage_source_read
topic_new26_aiCode/2026/08/04/new_importance/submit_base_contrib_20260804.slurm,a34b95a3a7c2991484ed585e7cc9fbc8098e1b602bd3adb837efac3253df3e1e,799,downstream_lineage_source_read
topic_new26_aiCode/2026/08/04/new_importance/00base_contrib_result.out,15e919b9f0ed3072288b2ea968e018e9f67ebc3de21838d28efa4240b9fd0985,524,downstream_lineage_source_read
topic_new26_aiCode/2026/07/08/guided_generation_maize_35s_three_directions/submit_both.slurm,7dcd8a81286beb589d9b333a7e82da88a40506797322d6080c9f6ec6561d1d11,1560,downstream_lineage_source_read
topic_new26_aiCode/2026/09/08/insert-3-motifs-in-pure-seqs/quantity_1_2/job_49802/parameters.json,4bd6036ed094ea684889c15fcbb105ae5994706a8eccd6fa73525a14b06c2e71,16532,downstream_lineage_source_read
