group,gc_bases,sequence_count
real_9000,0,0
real_9000,1,0
real_9000,2,0
real_9000,3,0
real_9000,4,0
real_9000,5,0
real_9000,6,0
real_9000,7,0
real_9000,8,0
real_9000,9,0
real_9000,10,0
real_9000,11,0
real_9000,12,0
real_9000,13,0
real_9000,14,0
real_9000,15,0
real_9000,16,0
real_9000,17,0
real_9000,18,0
real_9000,19,1
real_9000,20,1
real_9000,21,1
real_9000,22,1
real_9000,23,2
real_9000,24,3
real_9000,25,2
real_9000,26,8
real_9000,27,3
real_9000,28,6
real_9000,29,8
real_9000,30,14
real_9000,31,14
real_9000,32,20
real_9000,33,21
real_9000,34,33
real_9000,35,40
real_9000,36,24
real_9000,37,45
real_9000,38,44
real_9000,39,53
real_9000,40,83
real_9000,41,71
real_9000,42,69
real_9000,43,80
real_9000,44,103
real_9000,45,117
real_9000,46,126
real_9000,47,129
real_9000,48,169
real_9000,49,180
real_9000,50,193
real_9000,51,222
real_9000,52,216
real_9000,53,223
real_9000,54,270
real_9000,55,269
real_9000,56,280
real_9000,57,263
real_9000,58,276
real_9000,59,283
real_9000,60,277
real_9000,61,257
real_9000,62,261
real_9000,63,295
real_9000,64,263
real_9000,65,275
real_9000,66,273
real_9000,67,232
real_9000,68,234
real_9000,69,232
real_9000,70,196
real_9000,71,173
real_9000,72,197
real_9000,73,186
real_9000,74,170
real_9000,75,165
real_9000,76,156
real_9000,77,134
real_9000,78,141
real_9000,79,122
real_9000,80,120
real_9000,81,99
real_9000,82,81
real_9000,83,87
real_9000,84,69
real_9000,85,61
real_9000,86,55
real_9000,87,46
real_9000,88,36
real_9000,89,32
real_9000,90,26
real_9000,91,19
real_9000,92,20
real_9000,93,8
real_9000,94,12
real_9000,95,6
real_9000,96,4
real_9000,97,4
real_9000,98,1
real_9000,99,2
real_9000,100,3
real_9000,101,1
real_9000,102,0
real_9000,103,1
real_9000,104,1
real_9000,105,1
real_9000,106,0
real_9000,107,0
real_9000,108,0
real_9000,109,0
real_9000,110,0
real_9000,111,0
real_9000,112,0
real_9000,113,0
real_9000,114,0
real_9000,115,0
real_9000,116,0
real_9000,117,0
real_9000,118,0
real_9000,119,0
real_9000,120,0
real_9000,121,0
real_9000,122,0
real_9000,123,0
real_9000,124,0
real_9000,125,0
real_9000,126,0
real_9000,127,0
real_9000,128,0
real_9000,129,0
real_9000,130,0
real_9000,131,0
real_9000,132,0
real_9000,133,0
real_9000,134,0
real_9000,135,0
real_9000,136,0
real_9000,137,0
real_9000,138,0
real_9000,139,0
real_9000,140,0
real_9000,141,0
real_9000,142,0
real_9000,143,0
real_9000,144,0
real_9000,145,0
real_9000,146,0
real_9000,147,0
real_9000,148,0
real_9000,149,0
real_9000,150,0
real_9000,151,0
real_9000,152,0
real_9000,153,0
real_9000,154,0
real_9000,155,0
real_9000,156,0
real_9000,157,0
real_9000,158,0
real_9000,159,0
real_9000,160,0
Ara_directory_epoch2000,0,0
Ara_directory_epoch2000,1,0
Ara_directory_epoch2000,2,0
Ara_directory_epoch2000,3,0
Ara_directory_epoch2000,4,0
Ara_directory_epoch2000,5,0
Ara_directory_epoch2000,6,0
Ara_directory_epoch2000,7,0
Ara_directory_epoch2000,8,0
Ara_directory_epoch2000,9,0
Ara_directory_epoch2000,10,0
Ara_directory_epoch2000,11,0
Ara_directory_epoch2000,12,0
Ara_directory_epoch2000,13,0
Ara_directory_epoch2000,14,0
Ara_directory_epoch2000,15,0
Ara_directory_epoch2000,16,0
Ara_directory_epoch2000,17,0
Ara_directory_epoch2000,18,0
Ara_directory_epoch2000,19,0
Ara_directory_epoch2000,20,0
Ara_directory_epoch2000,21,0
Ara_directory_epoch2000,22,0
Ara_directory_epoch2000,23,0
Ara_directory_epoch2000,24,0
Ara_directory_epoch2000,25,0
Ara_directory_epoch2000,26,3
Ara_directory_epoch2000,27,4
Ara_directory_epoch2000,28,2
Ara_directory_epoch2000,29,4
Ara_directory_epoch2000,30,6
Ara_directory_epoch2000,31,12
Ara_directory_epoch2000,32,10
Ara_directory_epoch2000,33,19
Ara_directory_epoch2000,34,25
Ara_directory_epoch2000,35,24
Ara_directory_epoch2000,36,29
Ara_directory_epoch2000,37,50
Ara_directory_epoch2000,38,42
Ara_directory_epoch2000,39,50
Ara_directory_epoch2000,40,62
Ara_directory_epoch2000,41,82
Ara_directory_epoch2000,42,68
Ara_directory_epoch2000,43,100
Ara_directory_epoch2000,44,107
Ara_directory_epoch2000,45,87
Ara_directory_epoch2000,46,100
Ara_directory_epoch2000,47,125
Ara_directory_epoch2000,48,131
Ara_directory_epoch2000,49,149
Ara_directory_epoch2000,50,146
Ara_directory_epoch2000,51,153
Ara_directory_epoch2000,52,142
Ara_directory_epoch2000,53,168
Ara_directory_epoch2000,54,168
Ara_directory_epoch2000,55,167
Ara_directory_epoch2000,56,172
Ara_directory_epoch2000,57,186
Ara_directory_epoch2000,58,196
Ara_directory_epoch2000,59,215
Ara_directory_epoch2000,60,198
Ara_directory_epoch2000,61,205
Ara_directory_epoch2000,62,199
Ara_directory_epoch2000,63,205
Ara_directory_epoch2000,64,213
Ara_directory_epoch2000,65,228
Ara_directory_epoch2000,66,216
Ara_directory_epoch2000,67,239
Ara_directory_epoch2000,68,238
Ara_directory_epoch2000,69,234
Ara_directory_epoch2000,70,273
Ara_directory_epoch2000,71,258
Ara_directory_epoch2000,72,274
Ara_directory_epoch2000,73,231
Ara_directory_epoch2000,74,256
Ara_directory_epoch2000,75,243
Ara_directory_epoch2000,76,237
Ara_directory_epoch2000,77,241
Ara_directory_epoch2000,78,212
Ara_directory_epoch2000,79,194
Ara_directory_epoch2000,80,187
Ara_directory_epoch2000,81,144
Ara_directory_epoch2000,82,154
Ara_directory_epoch2000,83,131
Ara_directory_epoch2000,84,124
Ara_directory_epoch2000,85,117
Ara_directory_epoch2000,86,99
Ara_directory_epoch2000,87,81
Ara_directory_epoch2000,88,71
Ara_directory_epoch2000,89,62
Ara_directory_epoch2000,90,42
Ara_directory_epoch2000,91,52
Ara_directory_epoch2000,92,29
Ara_directory_epoch2000,93,25
Ara_directory_epoch2000,94,22
Ara_directory_epoch2000,95,19
Ara_directory_epoch2000,96,13
Ara_directory_epoch2000,97,12
Ara_directory_epoch2000,98,4
Ara_directory_epoch2000,99,4
Ara_directory_epoch2000,100,6
Ara_directory_epoch2000,101,1
Ara_directory_epoch2000,102,2
Ara_directory_epoch2000,103,1
Ara_directory_epoch2000,104,0
Ara_directory_epoch2000,105,0
Ara_directory_epoch2000,106,0
Ara_directory_epoch2000,107,0
Ara_directory_epoch2000,108,0
Ara_directory_epoch2000,109,0
Ara_directory_epoch2000,110,0
Ara_directory_epoch2000,111,0
Ara_directory_epoch2000,112,0
Ara_directory_epoch2000,113,0
Ara_directory_epoch2000,114,0
Ara_directory_epoch2000,115,0
Ara_directory_epoch2000,116,0
Ara_directory_epoch2000,117,0
Ara_directory_epoch2000,118,0
Ara_directory_epoch2000,119,0
Ara_directory_epoch2000,120,0
Ara_directory_epoch2000,121,0
Ara_directory_epoch2000,122,0
Ara_directory_epoch2000,123,0
Ara_directory_epoch2000,124,0
Ara_directory_epoch2000,125,0
Ara_directory_epoch2000,126,0
Ara_directory_epoch2000,127,0
Ara_directory_epoch2000,128,0
Ara_directory_epoch2000,129,0
Ara_directory_epoch2000,130,0
Ara_directory_epoch2000,131,0
Ara_directory_epoch2000,132,0
Ara_directory_epoch2000,133,0
Ara_directory_epoch2000,134,0
Ara_directory_epoch2000,135,0
Ara_directory_epoch2000,136,0
Ara_directory_epoch2000,137,0
Ara_directory_epoch2000,138,0
Ara_directory_epoch2000,139,0
Ara_directory_epoch2000,140,0
Ara_directory_epoch2000,141,0
Ara_directory_epoch2000,142,0
Ara_directory_epoch2000,143,0
Ara_directory_epoch2000,144,0
Ara_directory_epoch2000,145,0
Ara_directory_epoch2000,146,0
Ara_directory_epoch2000,147,0
Ara_directory_epoch2000,148,0
Ara_directory_epoch2000,149,0
Ara_directory_epoch2000,150,0
Ara_directory_epoch2000,151,0
Ara_directory_epoch2000,152,0
Ara_directory_epoch2000,153,0
Ara_directory_epoch2000,154,0
Ara_directory_epoch2000,155,0
Ara_directory_epoch2000,156,0
Ara_directory_epoch2000,157,0
Ara_directory_epoch2000,158,0
Ara_directory_epoch2000,159,0
Ara_directory_epoch2000,160,0
Maize_directory_epoch2000,0,0
Maize_directory_epoch2000,1,0
Maize_directory_epoch2000,2,0
Maize_directory_epoch2000,3,0
Maize_directory_epoch2000,4,0
Maize_directory_epoch2000,5,0
Maize_directory_epoch2000,6,0
Maize_directory_epoch2000,7,0
Maize_directory_epoch2000,8,0
Maize_directory_epoch2000,9,0
Maize_directory_epoch2000,10,0
Maize_directory_epoch2000,11,0
Maize_directory_epoch2000,12,0
Maize_directory_epoch2000,13,0
Maize_directory_epoch2000,14,0
Maize_directory_epoch2000,15,0
Maize_directory_epoch2000,16,0
Maize_directory_epoch2000,17,0
Maize_directory_epoch2000,18,0
Maize_directory_epoch2000,19,0
Maize_directory_epoch2000,20,0
Maize_directory_epoch2000,21,1
Maize_directory_epoch2000,22,0
Maize_directory_epoch2000,23,0
Maize_directory_epoch2000,24,0
Maize_directory_epoch2000,25,0
Maize_directory_epoch2000,26,3
Maize_directory_epoch2000,27,0
Maize_directory_epoch2000,28,3
Maize_directory_epoch2000,29,2
Maize_directory_epoch2000,30,5
Maize_directory_epoch2000,31,7
Maize_directory_epoch2000,32,7
Maize_directory_epoch2000,33,12
Maize_directory_epoch2000,34,11
Maize_directory_epoch2000,35,24
Maize_directory_epoch2000,36,27
Maize_directory_epoch2000,37,39
Maize_directory_epoch2000,38,48
Maize_directory_epoch2000,39,51
Maize_directory_epoch2000,40,74
Maize_directory_epoch2000,41,95
Maize_directory_epoch2000,42,98
Maize_directory_epoch2000,43,111
Maize_directory_epoch2000,44,123
Maize_directory_epoch2000,45,165
Maize_directory_epoch2000,46,153
Maize_directory_epoch2000,47,194
Maize_directory_epoch2000,48,221
Maize_directory_epoch2000,49,197
Maize_directory_epoch2000,50,247
Maize_directory_epoch2000,51,286
Maize_directory_epoch2000,52,234
Maize_directory_epoch2000,53,286
Maize_directory_epoch2000,54,262
Maize_directory_epoch2000,55,283
Maize_directory_epoch2000,56,278
Maize_directory_epoch2000,57,292
Maize_directory_epoch2000,58,309
Maize_directory_epoch2000,59,261
Maize_directory_epoch2000,60,263
Maize_directory_epoch2000,61,261
Maize_directory_epoch2000,62,263
Maize_directory_epoch2000,63,239
Maize_directory_epoch2000,64,224
Maize_directory_epoch2000,65,237
Maize_directory_epoch2000,66,218
Maize_directory_epoch2000,67,193
Maize_directory_epoch2000,68,201
Maize_directory_epoch2000,69,187
Maize_directory_epoch2000,70,196
Maize_directory_epoch2000,71,164
Maize_directory_epoch2000,72,161
Maize_directory_epoch2000,73,164
Maize_directory_epoch2000,74,145
Maize_directory_epoch2000,75,161
Maize_directory_epoch2000,76,136
Maize_directory_epoch2000,77,140
Maize_directory_epoch2000,78,106
Maize_directory_epoch2000,79,112
Maize_directory_epoch2000,80,116
Maize_directory_epoch2000,81,102
Maize_directory_epoch2000,82,82
Maize_directory_epoch2000,83,69
Maize_directory_epoch2000,84,58
Maize_directory_epoch2000,85,57
Maize_directory_epoch2000,86,63
Maize_directory_epoch2000,87,48
Maize_directory_epoch2000,88,36
Maize_directory_epoch2000,89,31
Maize_directory_epoch2000,90,31
Maize_directory_epoch2000,91,22
Maize_directory_epoch2000,92,21
Maize_directory_epoch2000,93,20
Maize_directory_epoch2000,94,14
Maize_directory_epoch2000,95,19
Maize_directory_epoch2000,96,11
Maize_directory_epoch2000,97,4
Maize_directory_epoch2000,98,6
Maize_directory_epoch2000,99,8
Maize_directory_epoch2000,100,0
Maize_directory_epoch2000,101,1
Maize_directory_epoch2000,102,1
Maize_directory_epoch2000,103,0
Maize_directory_epoch2000,104,0
Maize_directory_epoch2000,105,0
Maize_directory_epoch2000,106,0
Maize_directory_epoch2000,107,0
Maize_directory_epoch2000,108,0
Maize_directory_epoch2000,109,0
Maize_directory_epoch2000,110,0
Maize_directory_epoch2000,111,0
Maize_directory_epoch2000,112,0
Maize_directory_epoch2000,113,0
Maize_directory_epoch2000,114,0
Maize_directory_epoch2000,115,0
Maize_directory_epoch2000,116,0
Maize_directory_epoch2000,117,0
Maize_directory_epoch2000,118,0
Maize_directory_epoch2000,119,0
Maize_directory_epoch2000,120,0
Maize_directory_epoch2000,121,0
Maize_directory_epoch2000,122,0
Maize_directory_epoch2000,123,0
Maize_directory_epoch2000,124,0
Maize_directory_epoch2000,125,0
Maize_directory_epoch2000,126,0
Maize_directory_epoch2000,127,0
Maize_directory_epoch2000,128,0
Maize_directory_epoch2000,129,0
Maize_directory_epoch2000,130,0
Maize_directory_epoch2000,131,0
Maize_directory_epoch2000,132,0
Maize_directory_epoch2000,133,0
Maize_directory_epoch2000,134,0
Maize_directory_epoch2000,135,0
Maize_directory_epoch2000,136,0
Maize_directory_epoch2000,137,0
Maize_directory_epoch2000,138,0
Maize_directory_epoch2000,139,0
Maize_directory_epoch2000,140,0
Maize_directory_epoch2000,141,0
Maize_directory_epoch2000,142,0
Maize_directory_epoch2000,143,0
Maize_directory_epoch2000,144,0
Maize_directory_epoch2000,145,0
Maize_directory_epoch2000,146,0
Maize_directory_epoch2000,147,0
Maize_directory_epoch2000,148,0
Maize_directory_epoch2000,149,0
Maize_directory_epoch2000,150,0
Maize_directory_epoch2000,151,0
Maize_directory_epoch2000,152,0
Maize_directory_epoch2000,153,0
Maize_directory_epoch2000,154,0
Maize_directory_epoch2000,155,0
Maize_directory_epoch2000,156,0
Maize_directory_epoch2000,157,0
Maize_directory_epoch2000,158,0
Maize_directory_epoch2000,159,0
Maize_directory_epoch2000,160,0
