species_directory,epoch,count,lengths,illegal_sequences,sha256,source_relative_path
Ara,50,9000,[160],0,3952c47e87e9330104d4bc06260b6b1e218f4a8f09594a2b097604ddaae0a593,topic_new26/topic_enhancer/every_species/Ara/35s/down/DDPM/v1/gen_file/50.fasta
Ara,100,9000,[160],0,c40cf0a567aa503044f0363931b261251c79daac3a224a4bd5545d4d3560a05f,topic_new26/topic_enhancer/every_species/Ara/35s/down/DDPM/v1/gen_file/100.fasta
Ara,150,9000,[160],0,ede20241584927eed54adf30a0b9cb205eadcd40286f0c4126df014072ce77de,topic_new26/topic_enhancer/every_species/Ara/35s/down/DDPM/v1/gen_file/150.fasta
Ara,200,9000,[160],0,511c62a3736d7361fc106326f4df75a523211afa95602032f070d7b6cb571f5a,topic_new26/topic_enhancer/every_species/Ara/35s/down/DDPM/v1/gen_file/200.fasta
Ara,250,9000,[160],0,51ee8be59ef7a0820aad82da99a3622de9e1699a9c374597e2db5a8a4e0b398d,topic_new26/topic_enhancer/every_species/Ara/35s/down/DDPM/v1/gen_file/250.fasta
Ara,300,9000,[160],0,6e196aeec97b3269cf4bad42e3fd048973c50d52e8e8f1e6c73b60cb0d5059a7,topic_new26/topic_enhancer/every_species/Ara/35s/down/DDPM/v1/gen_file/300.fasta
Ara,350,9000,[160],0,32f7e610238a27c38f4006b00cee1feace7a9bb4853fa48bf7bf3cc53df06d26,topic_new26/topic_enhancer/every_species/Ara/35s/down/DDPM/v1/gen_file/350.fasta
Ara,400,9000,[160],0,6e40506a78d65161ae96942cc49b3242a89a778e265159c2c4f2b12761255aad,topic_new26/topic_enhancer/every_species/Ara/35s/down/DDPM/v1/gen_file/400.fasta
Ara,450,9000,[160],0,d7845362af6b58dfa3e65c153757f902e42a75485de1ba0f4cfbef0061a8b4ec,topic_new26/topic_enhancer/every_species/Ara/35s/down/DDPM/v1/gen_file/450.fasta
Ara,500,9000,[160],0,4046c8daf8404393b891834c0785a4df417bb5031f3c2efa61c51250e2b31663,topic_new26/topic_enhancer/every_species/Ara/35s/down/DDPM/v1/gen_file/500.fasta
Ara,550,9000,[160],0,38a066da4e261d9fe0d5dc2e0aadf397a5b014eee6e5eb408702a06625423d13,topic_new26/topic_enhancer/every_species/Ara/35s/down/DDPM/v1/gen_file/550.fasta
Ara,600,9000,[160],0,f39c857dd70d0510f1af11f7fa4f5a40d5b7c7e64cdaefdc09a5dd4651d3fc4a,topic_new26/topic_enhancer/every_species/Ara/35s/down/DDPM/v1/gen_file/600.fasta
Ara,650,9000,[160],0,21fb7351782e06c2dd1b6eb813a6066f04710d4e8c664f0c4b4c3ba660710474,topic_new26/topic_enhancer/every_species/Ara/35s/down/DDPM/v1/gen_file/650.fasta
Ara,700,9000,[160],0,85116dbb1e1410555f6a03d4bdb8ccff742b5adddd5174660e472dffe26f3390,topic_new26/topic_enhancer/every_species/Ara/35s/down/DDPM/v1/gen_file/700.fasta
Ara,750,9000,[160],0,ad9a05c68be1d12355068816791660e72d7ff0fc044cfae87a8995b5d6281d64,topic_new26/topic_enhancer/every_species/Ara/35s/down/DDPM/v1/gen_file/750.fasta
Ara,800,9000,[160],0,db40fef26bbba401dc4b5b8ad215b070367194ef9ecf3ddb664d06d48fa146e6,topic_new26/topic_enhancer/every_species/Ara/35s/down/DDPM/v1/gen_file/800.fasta
Ara,850,9000,[160],0,3399212567ab28fc8cdae580768a63a39be028ed20749fca6424b3d370e603ae,topic_new26/topic_enhancer/every_species/Ara/35s/down/DDPM/v1/gen_file/850.fasta
Ara,900,9000,[160],0,ce0d3899db0c67f0bf527e55df7fbb166a8d965478e868b46e599dd3b88683f0,topic_new26/topic_enhancer/every_species/Ara/35s/down/DDPM/v1/gen_file/900.fasta
Ara,950,9000,[160],0,33b7388e7258c7f5242cc18f27e2beea2846d672a3c88b41fe7406cc0d7f5223,topic_new26/topic_enhancer/every_species/Ara/35s/down/DDPM/v1/gen_file/950.fasta
Ara,1000,9000,[160],0,1239c2bb0e8b76b79d4cd3e32d3a9e366f46136790ad46eb09f81dea13a899a4,topic_new26/topic_enhancer/every_species/Ara/35s/down/DDPM/v1/gen_file/1000.fasta
Ara,1050,9000,[160],0,c05b774e9402c6da01efed3f6e0f544c6b74fc4650b648919df64a13d65f4c7f,topic_new26/topic_enhancer/every_species/Ara/35s/down/DDPM/v1/gen_file/1050.fasta
Ara,1100,9000,[160],0,70df4342fb75899c5f471fba835323c3a346a23cf97674c14f774a3c5893cc01,topic_new26/topic_enhancer/every_species/Ara/35s/down/DDPM/v1/gen_file/1100.fasta
Ara,1150,9000,[160],0,03cfa81fcaf571b920f23b549e655a02b119df044d6ca6e2b42aeeb724335a4d,topic_new26/topic_enhancer/every_species/Ara/35s/down/DDPM/v1/gen_file/1150.fasta
Ara,1200,9000,[160],0,f6a3b662136fa9d2dbf7e7d7c499585096b507c76dddb3a650e31c988c132364,topic_new26/topic_enhancer/every_species/Ara/35s/down/DDPM/v1/gen_file/1200.fasta
Ara,1250,9000,[160],0,08b44c6072dd0ca23a453861a5b48742a84a54da78f30fd35cb9684b4ad1e578,topic_new26/topic_enhancer/every_species/Ara/35s/down/DDPM/v1/gen_file/1250.fasta
Ara,1300,9000,[160],0,8b5d64fff9908c3bcf2dab676e9e61f204b77ec23e0457b791c0ae4073aeb08b,topic_new26/topic_enhancer/every_species/Ara/35s/down/DDPM/v1/gen_file/1300.fasta
Ara,1350,9000,[160],0,50dde6ab919b5c679eb071f9a48169257d21770bf2421127435395f669615e39,topic_new26/topic_enhancer/every_species/Ara/35s/down/DDPM/v1/gen_file/1350.fasta
Ara,1400,9000,[160],0,f5467cdca1e49b76d86bbdf2a1774433c51d8ef204db5bd3ef0463c665dfaab6,topic_new26/topic_enhancer/every_species/Ara/35s/down/DDPM/v1/gen_file/1400.fasta
Ara,1450,9000,[160],0,4ae0cfe1f3b9f04fd6a16dd7f3ee7e78c21457a2b248f19d0bd3d9a3c1c237ad,topic_new26/topic_enhancer/every_species/Ara/35s/down/DDPM/v1/gen_file/1450.fasta
Ara,1500,9000,[160],0,2afd4d6d349e5d78f3748c04eac424f8726838e789a12c1f4c7f8929905bd546,topic_new26/topic_enhancer/every_species/Ara/35s/down/DDPM/v1/gen_file/1500.fasta
Ara,1550,9000,[160],0,3d920ccf273b5a54e4ae9f13ae55fdd110060e4367a6e15dd0c5dcca53225de6,topic_new26/topic_enhancer/every_species/Ara/35s/down/DDPM/v1/gen_file/1550.fasta
Ara,1600,9000,[160],0,e3cdaa95d7fcc1536e8ae04404864f9a7b78a920cef0a36757981533809efe58,topic_new26/topic_enhancer/every_species/Ara/35s/down/DDPM/v1/gen_file/1600.fasta
Ara,1650,9000,[160],0,5f1b3c21880c49fea23b39359b190180bd5f6e0e058e60125e2ab0a3e695f1fe,topic_new26/topic_enhancer/every_species/Ara/35s/down/DDPM/v1/gen_file/1650.fasta
Ara,1700,9000,[160],0,583f53b60ac2224a2516c8b14430a4dbb32f52244795a353ec67d44ad5f8e83a,topic_new26/topic_enhancer/every_species/Ara/35s/down/DDPM/v1/gen_file/1700.fasta
Ara,1750,9000,[160],0,1d22f65f8addc68485d33327afb225bc599abb7226acba6d1c1e72b8796ff227,topic_new26/topic_enhancer/every_species/Ara/35s/down/DDPM/v1/gen_file/1750.fasta
Ara,1800,9000,[160],0,eb4a811a37757fb6a09ce6285e4c560c361b06cc3ef8fdc95454bbfbd50febc0,topic_new26/topic_enhancer/every_species/Ara/35s/down/DDPM/v1/gen_file/1800.fasta
Ara,1850,9000,[160],0,1fb9b7962510e9decd4e7b57f81247863e2a4986d05ab046ce897583cbb3be65,topic_new26/topic_enhancer/every_species/Ara/35s/down/DDPM/v1/gen_file/1850.fasta
Ara,1900,9000,[160],0,561b7a4df4d282e4ba1e5661a6b420075c87bf8e74c198f79613cdf4749d0325,topic_new26/topic_enhancer/every_species/Ara/35s/down/DDPM/v1/gen_file/1900.fasta
Ara,1950,9000,[160],0,d1ef7e39337ca07c23efc63e6d472d97c4865b984a0afbf3c7ac66090d858c4a,topic_new26/topic_enhancer/every_species/Ara/35s/down/DDPM/v1/gen_file/1950.fasta
Ara,2000,9000,[160],0,71ebcf2e8c122dbd313c6c5fa950a70a0f1596c0c731ec6e4c362b22a9607e4c,topic_new26/topic_enhancer/every_species/Ara/35s/down/DDPM/v1/gen_file/2000.fasta
Maize,50,9000,[160],0,60f54b8a18973ba646d5e6f8b55a3093076e6db93e8cdeeb8c9e383e056144bf,topic_new26/topic_enhancer/every_species/Maize/35s/down/DDPM/v1/gen_file/50.fasta
Maize,100,9000,[160],0,b08855241637c4b38179adf97b3e66d2e095dee9ec5541a821ed965113d8ae2c,topic_new26/topic_enhancer/every_species/Maize/35s/down/DDPM/v1/gen_file/100.fasta
Maize,150,9000,[160],0,50090b151afd1497fa5eb71777df8727ca00ab848e6eda37eaf7fba77ffbf666,topic_new26/topic_enhancer/every_species/Maize/35s/down/DDPM/v1/gen_file/150.fasta
Maize,200,9000,[160],0,f79cc0859d1c7af17cc77d38a22a966fe9d221644c9e6ab04dfbd4465fd67ae7,topic_new26/topic_enhancer/every_species/Maize/35s/down/DDPM/v1/gen_file/200.fasta
Maize,250,9000,[160],0,e612fadf61ee9cd700831cd13761add50e8f9e19e36af996a0a7e5fe2f613dc8,topic_new26/topic_enhancer/every_species/Maize/35s/down/DDPM/v1/gen_file/250.fasta
Maize,300,9000,[160],0,ab91b3f79eb725dbcb09e5db2199fb80991086429e8a9c56f16cfaf501324933,topic_new26/topic_enhancer/every_species/Maize/35s/down/DDPM/v1/gen_file/300.fasta
Maize,350,9000,[160],0,8394c7b94a12921409cd327bd4dd5bdb9dcabe724ebf82b30541e216480d63af,topic_new26/topic_enhancer/every_species/Maize/35s/down/DDPM/v1/gen_file/350.fasta
Maize,400,9000,[160],0,c3df7ef7943c16d44586cadf6f79c5c337a7b7ec287befacddb108aada254bcb,topic_new26/topic_enhancer/every_species/Maize/35s/down/DDPM/v1/gen_file/400.fasta
Maize,450,9000,[160],0,fb61336235eb0a7867733caf676d9f435dcda4849948b777031a7796723da1d6,topic_new26/topic_enhancer/every_species/Maize/35s/down/DDPM/v1/gen_file/450.fasta
Maize,500,9000,[160],0,941ea2a57646dc1aad5272809401d798d11cc66c300fd296831b71a531a46da0,topic_new26/topic_enhancer/every_species/Maize/35s/down/DDPM/v1/gen_file/500.fasta
Maize,550,9000,[160],0,970fa968b1428d0e9a242724cbd22259c0ebff6a94da27b9a246d135487abbb2,topic_new26/topic_enhancer/every_species/Maize/35s/down/DDPM/v1/gen_file/550.fasta
Maize,600,9000,[160],0,426891ed61f6ed8c16600299bcf00adea0f1d5f700712d105ee9c0901d240cdd,topic_new26/topic_enhancer/every_species/Maize/35s/down/DDPM/v1/gen_file/600.fasta
Maize,650,9000,[160],0,1f6c9c8953a3ce6af532400a585efdb98c2e5452005efd045e4c669850f4f68c,topic_new26/topic_enhancer/every_species/Maize/35s/down/DDPM/v1/gen_file/650.fasta
Maize,700,9000,[160],0,b24da91692f1332d191114f88b966f040bc0f71c048c93b7988ba490f6e37e54,topic_new26/topic_enhancer/every_species/Maize/35s/down/DDPM/v1/gen_file/700.fasta
Maize,750,9000,[160],0,4a788c1f369b769a179be5b6aa6eb41b8d19e0dc87f0718ea2c9744700a1bb2d,topic_new26/topic_enhancer/every_species/Maize/35s/down/DDPM/v1/gen_file/750.fasta
Maize,800,9000,[160],0,09c68340139d35d4612f404369c6e2c57b7a445054b391f6e44f5fa71acc69f0,topic_new26/topic_enhancer/every_species/Maize/35s/down/DDPM/v1/gen_file/800.fasta
Maize,850,9000,[160],0,32b894c2c58bb3db5ec3c0957edf67eb237ed3b27e49fe17457267b800c5dc92,topic_new26/topic_enhancer/every_species/Maize/35s/down/DDPM/v1/gen_file/850.fasta
Maize,900,9000,[160],0,ecda75b2e9ca77b379c3ca9c98d6024ad25017f9506ebf0c88e8a77c2ec8c974,topic_new26/topic_enhancer/every_species/Maize/35s/down/DDPM/v1/gen_file/900.fasta
Maize,950,9000,[160],0,1ee4bff98f13866008aac7cf83608bdc187a03e6edfd0d2ad51bbcca25311576,topic_new26/topic_enhancer/every_species/Maize/35s/down/DDPM/v1/gen_file/950.fasta
Maize,1000,9000,[160],0,9c81b4c4f1f783c7d280a9ea34cf06396cbc46553e0aa235ead23cb1088c5e58,topic_new26/topic_enhancer/every_species/Maize/35s/down/DDPM/v1/gen_file/1000.fasta
Maize,1050,9000,[160],0,7444f2ead38361c4186ffedce7c8d4fb04e1e4c6ec0b38877794c4f6295390dd,topic_new26/topic_enhancer/every_species/Maize/35s/down/DDPM/v1/gen_file/1050.fasta
Maize,1100,9000,[160],0,cfe4a46ea0ce697f5d4be64b2ef08902f41f01448a8bc211850d3ffcce23693f,topic_new26/topic_enhancer/every_species/Maize/35s/down/DDPM/v1/gen_file/1100.fasta
Maize,1150,9000,[160],0,79538e04c54962c50e085349c67783e370cb504de3444904f9babd480d7f83db,topic_new26/topic_enhancer/every_species/Maize/35s/down/DDPM/v1/gen_file/1150.fasta
Maize,1200,9000,[160],0,e952b24676cde63d4f10a1b0e0115543e620bef07cb68c89254e979f3e9c2112,topic_new26/topic_enhancer/every_species/Maize/35s/down/DDPM/v1/gen_file/1200.fasta
Maize,1250,9000,[160],0,a87f19576f61df155fb367dad8c8760ac47616755d5075e14c283e6709195f29,topic_new26/topic_enhancer/every_species/Maize/35s/down/DDPM/v1/gen_file/1250.fasta
Maize,1300,9000,[160],0,8a0b8ec3e741bbd6e8fae37b343c23da03a31b785be7a0b41f2faf45246baa8e,topic_new26/topic_enhancer/every_species/Maize/35s/down/DDPM/v1/gen_file/1300.fasta
Maize,1350,9000,[160],0,0382141ab9268459679fe189817ec6cf59c0e33f0ed416770faf26435e8e3f66,topic_new26/topic_enhancer/every_species/Maize/35s/down/DDPM/v1/gen_file/1350.fasta
Maize,1400,9000,[160],0,a4d488141ab15c3df2c0d60b72ae6e1cebe30f3a2e8577c455f9017b51a40b32,topic_new26/topic_enhancer/every_species/Maize/35s/down/DDPM/v1/gen_file/1400.fasta
Maize,1450,9000,[160],0,6e7c624b6bf8b61b5cb1b75fa97ba794f3fdbe1edfe352f26d9db313119119ce,topic_new26/topic_enhancer/every_species/Maize/35s/down/DDPM/v1/gen_file/1450.fasta
Maize,1500,9000,[160],0,2381fb411ee0345b4e226173ef7632448e9a991fc9c3bc915ca36e470546797c,topic_new26/topic_enhancer/every_species/Maize/35s/down/DDPM/v1/gen_file/1500.fasta
Maize,1550,9000,[160],0,f60ac9cd51029007371a84d07828a5aba8b9be8f32b80cdc531f15680af96270,topic_new26/topic_enhancer/every_species/Maize/35s/down/DDPM/v1/gen_file/1550.fasta
Maize,1600,9000,[160],0,b7d44ed4020ade12af929fc0c4e2070d8e36aac9356f67c8e896f5f743878f02,topic_new26/topic_enhancer/every_species/Maize/35s/down/DDPM/v1/gen_file/1600.fasta
Maize,1650,9000,[160],0,208394ab9b4b7cfe5dc55922b87f605734bc1cf4cc7cafbada8839a58e98fa38,topic_new26/topic_enhancer/every_species/Maize/35s/down/DDPM/v1/gen_file/1650.fasta
Maize,1700,9000,[160],0,4deb12c81c5baf1e248168f8814a7033a735a5d6ccc5c124eb80a8c4c274df29,topic_new26/topic_enhancer/every_species/Maize/35s/down/DDPM/v1/gen_file/1700.fasta
Maize,1750,9000,[160],0,6e7ff0ceef303c0ec6f939b597faa4adf5e568a529b75936880bf1a1117c6c29,topic_new26/topic_enhancer/every_species/Maize/35s/down/DDPM/v1/gen_file/1750.fasta
Maize,1800,9000,[160],0,65d6c88cfc7a45c72962197d702b1c25d708931c573d61dd7133e03c43b487bd,topic_new26/topic_enhancer/every_species/Maize/35s/down/DDPM/v1/gen_file/1800.fasta
Maize,1850,9000,[160],0,0db7620ddd976b9aca390f20988d4a4e3227a009141a37cc130392b0f9fba60c,topic_new26/topic_enhancer/every_species/Maize/35s/down/DDPM/v1/gen_file/1850.fasta
Maize,1900,9000,[160],0,550ca75a5405b4711a0f44ea601eb0d87a9761ebb79f80a280c7c9b09f80f403,topic_new26/topic_enhancer/every_species/Maize/35s/down/DDPM/v1/gen_file/1900.fasta
Maize,1950,9000,[160],0,444b6e32c9efab258d62628ec2b1242d9655fd77c8627c56d9a34623c6e587b8,topic_new26/topic_enhancer/every_species/Maize/35s/down/DDPM/v1/gen_file/1950.fasta
Maize,2000,9000,[160],0,4ee9c7c714fdfa39e5eb2add7509925ead508de8a78b7bb3233769c6f0dbf23c,topic_new26/topic_enhancer/every_species/Maize/35s/down/DDPM/v1/gen_file/2000.fasta
