epoch,mode,max_homopolymer_below,total_n,retained_n,strict_both_retained,fraction_of_all_generated,fraction_of_retained,scope
50,up,10,500,398,0,0.0,0.0,descriptive_sensitivity_not_final_quality_gate
50,up,20,500,469,1,0.002,0.0021321961620469083,descriptive_sensitivity_not_final_quality_gate
50,down,10,500,92,0,0.0,0.0,descriptive_sensitivity_not_final_quality_gate
50,down,20,500,433,0,0.0,0.0,descriptive_sensitivity_not_final_quality_gate
50,both,10,500,437,2,0.004,0.004576659038901602,descriptive_sensitivity_not_final_quality_gate
50,both,20,500,478,3,0.006,0.006276150627615063,descriptive_sensitivity_not_final_quality_gate
100,up,10,500,398,0,0.0,0.0,descriptive_sensitivity_not_final_quality_gate
100,up,20,500,475,2,0.004,0.004210526315789474,descriptive_sensitivity_not_final_quality_gate
100,down,10,500,11,0,0.0,0.0,descriptive_sensitivity_not_final_quality_gate
100,down,20,500,170,0,0.0,0.0,descriptive_sensitivity_not_final_quality_gate
100,both,10,500,175,28,0.056,0.16,descriptive_sensitivity_not_final_quality_gate
100,both,20,500,330,71,0.142,0.21515151515151515,descriptive_sensitivity_not_final_quality_gate
150,up,10,500,329,4,0.008,0.0121580547112462,descriptive_sensitivity_not_final_quality_gate
150,up,20,500,435,6,0.012,0.013793103448275862,descriptive_sensitivity_not_final_quality_gate
150,down,10,500,1,0,0.0,0.0,descriptive_sensitivity_not_final_quality_gate
150,down,20,500,173,0,0.0,0.0,descriptive_sensitivity_not_final_quality_gate
150,both,10,500,54,14,0.028,0.25925925925925924,descriptive_sensitivity_not_final_quality_gate
150,both,20,500,206,59,0.118,0.28640776699029125,descriptive_sensitivity_not_final_quality_gate
200,up,10,500,160,1,0.002,0.00625,descriptive_sensitivity_not_final_quality_gate
200,up,20,500,298,9,0.018,0.030201342281879196,descriptive_sensitivity_not_final_quality_gate
200,down,10,500,2,0,0.0,0.0,descriptive_sensitivity_not_final_quality_gate
200,down,20,500,213,0,0.0,0.0,descriptive_sensitivity_not_final_quality_gate
200,both,10,500,26,4,0.008,0.15384615384615385,descriptive_sensitivity_not_final_quality_gate
200,both,20,500,122,26,0.052,0.21311475409836064,descriptive_sensitivity_not_final_quality_gate
250,up,10,500,369,0,0.0,0.0,descriptive_sensitivity_not_final_quality_gate
250,up,20,500,460,2,0.004,0.004347826086956522,descriptive_sensitivity_not_final_quality_gate
250,down,10,500,71,0,0.0,0.0,descriptive_sensitivity_not_final_quality_gate
250,down,20,500,184,0,0.0,0.0,descriptive_sensitivity_not_final_quality_gate
250,both,10,500,86,15,0.03,0.1744186046511628,descriptive_sensitivity_not_final_quality_gate
250,both,20,500,258,43,0.086,0.16666666666666666,descriptive_sensitivity_not_final_quality_gate
300,up,10,500,340,0,0.0,0.0,descriptive_sensitivity_not_final_quality_gate
300,up,20,500,476,0,0.0,0.0,descriptive_sensitivity_not_final_quality_gate
300,down,10,500,164,0,0.0,0.0,descriptive_sensitivity_not_final_quality_gate
300,down,20,500,427,0,0.0,0.0,descriptive_sensitivity_not_final_quality_gate
300,both,10,500,399,4,0.008,0.010025062656641603,descriptive_sensitivity_not_final_quality_gate
300,both,20,500,490,4,0.008,0.00816326530612245,descriptive_sensitivity_not_final_quality_gate
350,up,10,500,390,0,0.0,0.0,descriptive_sensitivity_not_final_quality_gate
350,up,20,500,444,0,0.0,0.0,descriptive_sensitivity_not_final_quality_gate
350,down,10,500,0,0,0.0,,descriptive_sensitivity_not_final_quality_gate
350,down,20,500,22,0,0.0,0.0,descriptive_sensitivity_not_final_quality_gate
350,both,10,500,262,3,0.006,0.011450381679389313,descriptive_sensitivity_not_final_quality_gate
350,both,20,500,356,28,0.056,0.07865168539325842,descriptive_sensitivity_not_final_quality_gate
400,up,10,500,262,1,0.002,0.003816793893129771,descriptive_sensitivity_not_final_quality_gate
400,up,20,500,474,16,0.032,0.03375527426160337,descriptive_sensitivity_not_final_quality_gate
400,down,10,500,0,0,0.0,,descriptive_sensitivity_not_final_quality_gate
400,down,20,500,25,0,0.0,0.0,descriptive_sensitivity_not_final_quality_gate
400,both,10,500,11,2,0.004,0.18181818181818182,descriptive_sensitivity_not_final_quality_gate
400,both,20,500,165,49,0.098,0.296969696969697,descriptive_sensitivity_not_final_quality_gate
450,up,10,500,457,0,0.0,0.0,descriptive_sensitivity_not_final_quality_gate
450,up,20,500,491,0,0.0,0.0,descriptive_sensitivity_not_final_quality_gate
450,down,10,500,8,0,0.0,0.0,descriptive_sensitivity_not_final_quality_gate
450,down,20,500,36,0,0.0,0.0,descriptive_sensitivity_not_final_quality_gate
450,both,10,500,387,4,0.008,0.0103359173126615,descriptive_sensitivity_not_final_quality_gate
450,both,20,500,446,20,0.04,0.04484304932735426,descriptive_sensitivity_not_final_quality_gate
500,up,10,500,475,1,0.002,0.002105263157894737,descriptive_sensitivity_not_final_quality_gate
500,up,20,500,499,1,0.002,0.002004008016032064,descriptive_sensitivity_not_final_quality_gate
500,down,10,500,3,0,0.0,0.0,descriptive_sensitivity_not_final_quality_gate
500,down,20,500,14,0,0.0,0.0,descriptive_sensitivity_not_final_quality_gate
500,both,10,500,151,49,0.098,0.32450331125827814,descriptive_sensitivity_not_final_quality_gate
500,both,20,500,354,127,0.254,0.3587570621468927,descriptive_sensitivity_not_final_quality_gate
550,up,10,500,458,0,0.0,0.0,descriptive_sensitivity_not_final_quality_gate
550,up,20,500,487,1,0.002,0.002053388090349076,descriptive_sensitivity_not_final_quality_gate
550,down,10,500,0,0,0.0,,descriptive_sensitivity_not_final_quality_gate
550,down,20,500,10,0,0.0,0.0,descriptive_sensitivity_not_final_quality_gate
550,both,10,500,221,43,0.086,0.19457013574660634,descriptive_sensitivity_not_final_quality_gate
550,both,20,500,320,94,0.188,0.29375,descriptive_sensitivity_not_final_quality_gate
600,up,10,500,473,0,0.0,0.0,descriptive_sensitivity_not_final_quality_gate
600,up,20,500,497,1,0.002,0.002012072434607646,descriptive_sensitivity_not_final_quality_gate
600,down,10,500,2,0,0.0,0.0,descriptive_sensitivity_not_final_quality_gate
600,down,20,500,21,0,0.0,0.0,descriptive_sensitivity_not_final_quality_gate
600,both,10,500,152,58,0.116,0.3815789473684211,descriptive_sensitivity_not_final_quality_gate
600,both,20,500,327,129,0.258,0.3944954128440367,descriptive_sensitivity_not_final_quality_gate
650,up,10,500,347,0,0.0,0.0,descriptive_sensitivity_not_final_quality_gate
650,up,20,500,448,0,0.0,0.0,descriptive_sensitivity_not_final_quality_gate
650,down,10,500,0,0,0.0,,descriptive_sensitivity_not_final_quality_gate
650,down,20,500,4,0,0.0,0.0,descriptive_sensitivity_not_final_quality_gate
650,both,10,500,240,1,0.002,0.004166666666666667,descriptive_sensitivity_not_final_quality_gate
650,both,20,500,366,20,0.04,0.0546448087431694,descriptive_sensitivity_not_final_quality_gate
700,up,10,500,435,0,0.0,0.0,descriptive_sensitivity_not_final_quality_gate
700,up,20,500,482,7,0.014,0.014522821576763486,descriptive_sensitivity_not_final_quality_gate
700,down,10,500,1,0,0.0,0.0,descriptive_sensitivity_not_final_quality_gate
700,down,20,500,11,0,0.0,0.0,descriptive_sensitivity_not_final_quality_gate
700,both,10,500,136,30,0.06,0.22058823529411764,descriptive_sensitivity_not_final_quality_gate
700,both,20,500,266,113,0.226,0.424812030075188,descriptive_sensitivity_not_final_quality_gate
750,up,10,500,489,0,0.0,0.0,descriptive_sensitivity_not_final_quality_gate
750,up,20,500,500,0,0.0,0.0,descriptive_sensitivity_not_final_quality_gate
750,down,10,500,168,0,0.0,0.0,descriptive_sensitivity_not_final_quality_gate
750,down,20,500,418,0,0.0,0.0,descriptive_sensitivity_not_final_quality_gate
750,both,10,500,489,13,0.026,0.026584867075664622,descriptive_sensitivity_not_final_quality_gate
750,both,20,500,498,17,0.034,0.03413654618473896,descriptive_sensitivity_not_final_quality_gate
800,up,10,500,485,0,0.0,0.0,descriptive_sensitivity_not_final_quality_gate
800,up,20,500,499,0,0.0,0.0,descriptive_sensitivity_not_final_quality_gate
800,down,10,500,163,0,0.0,0.0,descriptive_sensitivity_not_final_quality_gate
800,down,20,500,408,0,0.0,0.0,descriptive_sensitivity_not_final_quality_gate
800,both,10,500,476,20,0.04,0.04201680672268908,descriptive_sensitivity_not_final_quality_gate
800,both,20,500,497,23,0.046,0.04627766599597585,descriptive_sensitivity_not_final_quality_gate
850,up,10,500,488,0,0.0,0.0,descriptive_sensitivity_not_final_quality_gate
850,up,20,500,500,0,0.0,0.0,descriptive_sensitivity_not_final_quality_gate
850,down,10,500,194,0,0.0,0.0,descriptive_sensitivity_not_final_quality_gate
850,down,20,500,491,0,0.0,0.0,descriptive_sensitivity_not_final_quality_gate
850,both,10,500,497,1,0.002,0.002012072434607646,descriptive_sensitivity_not_final_quality_gate
850,both,20,500,500,1,0.002,0.002,descriptive_sensitivity_not_final_quality_gate
900,up,10,500,471,0,0.0,0.0,descriptive_sensitivity_not_final_quality_gate
900,up,20,500,491,0,0.0,0.0,descriptive_sensitivity_not_final_quality_gate
900,down,10,500,32,0,0.0,0.0,descriptive_sensitivity_not_final_quality_gate
900,down,20,500,61,0,0.0,0.0,descriptive_sensitivity_not_final_quality_gate
900,both,10,500,274,31,0.062,0.11313868613138686,descriptive_sensitivity_not_final_quality_gate
900,both,20,500,370,74,0.148,0.2,descriptive_sensitivity_not_final_quality_gate
950,up,10,500,0,0,0.0,,descriptive_sensitivity_not_final_quality_gate
950,up,20,500,55,6,0.012,0.10909090909090909,descriptive_sensitivity_not_final_quality_gate
950,down,10,500,0,0,0.0,,descriptive_sensitivity_not_final_quality_gate
950,down,20,500,53,0,0.0,0.0,descriptive_sensitivity_not_final_quality_gate
950,both,10,500,0,0,0.0,,descriptive_sensitivity_not_final_quality_gate
950,both,20,500,39,2,0.004,0.05128205128205128,descriptive_sensitivity_not_final_quality_gate
1000,up,10,500,463,0,0.0,0.0,descriptive_sensitivity_not_final_quality_gate
1000,up,20,500,500,0,0.0,0.0,descriptive_sensitivity_not_final_quality_gate
1000,down,10,500,135,0,0.0,0.0,descriptive_sensitivity_not_final_quality_gate
1000,down,20,500,318,0,0.0,0.0,descriptive_sensitivity_not_final_quality_gate
1000,both,10,500,319,149,0.298,0.4670846394984326,descriptive_sensitivity_not_final_quality_gate
1000,both,20,500,395,191,0.382,0.4835443037974684,descriptive_sensitivity_not_final_quality_gate
1050,up,10,500,423,0,0.0,0.0,descriptive_sensitivity_not_final_quality_gate
1050,up,20,500,468,1,0.002,0.002136752136752137,descriptive_sensitivity_not_final_quality_gate
1050,down,10,500,60,0,0.0,0.0,descriptive_sensitivity_not_final_quality_gate
1050,down,20,500,127,0,0.0,0.0,descriptive_sensitivity_not_final_quality_gate
1050,both,10,500,244,39,0.078,0.1598360655737705,descriptive_sensitivity_not_final_quality_gate
1050,both,20,500,395,95,0.19,0.24050632911392406,descriptive_sensitivity_not_final_quality_gate
1100,up,10,500,438,0,0.0,0.0,descriptive_sensitivity_not_final_quality_gate
1100,up,20,500,493,0,0.0,0.0,descriptive_sensitivity_not_final_quality_gate
1100,down,10,500,149,0,0.0,0.0,descriptive_sensitivity_not_final_quality_gate
1100,down,20,500,363,0,0.0,0.0,descriptive_sensitivity_not_final_quality_gate
1100,both,10,500,423,5,0.01,0.01182033096926714,descriptive_sensitivity_not_final_quality_gate
1100,both,20,500,495,6,0.012,0.012121212121212121,descriptive_sensitivity_not_final_quality_gate
1150,up,10,500,381,0,0.0,0.0,descriptive_sensitivity_not_final_quality_gate
1150,up,20,500,483,0,0.0,0.0,descriptive_sensitivity_not_final_quality_gate
1150,down,10,500,209,0,0.0,0.0,descriptive_sensitivity_not_final_quality_gate
1150,down,20,500,464,0,0.0,0.0,descriptive_sensitivity_not_final_quality_gate
1150,both,10,500,459,0,0.0,0.0,descriptive_sensitivity_not_final_quality_gate
1150,both,20,500,498,0,0.0,0.0,descriptive_sensitivity_not_final_quality_gate
1200,up,10,500,425,0,0.0,0.0,descriptive_sensitivity_not_final_quality_gate
1200,up,20,500,493,0,0.0,0.0,descriptive_sensitivity_not_final_quality_gate
1200,down,10,500,228,0,0.0,0.0,descriptive_sensitivity_not_final_quality_gate
1200,down,20,500,472,0,0.0,0.0,descriptive_sensitivity_not_final_quality_gate
1200,both,10,500,422,3,0.006,0.0071090047393364926,descriptive_sensitivity_not_final_quality_gate
1200,both,20,500,489,8,0.016,0.016359918200409,descriptive_sensitivity_not_final_quality_gate
1250,up,10,500,326,0,0.0,0.0,descriptive_sensitivity_not_final_quality_gate
1250,up,20,500,444,6,0.012,0.013513513513513514,descriptive_sensitivity_not_final_quality_gate
1250,down,10,500,0,0,0.0,,descriptive_sensitivity_not_final_quality_gate
1250,down,20,500,9,0,0.0,0.0,descriptive_sensitivity_not_final_quality_gate
1250,both,10,500,18,3,0.006,0.16666666666666666,descriptive_sensitivity_not_final_quality_gate
1250,both,20,500,120,42,0.084,0.35,descriptive_sensitivity_not_final_quality_gate
1300,up,10,500,493,0,0.0,0.0,descriptive_sensitivity_not_final_quality_gate
1300,up,20,500,500,0,0.0,0.0,descriptive_sensitivity_not_final_quality_gate
1300,down,10,500,322,0,0.0,0.0,descriptive_sensitivity_not_final_quality_gate
1300,down,20,500,449,0,0.0,0.0,descriptive_sensitivity_not_final_quality_gate
1300,both,10,500,457,218,0.436,0.47702407002188185,descriptive_sensitivity_not_final_quality_gate
1300,both,20,500,481,229,0.458,0.4760914760914761,descriptive_sensitivity_not_final_quality_gate
1350,up,10,500,352,0,0.0,0.0,descriptive_sensitivity_not_final_quality_gate
1350,up,20,500,473,5,0.01,0.010570824524312896,descriptive_sensitivity_not_final_quality_gate
1350,down,10,500,1,0,0.0,0.0,descriptive_sensitivity_not_final_quality_gate
1350,down,20,500,12,0,0.0,0.0,descriptive_sensitivity_not_final_quality_gate
1350,both,10,500,44,7,0.014,0.1590909090909091,descriptive_sensitivity_not_final_quality_gate
1350,both,20,500,185,57,0.114,0.3081081081081081,descriptive_sensitivity_not_final_quality_gate
1400,up,10,500,454,0,0.0,0.0,descriptive_sensitivity_not_final_quality_gate
1400,up,20,500,495,2,0.004,0.00404040404040404,descriptive_sensitivity_not_final_quality_gate
1400,down,10,500,20,0,0.0,0.0,descriptive_sensitivity_not_final_quality_gate
1400,down,20,500,43,0,0.0,0.0,descriptive_sensitivity_not_final_quality_gate
1400,both,10,500,164,59,0.118,0.3597560975609756,descriptive_sensitivity_not_final_quality_gate
1400,both,20,500,260,95,0.19,0.36538461538461536,descriptive_sensitivity_not_final_quality_gate
1450,up,10,500,398,0,0.0,0.0,descriptive_sensitivity_not_final_quality_gate
1450,up,20,500,479,0,0.0,0.0,descriptive_sensitivity_not_final_quality_gate
1450,down,10,500,149,0,0.0,0.0,descriptive_sensitivity_not_final_quality_gate
1450,down,20,500,475,0,0.0,0.0,descriptive_sensitivity_not_final_quality_gate
1450,both,10,500,421,1,0.002,0.0023752969121140144,descriptive_sensitivity_not_final_quality_gate
1450,both,20,500,488,1,0.002,0.0020491803278688526,descriptive_sensitivity_not_final_quality_gate
1500,up,10,500,289,1,0.002,0.0034602076124567475,descriptive_sensitivity_not_final_quality_gate
1500,up,20,500,491,11,0.022,0.02240325865580448,descriptive_sensitivity_not_final_quality_gate
1500,down,10,500,0,0,0.0,,descriptive_sensitivity_not_final_quality_gate
1500,down,20,500,5,0,0.0,0.0,descriptive_sensitivity_not_final_quality_gate
1500,both,10,500,9,6,0.012,0.6666666666666666,descriptive_sensitivity_not_final_quality_gate
1500,both,20,500,127,76,0.152,0.5984251968503937,descriptive_sensitivity_not_final_quality_gate
1550,up,10,500,416,0,0.0,0.0,descriptive_sensitivity_not_final_quality_gate
1550,up,20,500,485,0,0.0,0.0,descriptive_sensitivity_not_final_quality_gate
1550,down,10,500,1,0,0.0,0.0,descriptive_sensitivity_not_final_quality_gate
1550,down,20,500,142,0,0.0,0.0,descriptive_sensitivity_not_final_quality_gate
1550,both,10,500,250,31,0.062,0.124,descriptive_sensitivity_not_final_quality_gate
1550,both,20,500,381,75,0.15,0.1968503937007874,descriptive_sensitivity_not_final_quality_gate
1600,up,10,500,492,0,0.0,0.0,descriptive_sensitivity_not_final_quality_gate
1600,up,20,500,500,0,0.0,0.0,descriptive_sensitivity_not_final_quality_gate
1600,down,10,500,243,0,0.0,0.0,descriptive_sensitivity_not_final_quality_gate
1600,down,20,500,484,0,0.0,0.0,descriptive_sensitivity_not_final_quality_gate
1600,both,10,500,481,2,0.004,0.004158004158004158,descriptive_sensitivity_not_final_quality_gate
1600,both,20,500,492,4,0.008,0.008130081300813009,descriptive_sensitivity_not_final_quality_gate
1650,up,10,500,462,0,0.0,0.0,descriptive_sensitivity_not_final_quality_gate
1650,up,20,500,500,0,0.0,0.0,descriptive_sensitivity_not_final_quality_gate
1650,down,10,500,146,0,0.0,0.0,descriptive_sensitivity_not_final_quality_gate
1650,down,20,500,488,0,0.0,0.0,descriptive_sensitivity_not_final_quality_gate
1650,both,10,500,481,1,0.002,0.002079002079002079,descriptive_sensitivity_not_final_quality_gate
1650,both,20,500,500,1,0.002,0.002,descriptive_sensitivity_not_final_quality_gate
1700,up,10,500,226,0,0.0,0.0,descriptive_sensitivity_not_final_quality_gate
1700,up,20,500,419,0,0.0,0.0,descriptive_sensitivity_not_final_quality_gate
1700,down,10,500,152,0,0.0,0.0,descriptive_sensitivity_not_final_quality_gate
1700,down,20,500,447,0,0.0,0.0,descriptive_sensitivity_not_final_quality_gate
1700,both,10,500,228,2,0.004,0.008771929824561403,descriptive_sensitivity_not_final_quality_gate
1700,both,20,500,424,3,0.006,0.007075471698113208,descriptive_sensitivity_not_final_quality_gate
1750,up,10,500,446,0,0.0,0.0,descriptive_sensitivity_not_final_quality_gate
1750,up,20,500,491,1,0.002,0.002036659877800407,descriptive_sensitivity_not_final_quality_gate
1750,down,10,500,3,0,0.0,0.0,descriptive_sensitivity_not_final_quality_gate
1750,down,20,500,59,0,0.0,0.0,descriptive_sensitivity_not_final_quality_gate
1750,both,10,500,194,46,0.092,0.23711340206185566,descriptive_sensitivity_not_final_quality_gate
1750,both,20,500,325,112,0.224,0.3446153846153846,descriptive_sensitivity_not_final_quality_gate
1800,up,10,500,417,0,0.0,0.0,descriptive_sensitivity_not_final_quality_gate
1800,up,20,500,473,0,0.0,0.0,descriptive_sensitivity_not_final_quality_gate
1800,down,10,500,166,0,0.0,0.0,descriptive_sensitivity_not_final_quality_gate
1800,down,20,500,481,0,0.0,0.0,descriptive_sensitivity_not_final_quality_gate
1800,both,10,500,436,7,0.014,0.016055045871559634,descriptive_sensitivity_not_final_quality_gate
1800,both,20,500,489,7,0.014,0.014314928425357873,descriptive_sensitivity_not_final_quality_gate
1850,up,10,500,489,0,0.0,0.0,descriptive_sensitivity_not_final_quality_gate
1850,up,20,500,500,0,0.0,0.0,descriptive_sensitivity_not_final_quality_gate
1850,down,10,500,92,0,0.0,0.0,descriptive_sensitivity_not_final_quality_gate
1850,down,20,500,304,0,0.0,0.0,descriptive_sensitivity_not_final_quality_gate
1850,both,10,500,462,40,0.08,0.08658008658008658,descriptive_sensitivity_not_final_quality_gate
1850,both,20,500,490,55,0.11,0.11224489795918367,descriptive_sensitivity_not_final_quality_gate
1900,up,10,500,437,0,0.0,0.0,descriptive_sensitivity_not_final_quality_gate
1900,up,20,500,489,6,0.012,0.012269938650306749,descriptive_sensitivity_not_final_quality_gate
1900,down,10,500,0,0,0.0,,descriptive_sensitivity_not_final_quality_gate
1900,down,20,500,61,0,0.0,0.0,descriptive_sensitivity_not_final_quality_gate
1900,both,10,500,102,22,0.044,0.21568627450980393,descriptive_sensitivity_not_final_quality_gate
1900,both,20,500,287,154,0.308,0.5365853658536586,descriptive_sensitivity_not_final_quality_gate
1950,up,10,500,380,3,0.006,0.007894736842105263,descriptive_sensitivity_not_final_quality_gate
1950,up,20,500,489,4,0.008,0.0081799591002045,descriptive_sensitivity_not_final_quality_gate
1950,down,10,500,0,0,0.0,,descriptive_sensitivity_not_final_quality_gate
1950,down,20,500,40,0,0.0,0.0,descriptive_sensitivity_not_final_quality_gate
1950,both,10,500,52,21,0.042,0.40384615384615385,descriptive_sensitivity_not_final_quality_gate
1950,both,20,500,174,90,0.18,0.5172413793103449,descriptive_sensitivity_not_final_quality_gate
2000,up,10,500,499,0,0.0,0.0,descriptive_sensitivity_not_final_quality_gate
2000,up,20,500,500,0,0.0,0.0,descriptive_sensitivity_not_final_quality_gate
2000,down,10,500,47,0,0.0,0.0,descriptive_sensitivity_not_final_quality_gate
2000,down,20,500,189,0,0.0,0.0,descriptive_sensitivity_not_final_quality_gate
2000,both,10,500,446,94,0.188,0.21076233183856502,descriptive_sensitivity_not_final_quality_gate
2000,both,20,500,472,110,0.22,0.2330508474576271,descriptive_sensitivity_not_final_quality_gate
