source_relative_path,size,sha256
topic_all/evaluate_effect/test/cpmpare_num_distribution/TF/res_DDPM.csv,1384,eebcdd49f7854c582de00bd93d3b5ff1434dd5ea5a7b5d5893f5d580eeffecb8
topic_all/evaluate_effect/test/cpmpare_num_distribution/TF/res_Dit.csv,1378,d51eba7081c43b9526792999114488625f23624da0a9b65720441c9d887928c4
topic_all/evaluate_effect/test/cpmpare_num_distribution/TF/res_LDM_80.csv,1366,9ea83ab119b906ffe6f722d071e5093a74dceeca826b6d36ee075fb6a63bd642
topic_all/evaluate_effect/test/cpmpare_num_distribution/TF/res_LDM_160.csv,1369,419fe84e3e95ad76d338e56b7add071b80c08e0531e7fe2e30cdf3ae89dd39da
topic_all/evaluate_effect/test/cpmpare_num_distribution/TF/compare_all.py,3888,ba80a7fe3b82476af15282bcf17614977d1ddc16b44e6d4022aac906e0e4aba2
topic_all/evaluate_effect/test/cpmpare_num_distribution/jasp/res_DDPM.csv,1692,31cc4e26ca74a7db5d423920c2fef58ffca853c0f26e6b61af6ad302bb8ca618
topic_all/evaluate_effect/test/cpmpare_num_distribution/jasp/res_Dit.csv,1456,c334149ceb6181fc9e6489844e91f52793c0921b204543909789be96eae281b4
topic_all/evaluate_effect/test/cpmpare_num_distribution/jasp/res_LDM_80.csv,1460,9d94e2498fa5f7d09d4108e8be6a0fd52169ad5b124f97d9d28ad434147b3f7a
topic_all/evaluate_effect/test/cpmpare_num_distribution/jasp/res_LDM_160.csv,1455,09fb439d7656178b52362c56ae50d2048c675d226f2c7d35f026e4df2816144e
topic_all/evaluate_effect/test/cpmpare_num_distribution/jasp/compare_all.py,3853,913b80baf6b896ce954d45f33d8b8bcf9c7428091780c522aca16ce4e5e7ac43
topic_all/topic2_Diffusion/DDPM/final/test/compare_num_distribution/res_DDPM.csv,1407,e71ad01c4c9417a5fb4e94ca07a7bc0eb90f69cd9a5a911970405d555f9ecaf0
topic_all/topic2_Diffusion/Dit/final/test/compare_num_distribution/res_Dit.csv,1413,ae8a3ea62409e99d5c12c8ee88baafd2a4e86097ecd676b3de48b02c36e04fe7
topic_all/topic2_Diffusion/Dit/final/Dit/gen.py,1319,e72568b9c28c1ce8962f8f1b70042deaff6c5d772015fd0028dc1073b38b1357
topic_all/topic2_Diffusion/DDPM/final/DDPM/gen.py,1336,a13a1b8b4c14733287332209cc4acdd55cea155a27c7f113ebba5a1df9d78454
topic_all/topic2_Diffusion/DDPM/final/DDPM/gen_one_epoch.py,1166,af4096a04f98474a49272ff21d2283d8e03743274473528e728ac5c383c27fcf
