model,metric_family,epoch,num_hits,num_categories,position_wd
DDPM,TF,200,55765,39,0.9866641622955487
DDPM,TF,50,58393,39,1.2692068770823366
DDPM,TF,100,52206,39,0.46005387455723
DDPM,TF,150,52809,39,1.865940138749801
DDPM,TF,250,70689,39,1.6817333313815173
DDPM,TF,300,76824,39,1.0934180965368105
DDPM,TF,350,64905,39,1.8616708175823642
DDPM,TF,400,76259,39,0.6287054636546878
DDPM,TF,450,57496,39,0.5014996708003144
DDPM,TF,500,45969,39,1.528931955994268
DDPM,TF,550,86882,39,0.8931039869505092
DDPM,TF,600,59835,39,0.591065656061432
DDPM,TF,650,78754,39,0.7987993112184756
DDPM,TF,700,81038,39,1.7625214690056348
DDPM,TF,750,57764,39,0.17588977297890254
DDPM,TF,800,54400,39,0.9394843269182486
DDPM,TF,850,71139,39,1.8165896432806752
DDPM,TF,900,76301,39,0.6200958170858649
DDPM,TF,950,73585,39,0.4590406546900645
DDPM,TF,1000,69813,39,1.2604315886907362
DDPM,TF,1050,65201,39,0.34240577919598325
DDPM,TF,1100,60188,39,0.6062153059354382
DDPM,TF,1150,61309,39,0.8033359162099536
DDPM,TF,1200,63216,39,0.9145779513464982
DDPM,TF,1250,60630,39,0.8616298077993892
DDPM,TF,1300,66747,39,0.8435956537487127
DDPM,TF,1350,77420,39,0.7058529704751466
DDPM,TF,1400,53758,39,0.24861455014225908
DDPM,TF,1450,70168,39,1.4938105221163465
DDPM,TF,1500,63024,39,1.3032570343020744
DDPM,TF,1550,67302,39,0.7300307587517048
DDPM,TF,1600,73099,39,1.295072592337129
DDPM,TF,1650,69175,39,1.1819882815445841
DDPM,TF,1700,69294,39,1.941794196181736
DDPM,TF,1750,74719,39,0.28587986896244644
DDPM,TF,1800,58592,39,1.837748256301054
DDPM,TF,1850,64494,39,0.48424678859418396
DDPM,TF,1900,77669,39,1.5786225899397945
DDPM,TF,1950,59115,39,0.4692919666308061
DDPM,TF,2000,90892,39,1.3962860814152398
DiT,TF,50,29233,39,3.148214127337849
DiT,TF,100,66286,39,2.542034643193695
DiT,TF,150,49143,39,0.9454223649059836
DiT,TF,200,45309,39,1.930638538200323
DiT,TF,250,55744,39,0.6392182759853359
DiT,TF,300,54316,39,0.3658468992902909
DiT,TF,350,49423,39,2.213923637417905
DiT,TF,400,49762,39,0.8900870957273181
DiT,TF,450,58776,39,1.296664286359892
DiT,TF,500,54980,39,1.0192872509962676
DiT,TF,550,68769,39,0.9598321656892237
DiT,TF,600,54669,39,0.949612818083627
DiT,TF,650,53995,39,2.2895605504232472
DiT,TF,700,64554,39,0.5927945816862132
DiT,TF,750,55910,39,1.3217923079658371
DiT,TF,800,77221,39,0.7406225160422475
DiT,TF,850,72395,39,0.2792450670078465
DiT,TF,900,66492,39,1.6701649757746804
DiT,TF,950,67972,39,2.7580686424009424
DiT,TF,1000,61752,39,1.5630659597802055
DiT,TF,1050,72914,39,1.6357770534365919
DiT,TF,1100,68186,39,2.01091060997613
DiT,TF,1150,76355,39,1.0751090051789798
DiT,TF,1200,62125,39,1.9350943001410956
DiT,TF,1250,71661,39,1.6640474069173286
DiT,TF,1300,67217,39,0.8084728811100436
DiT,TF,1350,87026,39,1.0068990041866301
DiT,TF,1400,56638,39,3.5898582407705106
DiT,TF,1450,68449,39,0.7705923658864108
DiT,TF,1500,53813,39,0.5334232262771426
DiT,TF,1550,67761,39,1.0858594294602466
DiT,TF,1600,69571,39,1.8505435661576435
DiT,TF,1650,68248,39,1.2791528831765067
DiT,TF,1700,68663,39,0.4940585097446261
DiT,TF,1750,74217,39,1.2458908856748248
DiT,TF,1800,70616,39,1.161253414008533
DiT,TF,1850,65504,39,0.43889284847433924
DiT,TF,1900,78926,39,0.4927288959972858
DiT,TF,1950,78335,39,1.438869054160163
DiT,TF,2000,71377,39,1.0637838845706866
LDM_80,TF,50,21177,39,3.352173203863796
LDM_80,TF,100,20537,39,3.8321881909593714
LDM_80,TF,150,21505,39,3.914633858667031
LDM_80,TF,200,21656,39,4.0682235598528935
LDM_80,TF,250,21460,39,3.600943836538626
LDM_80,TF,300,22031,39,3.889432214411289
LDM_80,TF,350,21844,39,3.773860992725549
LDM_80,TF,400,21890,39,3.8675012399834126
LDM_80,TF,450,22618,39,3.999006084207135
LDM_80,TF,500,22020,39,3.609458317615964
LDM_80,TF,550,22811,39,3.272744459426943
LDM_80,TF,600,22934,39,3.5556054263091226
LDM_80,TF,650,22288,39,3.8090007849845153
LDM_80,TF,700,23211,39,3.055407315019581
LDM_80,TF,750,23430,39,3.652904395635163
LDM_80,TF,800,22793,39,3.2898199025618156
LDM_80,TF,850,23363,39,3.6100625934106896
LDM_80,TF,900,23082,39,3.729736412346999
LDM_80,TF,950,23256,39,2.7836431061831703
LDM_80,TF,1000,22482,39,4.042907121732128
LDM_80,TF,1050,23422,39,2.219074397286498
LDM_80,TF,1100,23644,39,4.071928743100017
LDM_80,TF,1150,23607,39,3.5626004793447814
LDM_80,TF,1200,23519,39,3.4015798143072384
LDM_80,TF,1250,23606,39,3.319363178756581
LDM_80,TF,1300,23503,39,3.4655758057272963
LDM_80,TF,1350,24054,39,3.530642141579898
LDM_80,TF,1400,24022,39,3.582831279237241
LDM_80,TF,1450,23263,39,3.685163946172405
LDM_80,TF,1500,23953,39,3.3871648091111908
LDM_80,TF,1550,23705,39,3.7846022536963004
LDM_80,TF,1600,23811,39,3.5687076924033336
LDM_80,TF,1650,23865,39,3.830584934642685
LDM_80,TF,1700,23638,39,3.0207786797238847
LDM_80,TF,1750,23844,39,3.5236478306687884
LDM_80,TF,1800,23933,39,2.3977250049171657
LDM_80,TF,1850,23823,39,2.8743803924756177
LDM_80,TF,1900,24774,39,3.294101239958628
LDM_80,TF,1950,24090,39,3.1565685177684286
LDM_80,TF,2000,23909,39,3.680106164411753
LDM_160,TF,100,15486,39,2.260184173240178
LDM_160,TF,150,20096,39,3.3917992453355805
LDM_160,TF,250,24535,39,2.185499916416828
LDM_160,TF,50,15836,39,7.298921576616278
LDM_160,TF,200,21065,39,1.864583082038591
LDM_160,TF,300,16262,39,5.972931458846377
LDM_160,TF,350,21687,39,4.078851756409358
LDM_160,TF,450,23358,39,3.0384734347246347
LDM_160,TF,500,22569,39,2.6409379257481054
LDM_160,TF,400,23077,39,3.376441170330963
LDM_160,TF,550,24024,39,3.3835005663419544
LDM_160,TF,600,24932,39,2.0196722549423756
LDM_160,TF,700,23946,39,2.8880561059961183
LDM_160,TF,650,23268,39,2.6912609267079715
LDM_160,TF,750,24986,39,2.316145279304356
LDM_160,TF,800,24843,39,2.9413621443499194
LDM_160,TF,900,25572,39,3.1088272549517257
LDM_160,TF,850,24454,39,2.5904797956228527
LDM_160,TF,950,25937,39,2.4559491805857294
LDM_160,TF,1000,25640,39,2.479141631768755
LDM_160,TF,1050,24795,39,2.6070733274255877
LDM_160,TF,1100,25430,39,2.857449300253071
LDM_160,TF,1150,26110,39,2.3076424064327297
LDM_160,TF,1200,27025,39,3.105692201186093
LDM_160,TF,1250,27504,39,3.004395377481475
LDM_160,TF,1300,26422,39,2.7046948676493674
LDM_160,TF,1450,27216,39,2.921649651014945
LDM_160,TF,1400,25319,39,2.661156778452597
LDM_160,TF,1350,27038,39,2.287579843470618
LDM_160,TF,1500,26282,39,2.9581310469251094
LDM_160,TF,1550,26573,39,2.0081523051861176
LDM_160,TF,1650,27188,39,1.7421085891011125
LDM_160,TF,1700,24879,39,2.7331370015695375
LDM_160,TF,1600,26734,39,2.623211556097238
LDM_160,TF,1750,25475,39,2.696668513394889
LDM_160,TF,1800,26267,39,2.677873827561322
LDM_160,TF,1850,25602,39,2.9075734065134045
LDM_160,TF,1900,27780,39,2.2232358702532142
LDM_160,TF,1950,26018,39,3.0610719872824506
LDM_160,TF,2000,28569,39,2.6152241089505006
DDPM,JASPAR,200,367112,649,1.4085960232254142
DDPM,JASPAR,50,333217,649,1.3800746667752357
DDPM,JASPAR,100,323531,649,0.9924262729957314
DDPM,JASPAR,150,342203,649,1.2350918139775888
DDPM,JASPAR,250,392417,649,1.148284032697295
DDPM,JASPAR,300,408863,649,1.5298732231372372
DDPM,JASPAR,350,397924,649,0.6649912844388248
DDPM,JASPAR,400,387231,649,1.2564326808150046
DDPM,JASPAR,450,352866,649,0.8374853307783678
DDPM,JASPAR,500,371463,649,1.2101141805937505
DDPM,JASPAR,550,421188,649,1.2113118963375278
DDPM,JASPAR,600,364436,649,1.5732271118496168
DDPM,JASPAR,650,403543,649,1.6034732111789043
DDPM,JASPAR,700,432725,649,1.6105500156924857
DDPM,JASPAR,750,385876,649,1.0352550858509266
DDPM,JASPAR,800,366123,649,0.453708290861141
DDPM,JASPAR,850,418347,649,0.472908466701105
DDPM,JASPAR,900,406457,649,1.6767961599183114
DDPM,JASPAR,950,401811,649,1.29015043255871
DDPM,JASPAR,1000,439251,649,1.014992563229539
DDPM,JASPAR,1050,409497,649,0.5527792345698983
DDPM,JASPAR,1100,410503,649,0.6240061460982406
DDPM,JASPAR,1150,408060,649,1.3954820363158569
DDPM,JASPAR,1200,411660,649,0.20734412465701663
DDPM,JASPAR,1250,401853,649,1.0128666740972143
DDPM,JASPAR,1300,389586,649,1.0652242708726887
DDPM,JASPAR,1350,415451,649,1.481248427656289
DDPM,JASPAR,1400,375276,649,0.2357866588034904
DDPM,JASPAR,1450,403077,649,1.3719988009243305
DDPM,JASPAR,1500,407711,649,1.0647904933201142
DDPM,JASPAR,1550,398163,649,0.7152195271545119
DDPM,JASPAR,1600,433612,649,0.5891652295807326
DDPM,JASPAR,1650,410235,649,0.8045553097700386
DDPM,JASPAR,1700,428292,649,1.231429453482032
DDPM,JASPAR,1750,416870,649,0.7747908834178188
DDPM,JASPAR,1800,397118,649,0.24086174326735138
DDPM,JASPAR,1850,407277,649,0.7676388376830913
DDPM,JASPAR,1900,442443,649,0.8606352095877253
DDPM,JASPAR,1950,375439,649,0.4773502734081799
DDPM,JASPAR,2000,431598,649,1.7422389998196373
DiT,JASPAR,50,275477,649,0.639895209251451
DiT,JASPAR,100,343205,649,0.3010921621767345
DiT,JASPAR,150,322968,649,1.4844600935197505
DiT,JASPAR,200,343699,649,1.0840449312376657
DiT,JASPAR,250,341575,649,1.8638287970119696
DiT,JASPAR,300,338934,649,1.0966985947670516
DiT,JASPAR,350,341245,649,0.9879393514374314
DiT,JASPAR,400,348663,649,0.2547074266417667
DiT,JASPAR,450,392300,649,1.554871254264922
DiT,JASPAR,500,354103,649,0.8147852172485545
DiT,JASPAR,550,383871,649,0.8128497938548623
DiT,JASPAR,600,344705,649,1.3024397568225015
DiT,JASPAR,650,385748,649,1.0910554135532116
DiT,JASPAR,700,360481,649,0.5347611447194329
DiT,JASPAR,750,352106,649,0.9997617190972282
DiT,JASPAR,800,407397,649,1.119727408221322
DiT,JASPAR,850,410759,649,0.6382831775501555
DiT,JASPAR,900,397195,649,0.8697213718898316
DiT,JASPAR,950,415440,649,0.9837692597028174
DiT,JASPAR,1000,390591,649,0.13273598727566277
DiT,JASPAR,1050,417359,649,1.066426722672594
DiT,JASPAR,1100,395023,649,0.5555325663698033
DiT,JASPAR,1150,455544,649,0.6956569557643855
DiT,JASPAR,1200,390724,649,0.3681182569119841
DiT,JASPAR,1250,429930,649,1.4814771755415221
DiT,JASPAR,1300,420577,649,0.30703178059930386
DiT,JASPAR,1350,409983,649,1.3089869931750506
DiT,JASPAR,1400,385346,649,0.503731082801081
DiT,JASPAR,1450,411364,649,0.8086447077295011
DiT,JASPAR,1500,380881,649,0.9163698279025996
DiT,JASPAR,1550,398365,649,0.39445418393170806
DiT,JASPAR,1600,457133,649,0.7704470922697735
DiT,JASPAR,1650,413891,649,0.9929255401899917
DiT,JASPAR,1700,436682,649,0.9001322529433913
DiT,JASPAR,1750,464990,649,0.6625761775400155
DiT,JASPAR,1800,418847,649,0.6267845912839949
DiT,JASPAR,1850,419992,649,1.3118620293786738
DiT,JASPAR,1900,430891,649,0.2655510191557484
DiT,JASPAR,1950,440256,649,1.3013082243465295
DiT,JASPAR,2000,412152,649,0.7902415698466252
LDM_80,JASPAR,50,259750,649,0.6710284448750077
LDM_80,JASPAR,100,268810,649,0.43980170385174533
LDM_80,JASPAR,150,261189,649,0.3862727867631987
LDM_80,JASPAR,200,259608,649,0.36628770955908346
LDM_80,JASPAR,250,256080,649,0.2861208991314887
LDM_80,JASPAR,300,258981,649,0.7653536789890099
LDM_80,JASPAR,350,257671,649,0.3594587659446956
LDM_80,JASPAR,400,254994,649,0.34798839847225393
LDM_80,JASPAR,450,256236,649,0.5883009559341954
LDM_80,JASPAR,500,256514,649,0.36607788837824157
LDM_80,JASPAR,550,255750,649,0.527187598057268
LDM_80,JASPAR,600,261888,649,0.5861117770198323
LDM_80,JASPAR,650,258439,649,0.3625084072000685
LDM_80,JASPAR,700,255854,649,0.9176646267634702
LDM_80,JASPAR,750,256980,649,0.5391443627782249
LDM_80,JASPAR,800,259608,649,0.4763957592072383
LDM_80,JASPAR,850,261759,649,0.7421956816310888
LDM_80,JASPAR,900,258725,649,0.40447142418630944
LDM_80,JASPAR,950,256657,649,0.7140541329570016
LDM_80,JASPAR,1000,258935,649,0.34915075546814234
LDM_80,JASPAR,1050,262739,649,1.016292537123244
LDM_80,JASPAR,1100,259835,649,0.43853047291830316
LDM_80,JASPAR,1150,260141,649,0.42389454796814585
LDM_80,JASPAR,1200,256401,649,0.5779251431101219
LDM_80,JASPAR,1250,260496,649,0.5615226629865104
LDM_80,JASPAR,1300,259740,649,0.4479803430628192
LDM_80,JASPAR,1350,256944,649,0.4316604490899372
LDM_80,JASPAR,1400,259304,649,0.3108295681365647
LDM_80,JASPAR,1450,261009,649,0.6829211523066216
LDM_80,JASPAR,1500,262689,649,0.54933882454327
LDM_80,JASPAR,1550,260993,649,0.6451173552598062
LDM_80,JASPAR,1600,254279,649,0.6454397865266215
LDM_80,JASPAR,1650,262689,649,0.7395583843347527
LDM_80,JASPAR,1700,261867,649,0.5692868080683751
LDM_80,JASPAR,1750,258657,649,0.5274233729009314
LDM_80,JASPAR,1800,263047,649,0.8957546456758284
LDM_80,JASPAR,1850,255138,649,0.567827609546616
LDM_80,JASPAR,1900,262525,649,0.3661487875986354
LDM_80,JASPAR,1950,262780,649,0.5918540267281533
LDM_80,JASPAR,2000,257218,649,0.448466203734992
LDM_160,JASPAR,100,196920,649,0.39744569273659236
LDM_160,JASPAR,150,239116,649,0.6050111802279536
LDM_160,JASPAR,250,255306,649,0.8927814599062367
LDM_160,JASPAR,50,164104,649,1.408574617242703
LDM_160,JASPAR,200,237158,649,0.8257372083381209
LDM_160,JASPAR,300,211438,649,1.1702608863002806
LDM_160,JASPAR,350,244650,649,0.3803582726655985
LDM_160,JASPAR,450,245885,649,0.7200467200588145
LDM_160,JASPAR,500,247087,649,0.587666950152403
LDM_160,JASPAR,400,247538,649,0.34114298215566374
LDM_160,JASPAR,550,249590,649,0.6085411245425709
LDM_160,JASPAR,600,253694,649,0.822355761999895
LDM_160,JASPAR,700,248987,649,0.37063986700668106
LDM_160,JASPAR,650,246539,649,0.3927967140661809
LDM_160,JASPAR,750,252592,649,0.3928435169583836
LDM_160,JASPAR,800,250539,649,0.343700219923185
LDM_160,JASPAR,900,254318,649,0.439418017098083
LDM_160,JASPAR,850,251797,649,0.5959432417458803
LDM_160,JASPAR,950,256802,649,0.7680873002001211
LDM_160,JASPAR,1000,251689,649,0.7646474816696187
LDM_160,JASPAR,1050,250469,649,0.5164549024786241
LDM_160,JASPAR,1100,250849,649,0.2656804047870437
LDM_160,JASPAR,1150,256961,649,0.7167630449875332
LDM_160,JASPAR,1200,257730,649,0.8249690304533295
LDM_160,JASPAR,1250,259069,649,0.49540327002305856
LDM_160,JASPAR,1300,259012,649,0.7711269357395423
LDM_160,JASPAR,1450,257719,649,0.44851525635514
LDM_160,JASPAR,1400,251319,649,0.3961152415968878
LDM_160,JASPAR,1350,258757,649,0.45812008986076636
LDM_160,JASPAR,1500,256297,649,0.4063346632682
LDM_160,JASPAR,1550,255858,649,0.7948444289579768
LDM_160,JASPAR,1650,258049,649,1.1953598269642525
LDM_160,JASPAR,1700,250985,649,0.3196012771323232
LDM_160,JASPAR,1600,255468,649,0.5533882316833884
LDM_160,JASPAR,1750,255167,649,0.35435914111714706
LDM_160,JASPAR,1800,255570,649,0.9194332140895529
LDM_160,JASPAR,1850,252748,649,0.44911565105300966
LDM_160,JASPAR,1900,264221,649,0.4517114898129479
LDM_160,JASPAR,1950,255284,649,0.2786486592709603
LDM_160,JASPAR,2000,263245,649,0.8041873668393174
