model,epoch,n,sixmer_pcc,gc_mean,gc_wasserstein,unique_fraction,exact_real_matches,jaspar_hits,jaspar_categories,jaspar_position_wd,jaspar_hits_per_sequence,sequence_sha256,pareto_nondominated
DDPM,50,1000,0.8482908933915304,0.4041375,0.02768952770360481,1.0,0,23413,648,0.8391102495377732,23.413,08b5c18baf603856777f6c4ac2a97c72242ecf38f7a92db958c0f73f6fa774de,0
DDPM,100,1000,0.8747236743288878,0.371075,0.01770070927903872,1.0,0,24438,649,1.4469175478424638,24.438,d4bd20eb066831d0fb2b0f1fd66f029fd84c2ba44cf4a981736b4d49296eb8be,0
DDPM,150,1000,0.8815827698681754,0.35211875,0.033869776368491325,1.0,0,26459,648,1.7304846100022553,26.459,59769033768aae47519b8f176d8fb0d4ca129ac0b59d861071a4896621d12103,0
DDPM,200,1000,0.8966001675533602,0.35254375,0.03309959946595461,1.0,0,29660,644,0.8556753018664345,29.66,8a5f25ad9e681a8c9b6144f175cf5338838737da614017fba28980fc1cdfc509,0
DDPM,250,1000,0.8270238345718853,0.36215625,0.02497761181575434,1.0,0,28579,647,0.8433669087354029,28.579,dfb0a11498bc1fc77dab7799f5d23e867dd99ab93d74ba4fe1176255c76e9152,0
DDPM,300,1000,0.9251666570717265,0.38688124999999995,0.015408628170894528,1.0,0,27008,647,0.5818388577383491,27.008,e41abbc7e03bfb8a4dc0212aa1665e9493040aa3aceb6ecdd476e1236b227c1c,0
DDPM,350,1000,0.8935878975999738,0.40173125,0.016494292389853137,1.0,0,30130,649,0.6968076149136575,30.13,286bb7c859d63754bc5970c7d8976a07687ae9b40054e775d643c954addb189f,0
DDPM,400,1000,0.9314368975447793,0.38806875,0.004003563084112151,1.0,0,30320,649,0.49115128077922676,30.32,c6a1085f99ba210263d2dd4d46cbf0d61b700cc9c7e23c93d5a8409cc72adbbf,1
DDPM,450,1000,0.9128119877081649,0.405525,0.020486148197596796,1.0,0,29111,649,0.6804726571503986,29.111,84615df812aa2286c25a80efd3b130f9213669bb62d3ac72c90a7dc7cda28d2e,0
DDPM,500,1000,0.9446064693418126,0.40061250000000004,0.015312858811748997,1.0,0,31421,647,2.2928600025492694,31.421,828aec21f46344b58ec67a5fbdbe61b0f83b604644599199aca05d4d12da4657,0
DDPM,550,1000,0.9170799272390475,0.40799375000000004,0.022698823431241653,1.0,0,29730,649,0.8149377337726667,29.73,fe159c962208c1ced3669b747ee32d7a9540d37fc77ff063b2a24e03684dd237,0
DDPM,600,1000,0.883962761572067,0.36356875,0.022092631842456613,1.0,0,30878,648,1.2436332408092823,30.878,f72728c32111a2b731ef07b784e8ac52debe2f3acad00da3949cdb1801e612bb,0
DDPM,650,1000,0.9316189607820947,0.38771875,0.005113484646194927,1.0,0,32168,649,2.3724514155144667,32.168,4719dd641608bb71b618a026680de6fcc3c30c64941ed38ce0d60c49b13e2c8a,0
DDPM,700,1000,0.888779892325899,0.4353125,0.0500060497329773,1.0,0,32493,649,1.105890150290586,32.493,4b0f609dc766b24c9c5f19e04900f342b592dddff72b4af06aaa7cc83c63adff,0
DDPM,750,1000,0.9303963440054498,0.40283125000000003,0.01804331608811749,1.0,0,34350,647,3.084839396893086,34.35,5aad452fb4426fa2afdc7e0352f7936134bbfdf029b1c128535f2cbdbe870193,0
DDPM,800,1000,0.9424958159316273,0.38023749999999995,0.007013643190921229,1.0,0,31826,649,1.403975605890065,31.826,238f25f14855c0030be9f1739dc112cb4d1ecf85f8d24afba1340af590e0a292,0
DDPM,850,1000,0.9463001481977075,0.37101249999999997,0.014766338451268358,1.0,0,32163,649,1.4892936906152516,32.163,e085202c900cbc6fe1cc30afee717223b4d87c389b5af095fb77de5fa126503c,0
DDPM,900,1000,0.9261373762011252,0.41130625,0.02598832610146862,1.0,0,32773,649,0.42228509565040995,32.773,3e60210bbac99bb555df48f30a01deb81ce6eccedf4cd90ef13d238a2a6ad3d4,1
DDPM,950,1000,0.9473377865835466,0.36340000000000006,0.02211102303070761,1.0,0,30987,649,1.1926744452331253,30.987,1193f144c328ac0be5da22114ddf6010d95076979605cb8d5859ca8470db0a73,0
DDPM,1000,1000,0.9557601398743873,0.36664375,0.01958775867823765,1.0,0,32101,648,2.1317017249203625,32.101,d838998630260d9cf46abae1a9bc99c1ea800fee5d021127fab6bf30cab760ff,0
DDPM,1050,1000,0.9397721162341733,0.36583125,0.019543049065420565,1.0,0,34913,649,0.7029077936583844,34.913,07531f4a253714251e63c347e2f734594f4fd279a153d3c82c0329ab8e2aad3f,0
DDPM,1100,1000,0.9533726334484643,0.39890625,0.013585230307076103,1.0,0,33566,648,1.02384415408798,33.566,c7e071014945769d823e712630067cb119035267ef70fbb16e78d2359b01c969,0
DDPM,1150,1000,0.9294763197867442,0.39191875,0.00777275534045394,1.0,0,35040,648,0.7370646311639899,35.04,6f50432e65507dfbe0d0d72e125d6e496184e2d8807b00055dee21ef6e7798b0,0
DDPM,1200,1000,0.9326205595762131,0.39226875,0.009010872830440587,1.0,0,30337,648,1.124530953004627,30.337,e587d21a0804449694eba49704346ce1717924eee779e332ec3056eaa6b7d7d5,0
DDPM,1250,1000,0.9532774437009524,0.39378125,0.00891875,1.0,0,33057,649,1.6362993048049157,33.057,b1de658ed367dfe0b6b5019313d0dbff41e78a75565809ea972123b9d8d2936c,0
DDPM,1300,1000,0.8950048027605674,0.35375,0.03165882009345794,1.0,0,34962,649,1.410470903997408,34.962,b6e09c61de73650b79638328ae78d5bd1a19f91769c4edcf72ac62171e3e234b,0
DDPM,1350,1000,0.9568696997771532,0.38288124999999995,0.00635451435246996,1.0,0,32233,648,1.6674795195963985,32.233,998da8a1537b82f620e5506ed8ad0be012390a1ba543398c23ddd0d81cd9222b,0
DDPM,1400,1000,0.9638180048604948,0.38753125,0.0033836114819759677,1.0,0,32997,649,0.728240741673356,32.997,d79a4e184991085e4a834e3f95d7e4dfd32d70d966877497986dad397f218f86,1
DDPM,1450,1000,0.9521751515724565,0.39703125,0.012106967623497996,1.0,0,33393,649,2.2204746622510605,33.393,5c4c40dba09c0b924de775869378a49fcddf61ff926ac762f6b1624c905576c3,0
DDPM,1500,1000,0.9580877053208473,0.37017500000000003,0.015185705941255009,1.0,0,35144,648,0.5393689571418939,35.144,1a161ef69c1334fcea0eaecdb4f2efdbf3eee41f42d81082c98c9a100702eb0e,1
DDPM,1550,1000,0.958850260511161,0.40764374999999997,0.02232064419225634,1.0,0,35282,649,3.450364892647639,35.282,464325f81c7b9f7b48b7f19b3e7a7714a5338f0a0124d7f33b76f8244e72d44b,0
DDPM,1600,1000,0.9613937206302922,0.39020625000000003,0.008718658210947933,1.0,0,31544,649,3.08498615200957,31.544,01d81652d8c683945ca8f1f93fd006b370713e7f013fa749798eaaed26493c58,0
DDPM,1650,1000,0.9612292397298957,0.36855,0.01710998831775701,1.0,0,32121,649,1.1291845120017932,32.121,c3697ea755b0f3e3bd439f621ac0ebed0442c91b2e0fc306ac32bc102c000e35,0
DDPM,1700,1000,0.9652704283831418,0.37686249999999993,0.00854697096128171,1.0,0,32356,649,0.8352124732795543,32.356,c7b10e670d0681de227e0fd600b73318e8744850c0150e7777f4fd4ca8e06fd0,0
DDPM,1750,1000,0.9524503335223236,0.39033750000000006,0.008861365153538053,1.0,0,30857,649,2.3354948976718886,30.857,3f0445766a1876844e634b40dbe439a2b0a5d71fc64de4f2a11f6a3ab7cd2ffd,0
DDPM,1800,1000,0.9724363387994319,0.37529375,0.010945811081441922,1.0,0,37327,648,0.6666115894741613,37.327,d56c327dbf118d1700c6c2c60f4db441c6564392ed849a468eb5150106b61a6f,1
DDPM,1850,1000,0.9617984236478647,0.38735625000000007,0.004408669893190921,1.0,0,33404,648,1.9560196250932305,33.404,4df2bd01c1e6f5117ed1983e1b934ae2cbde53d82f3c9a6bce1eca99d905a693,0
DDPM,1900,1000,0.967735629589808,0.39621875,0.010950942923898529,1.0,0,34763,648,0.8541081454653121,34.763,6b133f5cb78b77d3c1054d1e7f61971a9ce207d06859b231aea45bfcba481fd7,0
DDPM,1950,1000,0.965829256911251,0.37831875000000004,0.007655123497997331,1.0,0,31725,649,2.488194651183356,31.725,4fd494f5f632fb286d97de8f233918f1e52d24182ece5cfefe9348ac49cf51db,0
DDPM,2000,1000,0.9626159632204451,0.3873875,0.0046385180240320414,1.0,0,34025,649,1.827062740987838,34.025,bc3603ee1f7d91fcfa11890571b92d4cc4ee721326f9408de38f8d22ac1bd396,0
DiT,50,1000,0.28337886014313707,0.1853125,0.23472481642189585,0.946,0,466223,413,1.6206147573726974,466.223,1bb1367b9051ac69f09205caaff2006c85d0a42df5204ed0e28b245e0ff66866,0
DiT,100,1000,0.014031082298734924,0.7008,0.31545182743658207,0.979,0,67605,623,0.2874575546545247,67.605,064686de55e45c5298e3d7ac775df0ed1ec402fbe7cdba59f2a1ae109ba906f9,1
DiT,150,1000,0.030496876178447953,0.6713625,0.28812574265687585,0.848,0,71539,626,0.6971222703036646,71.539,62e1b62a0f481cf0c12cd6f128314b6927da486b59920d5f4847717107523a31,0
DiT,200,1000,0.4789338233142323,0.5187875000000001,0.13343932743658213,1.0,0,39935,647,2.115624994848007,39.935,1f585c8e1553b8590853f606a6a68cad3a2d16f3e996c5fc980baae0289080e0,0
DiT,250,1000,0.7218340665632368,0.33965625,0.045691922563417885,1.0,0,28351,649,0.9420007818792372,28.351,9e3cea1a93a0df06b2c413147407cbed692130f57cacbb0478a0c1605e724b28,0
DiT,300,1000,0.8962425970862236,0.43906875,0.05372057743658211,1.0,0,27070,649,1.2937649928086241,27.07,d053a1333b271c8e7977ac14e0f613530c9bce648f748d12693e8818ed26bbff,0
DiT,350,1000,0.7276531692497687,0.48114999999999997,0.09580182743658211,1.0,0,28431,649,2.556085337664825,28.431,b354dddd813e28e775369231f9d1a6ed3a17836bff3fcfafb60ff494caffff23,0
DiT,400,1000,0.7759638149070686,0.46663125,0.08128307743658211,1.0,0,29169,649,0.7295707132561191,29.169,b73dc9250fbb9c42172d55ae1d1ca6251d30f8d7cc8966438682d31438af88c6,0
DiT,450,1000,0.6527749834699668,0.4897125,0.10436432743658211,1.0,0,30063,649,1.1639704229926098,30.063,0fa02b38681c17838ffd5c00ee744d049c5dfda6629ca6fde8a2a5436b893d49,0
DiT,500,1000,0.774653952783284,0.4758125,0.09046432743658211,1.0,0,28200,649,0.5064533168040747,28.2,208636634368f6425860fcce7db4d48eb84f8eb2665a3913c3393648174334da,0
DiT,550,1000,0.7705368746896234,0.47641875000000006,0.09107057743658212,1.0,0,33663,649,1.9868036605202175,33.663,696b51cfddd2b2bad6c65ade97a9d15fb06718e58aafbcdcdc8eacdf090c0545,0
DiT,600,1000,0.8794930443851289,0.44553125,0.060184120493991994,1.0,0,29830,649,0.7857640663770772,29.83,223680aa1aac9d49d87e4fc57ac2371bf2254e16e51c6d5e02ab62145d5764b2,0
DiT,650,1000,0.9480400449192117,0.41239375,0.027050792723631506,1.0,0,28499,647,1.3614450760012762,28.499,ce424551388068bba9dc2867f035365a31ab3d317213ce6fe6aabe9112d5ea2c,0
DiT,700,1000,0.8761840730307292,0.44904375,0.06369870660881174,1.0,0,29695,649,1.8522279103626942,29.695,d50dba16b993c0621aaacc3b548c6ff442cb15d2b438999c12c426a07a513e5c,0
DiT,750,1000,0.9209817345913739,0.41453125,0.029206024699599466,1.0,0,30627,648,1.1682220962449688,30.627,3b4306b8abfbf477cde523b32725ce0d62f458e47f6ccfc40dadab509e7acc13,0
DiT,800,1000,0.9488063820557818,0.40880625,0.023476869158878505,1.0,0,32817,648,1.6067589127703643,32.817,99fb75919386e27e01ee33b3b296f9f08ce0e76975d85e865c7a4d3e323b2a3e,0
DiT,850,1000,0.9619744809280343,0.39280624999999997,0.007614986648865155,1.0,0,30727,649,2.4766266283727756,30.727,07f2d2ac6098844e81dfe34dd9e3e1dd6a07cfbb16b3d5cc56ebbd86edd1fc6a,0
DiT,900,1000,0.9649926390484868,0.3881875,0.004143291054739652,1.0,0,31081,649,2.411897926960892,31.081,0cbc25997cf94fbbf1c89c4576e2fe46140cfe645b5cdda7771b3c9f2c0f9d7a,1
DiT,950,1000,0.9653434013643706,0.394775,0.010825183578104141,1.0,0,31852,648,1.2590375077321325,31.852,69e241e99d0afdb613886dffc907f3a83530c321e21d90b3904c4cc8e20cc3c9,0
DiT,1000,1000,0.9685878269468262,0.39108125,0.006535856141522028,1.0,0,33005,648,1.2775629936284025,33.005,c63a1c6e55da9cdf0c3e98485d729c88c34a4cc322319bc803cf201ede8d9392,0
DiT,1050,1000,0.9357609287299332,0.424275,0.038939344125500666,1.0,0,39813,648,0.7734777953301364,39.813,1e1dc8d0217938f9c6d895f4401b80446f05b0bd99b2fc96921cd4473b26a27a,0
DiT,1100,1000,0.966563909447307,0.3931875,0.011852027703604811,1.0,0,32164,649,0.8014438810090816,32.164,3bc964f54d88defbbd8f50f2125ee2c838ff2a0d585f32d51510b66910f92199,0
DiT,1150,1000,0.9656341728258415,0.39970624999999993,0.014971995994659548,1.0,0,33632,649,2.8216898949384532,33.632,70342b11c07e148d3d8a3b587e70725fb0f447f71a3e9e8bcde96a002dbf2d45,0
DiT,1200,1000,0.9723172006096266,0.37582499999999996,0.009931291722296396,1.0,0,34448,648,1.2676923261508315,34.448,f5c065da942ed532f5581fe9cf01b41582dd3e1ee76e2c63c095f137677f4f98,1
DiT,1250,1000,0.9592599504550557,0.39373125,0.008448940253671561,1.0,0,36416,648,1.1268537895986799,36.416,91657f29e514c6415c35a80b2ea85bd164a65d7052a065378887a80c76a3a977,0
DiT,1300,1000,0.9702121705352514,0.38085625,0.006796862483311082,1.0,0,33015,649,2.4929313594823608,33.015,2b9cd7e4fcba3d51ab91d9dc9e20b3ae3a2f41d9b641052bcd7f54f4910c11c5,0
DiT,1350,1000,0.9567797565664038,0.39973749999999997,0.014454564419225633,1.0,0,34839,649,1.6898762979799482,34.839,f6771e83abc8e1d62c856cb80fb0cad2d7973c36f254292e8f67384de7ca97ed,0
DiT,1400,1000,0.9683662005769825,0.39181875000000005,0.006789811415220292,1.0,0,36466,649,0.7209167818513162,36.466,235a13d89016eb9a60ee35e7085592f4579a04aeaa6a77cb145bd9da0c17567b,1
DiT,1450,1000,0.9571082437384292,0.39634375,0.011445277036048066,1.0,0,34582,648,1.4580890081768063,34.582,9d5d1696723898f5bb1f1da210f8babc24602f387f29f82a22007f77d404f085,0
DiT,1500,1000,0.9683723341324061,0.3911562499999999,0.009606325100133515,1.0,0,34730,649,1.587559837113088,34.73,3b34573887813e6614e9234efcb8a13656be27bd98c3374dd4eb344fd1172218,0
DiT,1550,1000,0.9538358153354249,0.39384375,0.008918708277703604,1.0,0,34080,649,0.8090872231703592,34.08,c74d3b0e60411fbf1389609f16c313d84161a4af6dde7e4fc82820f729502359,0
DiT,1600,1000,0.9722610372518707,0.38335625,0.006091713951935915,1.0,0,33151,648,1.1206794262768955,33.151,4b7f64ea511d7e3c11330b1e54f18ceb657032f6dc056776c2fc6d75e4d56564,1
DiT,1650,1000,0.941590444492582,0.406525,0.021207393190921228,1.0,0,32083,649,0.930775406862909,32.083,48dedb214bdda92d80863c18d2a252f4dfe44b13139d3636f91130729b93e429,0
DiT,1700,1000,0.9353574423606434,0.42657500000000004,0.04123310246995995,1.0,0,33932,649,1.8468510009261112,33.932,685c22615c846ab587305f85e7518dcad8a2201feecbd307086ae21fb697f33c,0
DiT,1750,1000,0.9590673156392979,0.4083125,0.023434454272363153,1.0,0,31782,649,1.7179222307069173,31.782,f8b730dde81062132743fe535c6b97203683dba5166addbcfa6fb577c6b2d089,0
DiT,1800,1000,0.958495272980949,0.396425,0.01165318758344459,1.0,0,33188,649,0.7002425614848754,33.188,67ff3a810b58fa2af2974c268584e9fc32edbb368ac74dca8c8c3fd5d02b7a41,0
DiT,1850,1000,0.9682190362332193,0.39721875,0.011988876835781039,1.0,0,34471,649,1.6531970512171301,34.471,f13b6ae39e6947392dc25c1fd795f48e07454efff71bd56b5c885200dee6bdbf,0
DiT,1900,1000,0.9369002467175429,0.4104125,0.025182242990654205,1.0,0,34322,648,0.5025538045738295,34.322,ff943238ec9f08be6e9f6869c6dfa35732864ca53abd4b6cf616ebf6dcd0537f,1
DiT,1950,1000,0.9533526289682182,0.38486875,0.002393641522029374,1.0,0,31373,649,1.267987215476309,31.373,c5868992b2059b71812baef46732c29d4f3b0d0abbd36ab256ace0f388d12934,1
DiT,2000,1000,0.9631625404085695,0.36655625,0.019199599465954606,1.0,0,37334,649,0.6202848013603388,37.334,969da1b1e985210f4d75062023be4ef282f3b8cad66357783ae33fc9820b065e,1
