epoch,mode,n,up_mean,down_mean,up_max,down_max,homopolymer_ge10,homopolymer_ge20,35S_subset_max_above_up,35S_subset_max_above_down,35S_subset_max_above_both,credible_relaxed_above_up,credible_relaxed_above_down,credible_relaxed_above_both,credible_strict_above_up,credible_strict_above_down,credible_strict_above_both,original_61_reference_above_up,original_61_reference_above_down,original_61_reference_above_both
50,up,500,11.781279328346253,5.855235818862915,12.942522048950195,7.605785369873047,102,31,425,9,0,486,9,2,486,7,1,54,0,0
50,down,500,6.617358338832855,7.112625121116638,9.115551948547363,10.19398021697998,408,67,0,429,0,0,410,0,0,205,0,0,38,0
50,both,500,11.688955745697022,6.129142930984497,12.878934860229492,8.219827651977539,63,22,438,33,10,475,27,14,475,15,4,22,0,0
100,up,500,11.246026767730713,5.668038076400757,13.339888572692871,7.730854034423828,102,25,276,46,9,441,42,24,441,17,6,71,0,0
100,down,500,5.876947817802429,8.322904492378235,8.800289154052734,9.976412773132324,489,330,0,494,0,0,492,0,0,467,0,0,69,0
100,both,500,10.157123040199279,7.004903720855713,13.18405818939209,8.907760620117188,325,170,118,342,32,291,328,176,291,246,128,11,0,0
150,up,500,10.539005128860474,5.79104533290863,13.014888763427734,7.844093322753906,171,65,151,76,6,358,71,24,358,44,12,12,0,0
150,down,500,5.710861190795899,8.49425061893463,7.0861616134643555,10.057144165039062,499,327,0,500,0,0,500,0,0,500,0,0,79,0
150,both,500,9.119283709526062,7.365596897125244,12.343770027160645,9.326337814331055,446,294,14,418,8,152,412,137,152,347,111,0,1,0
200,up,500,9.833086126327515,6.504092908859253,13.328731536865234,7.855745315551758,340,202,83,309,6,229,303,82,229,176,38,9,0,0
200,down,500,5.583380488395691,8.44498278427124,7.497480869293213,9.58808708190918,498,287,0,500,0,0,500,0,0,500,0,0,22,0
200,both,500,8.56388092136383,7.585370139122009,12.078218460083008,9.0386323928833,474,378,10,459,2,73,457,58,73,439,52,0,0,0
250,up,500,10.599893894195556,5.478919597625732,12.967262268066406,7.677255630493164,131,40,179,24,2,356,19,11,356,10,3,9,0,0
250,down,500,5.013699236392974,8.708219741821289,7.554818153381348,10.185535430908203,429,316,0,500,0,0,499,0,0,492,0,0,199,0
250,both,500,9.320910270690918,6.734138160705567,12.693066596984863,8.9596529006958,414,242,28,260,10,139,245,93,139,177,77,1,0,0
300,up,500,11.73004976272583,5.824043516159057,12.919317245483398,7.527637481689453,160,24,438,8,1,492,6,1,492,5,0,23,0,0
300,down,500,6.075270995140076,7.558087064743042,9.043827056884766,9.697628021240234,336,73,0,486,0,0,484,0,0,366,0,0,28,0
300,both,500,11.6100957365036,6.12343219089508,12.687719345092773,8.139533996582031,101,10,433,34,16,492,24,17,492,11,4,3,0,0
350,up,500,11.43607122707367,5.8371216611862184,12.82717514038086,7.755305290222168,110,56,385,53,2,452,52,9,452,33,3,25,0,0
350,down,500,4.252566624164581,9.165836662292481,7.187694072723389,9.874289512634277,500,478,0,500,0,0,500,0,0,500,0,0,317,0
350,both,500,10.608775014877319,6.7309336748123165,12.638739585876465,9.609405517578125,238,144,270,199,11,356,197,58,356,184,47,5,1,0
400,up,500,10.419907662391662,6.023483414649963,12.758875846862793,7.858090400695801,238,26,130,137,11,353,117,71,353,41,23,8,0,0
400,down,500,4.103191245555878,9.060236513137818,6.884946823120117,9.575986862182617,500,475,0,500,0,0,500,0,0,500,0,0,161,0
400,both,500,9.168481011390686,7.923474048614502,11.543951988220215,9.045207023620605,489,335,8,499,8,149,499,148,149,471,144,0,0,0
450,up,500,11.905382438659668,5.698548287391662,13.2183837890625,7.764681339263916,43,9,454,14,4,491,12,6,491,4,2,74,0,0
450,down,500,4.476488645076752,9.22008618068695,8.082639694213867,10.597037315368652,492,464,0,500,0,0,500,0,0,495,0,0,391,0
450,both,500,11.491358753204345,6.318496037483215,12.843016624450684,8.864713668823242,113,54,393,101,41,473,94,74,473,60,40,8,0,0
500,up,500,11.338726068496705,5.314682249069214,13.32412338256836,7.401155471801758,25,1,318,11,3,461,8,5,461,3,1,27,0,0
500,down,500,4.303487261533737,9.230401723861695,7.395005702972412,9.692707061767578,497,486,0,498,0,0,498,0,0,497,0,0,375,0
500,both,500,9.969242148399353,7.527036279678344,12.791794776916504,9.23341178894043,349,146,63,434,38,273,429,230,273,356,190,1,1,0
550,up,500,11.522937232971191,5.465681608200073,13.328774452209473,7.576268196105957,42,13,352,20,2,473,20,7,473,9,1,69,0,0
550,down,500,4.27966357755661,9.258362565994263,7.402570724487305,9.82913875579834,500,490,0,500,0,0,500,0,0,500,0,0,362,0
550,both,500,10.30407806777954,7.283769743919373,13.119403839111328,9.032958984375,279,180,156,398,82,338,388,232,338,290,144,9,0,0
600,up,500,11.56521247959137,5.456468399047852,13.174578666687012,7.3793416023254395,27,3,367,20,5,484,17,13,484,4,2,53,0,0
600,down,500,4.521517817497253,9.309545161247254,7.288880348205566,10.116302490234375,498,479,0,499,0,0,499,0,0,499,0,0,423,0
600,both,500,10.246028908729553,7.630659854888916,12.539891242980957,9.18218994140625,348,173,82,469,63,318,465,286,318,390,224,1,1,0
650,up,500,11.567637343406677,5.870726588249206,13.10733413696289,7.639961242675781,153,52,393,7,1,479,6,2,479,4,0,28,0,0
650,down,500,4.184945792198181,9.268252553939819,7.941034317016602,9.737104415893555,500,496,0,500,0,0,500,0,0,500,0,0,384,0
650,both,500,10.938823366165161,6.407816056251526,12.60926628112793,8.950809478759766,260,134,284,105,17,423,103,52,423,92,41,2,0,0
700,up,500,11.35055213546753,5.567789904594421,13.22805118560791,7.617978096008301,65,18,319,36,7,472,35,20,472,18,9,34,0,0
700,down,500,4.394214949131012,9.271496930122375,8.228739738464355,10.293058395385742,499,489,0,500,0,0,500,0,0,499,0,0,360,0
700,both,500,10.203781681060791,7.571685238838196,12.63912582397461,9.055030822753906,364,234,92,448,66,338,439,283,338,378,229,2,0,0
750,up,500,12.187177085876465,5.668383013725281,13.408373832702637,6.423845291137695,11,0,477,0,0,499,0,0,499,0,0,150,0,0
750,down,500,6.3667057428359985,7.522168027877807,9.530545234680176,10.748502731323242,332,82,0,466,0,0,457,0,0,312,0,0,57,0
750,both,500,11.914721799850463,6.20611065196991,13.034056663513184,8.317790985107422,11,2,456,92,70,497,75,73,497,20,18,55,0,0
800,up,500,12.196139556884766,5.614208997726441,13.548633575439453,6.809262275695801,15,1,476,2,1,499,2,2,499,0,0,157,0,0
800,down,500,6.466196448802948,7.478491611480713,9.194008827209473,10.156471252441406,337,92,0,458,0,0,448,0,0,296,0,0,64,0
800,both,500,11.896956243515014,6.2144655380249025,13.059586524963379,8.358309745788574,24,3,457,82,62,496,75,73,496,25,25,46,0,0
850,up,500,12.017139659881591,5.919734466552734,13.187287330627441,6.406946182250977,12,0,486,0,0,498,0,0,498,0,0,58,0,0
850,down,500,6.866294899940491,6.964092041015625,9.331502914428711,9.262824058532715,306,9,0,431,0,0,414,0,0,199,0,0,1,0
850,both,500,11.901587045669556,6.099714370727539,12.998736381530762,7.0445027351379395,3,0,479,16,14,500,12,12,500,1,1,20,0,0
900,up,500,11.53676191520691,5.574892799377442,13.212909698486328,6.992667198181152,29,9,377,3,1,472,3,2,472,0,0,39,0,0
900,down,500,4.831859066486358,9.178852049827576,8.117290496826172,10.377724647521973,468,439,0,494,0,0,493,0,0,482,0,0,379,0
900,both,500,10.80982365512848,7.07071648311615,12.76818561553955,9.133792877197266,226,130,225,298,55,378,290,174,378,235,132,8,0,0
950,up,500,8.520133118629456,7.173451245307922,11.693336486816406,7.975089073181152,500,445,4,488,3,52,485,48,52,345,24,0,0,0
950,down,500,4.122889977931976,8.93937665271759,7.05164909362793,9.707274436950684,500,447,0,500,0,0,500,0,0,500,0,0,99,0
950,both,500,8.070038976669311,7.659908990859986,10.711527824401855,8.477283477783203,500,461,0,500,0,11,500,11,11,488,11,0,0,0
1000,up,500,11.873492668151856,5.371930948257447,13.482935905456543,7.087177753448486,37,0,427,5,3,494,3,2,494,1,0,97,0,0
1000,down,500,6.025338429927826,7.972067039489746,9.069366455078125,10.450270652770996,365,182,0,471,0,0,463,0,0,361,0,0,147,0
1000,both,500,11.028941321372987,7.3825071392059325,13.004559516906738,9.338747024536133,181,105,245,423,181,428,416,344,428,321,254,9,2,0
1050,up,500,11.259359197616577,5.514014466285706,13.030680656433105,7.290266036987305,77,32,302,7,1,453,7,5,453,2,1,26,0,0
1050,down,500,5.1043878531455995,8.861792065620422,8.333091735839844,10.398323059082031,440,373,0,489,0,0,487,0,0,449,0,0,304,0
1050,both,500,10.48121168231964,7.027116491317749,12.657591819763184,9.097476959228516,256,105,135,334,58,350,317,203,350,237,138,3,0,0
1100,up,500,11.777882772445679,5.763476403236389,12.918652534484863,6.440092086791992,62,7,429,1,1,495,0,0,495,0,0,46,0,0
1100,down,500,6.244539163589478,7.727254274368286,9.378864288330078,10.25436782836914,351,137,0,478,0,0,468,0,0,354,0,0,91,0
1100,both,500,11.656601092338562,6.101224871635437,12.748680114746094,8.581071853637695,77,5,438,43,29,495,33,31,495,8,6,7,0,0
1150,up,500,11.74345860671997,5.868531167984009,12.869363784790039,6.478541374206543,119,17,440,1,1,494,0,0,494,0,0,27,0,0
1150,down,500,6.74675523853302,7.257523972511292,9.326290130615234,10.256976127624512,291,36,0,462,0,0,454,0,0,279,0,0,27,0
1150,both,500,11.767800079345703,6.081065786361695,12.656230926513672,6.670449733734131,41,2,462,14,10,499,7,7,499,0,0,12,0,0
1200,up,500,11.657083709716797,5.670041697502136,12.9616060256958,6.717113494873047,75,7,399,1,0,491,1,1,491,0,0,18,0,0
1200,down,500,6.668717823028564,7.145241269111633,9.041823387145996,10.157882690429688,272,28,0,450,0,0,445,0,0,248,0,0,17,0
1200,both,500,11.538207382202149,6.110812246322632,12.826128959655762,9.371711730957031,78,11,409,43,25,489,36,33,489,12,10,6,1,0
1250,up,500,10.614368957519531,5.905703773498535,12.87549877166748,8.075021743774414,174,56,182,111,16,374,101,41,374,46,11,3,0,0
1250,down,500,4.497133566856384,9.313490997314453,7.1783976554870605,10.217645645141602,500,491,0,500,0,0,500,0,0,500,0,0,409,0
1250,both,500,9.28433971309662,8.00360894870758,11.878311157226562,9.112387657165527,482,380,10,492,9,176,492,170,176,473,156,0,0,0
1300,up,500,11.825599787712097,5.230863261222839,13.383329391479492,6.662562847137451,7,0,427,3,1,488,1,1,488,0,0,81,0,0
1300,down,500,6.515048910140991,7.349466743469239,9.42116928100586,10.032379150390625,178,51,0,460,0,0,453,0,0,299,0,0,30,0
1300,both,500,11.342627689361573,7.070202958106995,12.829532623291016,9.416082382202148,43,19,335,387,246,468,373,344,468,260,237,13,2,0
1350,up,500,10.965118727684022,5.71117839050293,13.02757453918457,7.823407173156738,148,27,235,62,6,426,51,30,426,15,5,10,0,0
1350,down,500,4.660336618900299,9.312241564750671,8.437163352966309,10.0133638381958,499,488,0,498,0,0,498,0,0,498,0,0,407,0
1350,both,500,9.654459677696227,7.736402176856995,12.172992706298828,8.970494270324707,456,315,35,474,25,207,472,187,207,432,166,0,0,0
1400,up,500,11.605874282836915,5.387511989593506,13.385210037231445,7.251589298248291,46,5,373,10,2,474,9,6,474,3,2,58,0,0
1400,down,500,4.798592939853668,9.21055424785614,9.071925163269043,10.550743103027344,480,457,0,497,0,0,497,0,0,487,0,0,415,0
1400,both,500,10.501050827980041,7.597998753547668,12.820852279663086,9.273582458496094,336,240,128,419,79,353,416,281,353,355,235,10,4,0
1450,up,500,11.865245849609375,5.867563623428345,13.095114707946777,6.380348205566406,102,21,453,0,0,493,0,0,493,0,0,45,0,0
1450,down,500,6.982656341552734,7.134732459068299,9.4851655960083,10.21866226196289,351,25,0,456,0,0,451,0,0,268,0,0,8,0
1450,both,500,11.741182205200195,6.086552390098571,12.811661720275879,7.112606048583984,79,12,437,25,17,498,16,16,498,1,1,16,0,0
1500,up,500,11.058073207855225,6.013403652191162,12.706884384155273,7.73216438293457,211,9,234,110,37,466,94,84,466,17,12,4,0,0
1500,down,500,4.640828992843628,9.38945036315918,6.99446964263916,10.229862213134766,500,495,0,500,0,0,500,0,0,500,0,0,451,0
1500,both,500,10.369148098945617,8.221489401817323,11.994721412658691,9.250581741333008,491,373,59,499,58,372,498,371,372,477,359,0,1,0
1550,up,500,11.634262310028076,5.637390667915344,13.675061225891113,7.446847915649414,84,15,405,7,1,484,7,4,484,1,0,32,0,0
1550,down,500,4.793530839920044,9.038755619049072,7.401571273803711,10.129508972167969,499,358,0,500,0,0,500,0,0,499,0,0,243,0
1550,both,500,10.767653024673463,6.972554837226868,12.576650619506836,9.208542823791504,250,119,230,273,52,393,265,162,393,218,124,1,1,0
1600,up,500,12.09073044013977,5.769257019996643,13.264116287231445,6.521356105804443,8,0,479,3,3,498,1,1,498,0,0,115,0,0
1600,down,500,6.966621016502381,7.10455582523346,9.168148040771484,9.636082649230957,257,16,0,445,0,0,431,0,0,265,0,0,7,0
1600,both,500,11.819378874778748,6.142581998825073,12.990382194519043,8.308141708374023,19,8,459,47,30,491,37,31,491,13,7,32,0,0
1650,up,500,12.043587171554565,5.910664008140564,13.172338485717773,6.347262382507324,38,0,483,0,0,497,0,0,497,0,0,76,0,0
1650,down,500,6.918590801239014,7.1405416431427,9.263917922973633,9.139141082763672,354,12,0,461,0,0,451,0,0,273,0,0,0,0
1650,both,500,11.91258346748352,6.096038426399231,12.884961128234863,7.391376972198486,19,0,473,28,24,499,15,14,499,1,1,22,0,0
1700,up,500,11.32219658279419,5.690776277542114,12.818906784057617,6.214536666870117,274,81,323,0,0,478,0,0,478,0,0,5,0,0
1700,down,500,6.90006645822525,7.22588067150116,9.395336151123047,10.111488342285156,348,53,0,439,0,0,432,0,0,266,0,0,34,0
1700,both,500,11.334008003234864,6.014238647460937,12.556379318237305,7.382883071899414,272,76,346,29,14,486,21,21,486,5,5,1,0,0
1750,up,500,11.475736205101013,5.5548740539550785,13.334622383117676,7.134894847869873,54,9,364,6,1,471,4,2,471,2,1,33,0,0
1750,down,500,5.000184546470642,9.24049337387085,8.607357025146484,10.122140884399414,497,441,0,500,0,0,500,0,0,499,0,0,348,0
1750,both,500,10.616028931617738,7.344830150604248,12.493666648864746,9.04505729675293,306,175,134,381,77,398,371,283,398,307,231,2,0,0
1800,up,500,11.883791631698609,5.804068754196167,13.208077430725098,6.604084014892578,83,27,445,2,2,496,1,1,496,0,0,54,0,0
1800,down,500,6.863943066596985,7.148592855453491,9.322610855102539,9.313576698303223,334,19,0,458,0,0,452,0,0,282,0,0,3,0
1800,both,500,11.735189617156982,6.107852405548096,12.872507095336914,7.710721015930176,64,11,445,30,21,494,21,19,494,9,7,17,0,0
1850,up,500,12.239675102233887,5.6535717344284055,13.366830825805664,6.417826175689697,11,0,482,0,0,498,0,0,498,0,0,172,0,0
1850,down,500,6.147050768852234,8.111720251083375,9.173733711242676,10.531343460083008,408,196,0,472,0,0,470,0,0,383,0,0,171,0
1850,both,500,11.852551593780518,6.416666647911072,13.075610160827637,9.289457321166992,38,10,451,179,149,495,159,155,495,64,62,54,1,0
1900,up,500,11.040120458602905,5.723599101066589,12.983712196350098,7.68624210357666,63,11,244,29,4,453,29,21,453,14,9,10,0,0
1900,down,500,4.770101863861084,9.234017900466919,8.035918235778809,10.057743072509766,500,439,0,500,0,0,500,0,0,500,0,0,352,0
1900,both,500,10.464245408058167,7.765841074943543,12.551224708557129,9.328323364257812,398,213,137,446,98,355,445,302,355,411,273,3,2,0
1950,up,500,11.42449099636078,5.71142559337616,13.431344032287598,8.010226249694824,120,11,334,62,12,471,51,38,471,15,9,43,0,0
1950,down,500,4.877510379552842,9.337703754425048,7.8977274894714355,10.372724533081055,500,460,0,500,0,0,500,0,0,500,0,0,396,0
1950,both,500,10.362450494766236,8.079350666999817,12.532639503479004,9.427502632141113,448,326,75,490,67,359,486,345,359,450,312,1,8,0
2000,up,500,12.10030517578125,5.318511776924133,13.527815818786621,6.507091999053955,1,0,456,1,0,498,1,0,498,0,0,144,0,0
2000,down,500,5.393659996509552,8.502563408851623,8.994705200195312,10.119758605957031,453,311,0,480,0,0,476,0,0,411,0,0,240,0
2000,both,500,11.51433931350708,6.705998414039612,13.382463455200195,9.048026084899902,54,28,360,282,174,485,271,257,485,143,132,31,0,0
