group,legacy_midpoint_index,weight_including_pseudocount
real_9000,0,1
real_9000,1,1
real_9000,2,1
real_9000,3,1
real_9000,4,578
real_9000,5,1044
real_9000,6,1294
real_9000,7,1565
real_9000,8,1818
real_9000,9,1817
real_9000,10,2015
real_9000,11,2164
real_9000,12,2341
real_9000,13,2371
real_9000,14,2462
real_9000,15,2465
real_9000,16,2621
real_9000,17,2353
real_9000,18,2318
real_9000,19,2279
real_9000,20,2318
real_9000,21,2268
real_9000,22,2237
real_9000,23,2258
real_9000,24,2121
real_9000,25,2203
real_9000,26,2222
real_9000,27,2362
real_9000,28,2422
real_9000,29,2420
real_9000,30,2437
real_9000,31,2334
real_9000,32,2319
real_9000,33,2336
real_9000,34,2133
real_9000,35,2209
real_9000,36,2180
real_9000,37,2265
real_9000,38,2218
real_9000,39,2289
real_9000,40,2322
real_9000,41,2265
real_9000,42,2463
real_9000,43,2465
real_9000,44,2356
real_9000,45,2548
real_9000,46,2375
real_9000,47,2384
real_9000,48,2336
real_9000,49,2243
real_9000,50,2198
real_9000,51,2227
real_9000,52,2272
real_9000,53,2414
real_9000,54,2151
real_9000,55,2274
real_9000,56,2227
real_9000,57,2141
real_9000,58,2189
real_9000,59,2317
real_9000,60,2363
real_9000,61,2331
real_9000,62,2311
real_9000,63,2387
real_9000,64,2518
real_9000,65,2522
real_9000,66,2443
real_9000,67,2344
real_9000,68,2276
real_9000,69,2168
real_9000,70,2279
real_9000,71,2309
real_9000,72,2206
real_9000,73,2209
real_9000,74,2299
real_9000,75,2323
real_9000,76,2398
real_9000,77,2463
real_9000,78,2311
real_9000,79,2276
real_9000,80,2226
real_9000,81,2359
real_9000,82,2431
real_9000,83,2402
real_9000,84,2116
real_9000,85,2165
real_9000,86,2320
real_9000,87,2373
real_9000,88,2444
real_9000,89,2482
real_9000,90,2414
real_9000,91,2466
real_9000,92,2412
real_9000,93,2298
real_9000,94,2193
real_9000,95,2227
real_9000,96,2263
real_9000,97,2291
real_9000,98,2315
real_9000,99,2286
real_9000,100,2191
real_9000,101,2256
real_9000,102,2390
real_9000,103,2400
real_9000,104,2450
real_9000,105,2453
real_9000,106,2345
real_9000,107,2382
real_9000,108,2329
real_9000,109,2293
real_9000,110,2525
real_9000,111,2401
real_9000,112,2259
real_9000,113,2327
real_9000,114,2160
real_9000,115,2229
real_9000,116,2342
real_9000,117,2191
real_9000,118,2376
real_9000,119,2235
real_9000,120,2340
real_9000,121,2252
real_9000,122,2310
real_9000,123,2335
real_9000,124,2609
real_9000,125,2546
real_9000,126,2387
real_9000,127,2389
real_9000,128,2425
real_9000,129,2337
real_9000,130,2369
real_9000,131,2452
real_9000,132,2291
real_9000,133,2198
real_9000,134,2304
real_9000,135,2475
real_9000,136,2320
real_9000,137,2344
real_9000,138,2466
real_9000,139,2212
real_9000,140,2342
real_9000,141,2448
real_9000,142,2408
real_9000,143,2200
real_9000,144,2291
real_9000,145,2513
real_9000,146,2449
real_9000,147,2375
real_9000,148,2341
real_9000,149,2414
real_9000,150,2292
real_9000,151,2050
real_9000,152,2057
real_9000,153,1993
real_9000,154,1586
real_9000,155,1212
real_9000,156,818
real_9000,157,181
real_9000,158,1
real_9000,159,1
Ara_500,0,1
Ara_500,1,1
Ara_500,2,1
Ara_500,3,1
Ara_500,4,407
Ara_500,5,628
Ara_500,6,798
Ara_500,7,1108
Ara_500,8,1201
Ara_500,9,1122
Ara_500,10,1304
Ara_500,11,1456
Ara_500,12,1398
Ara_500,13,1406
Ara_500,14,1502
Ara_500,15,1434
Ara_500,16,1529
Ara_500,17,1427
Ara_500,18,1345
Ara_500,19,1584
Ara_500,20,1487
Ara_500,21,1647
Ara_500,22,1589
Ara_500,23,1451
Ara_500,24,1533
Ara_500,25,1546
Ara_500,26,1491
Ara_500,27,1375
Ara_500,28,1393
Ara_500,29,1389
Ara_500,30,1399
Ara_500,31,1481
Ara_500,32,1541
Ara_500,33,1461
Ara_500,34,1368
Ara_500,35,1367
Ara_500,36,1521
Ara_500,37,1422
Ara_500,38,1578
Ara_500,39,1520
Ara_500,40,1559
Ara_500,41,1490
Ara_500,42,1571
Ara_500,43,1502
Ara_500,44,1521
Ara_500,45,1485
Ara_500,46,1326
Ara_500,47,1415
Ara_500,48,1306
Ara_500,49,1337
Ara_500,50,1403
Ara_500,51,1491
Ara_500,52,1445
Ara_500,53,1385
Ara_500,54,1441
Ara_500,55,1415
Ara_500,56,1384
Ara_500,57,1577
Ara_500,58,1495
Ara_500,59,1436
Ara_500,60,1435
Ara_500,61,1458
Ara_500,62,1541
Ara_500,63,1583
Ara_500,64,1539
Ara_500,65,1497
Ara_500,66,1457
Ara_500,67,1494
Ara_500,68,1413
Ara_500,69,1414
Ara_500,70,1308
Ara_500,71,1379
Ara_500,72,1610
Ara_500,73,1524
Ara_500,74,1370
Ara_500,75,1390
Ara_500,76,1607
Ara_500,77,1567
Ara_500,78,1380
Ara_500,79,1413
Ara_500,80,1477
Ara_500,81,1465
Ara_500,82,1521
Ara_500,83,1318
Ara_500,84,1420
Ara_500,85,1468
Ara_500,86,1442
Ara_500,87,1259
Ara_500,88,1371
Ara_500,89,1323
Ara_500,90,1499
Ara_500,91,1523
Ara_500,92,1502
Ara_500,93,1466
Ara_500,94,1507
Ara_500,95,1372
Ara_500,96,1457
Ara_500,97,1480
Ara_500,98,1376
Ara_500,99,1436
Ara_500,100,1341
Ara_500,101,1437
Ara_500,102,1574
Ara_500,103,1523
Ara_500,104,1486
Ara_500,105,1482
Ara_500,106,1504
Ara_500,107,1412
Ara_500,108,1498
Ara_500,109,1524
Ara_500,110,1468
Ara_500,111,1492
Ara_500,112,1468
Ara_500,113,1481
Ara_500,114,1598
Ara_500,115,1546
Ara_500,116,1498
Ara_500,117,1478
Ara_500,118,1610
Ara_500,119,1559
Ara_500,120,1608
Ara_500,121,1532
Ara_500,122,1638
Ara_500,123,1509
Ara_500,124,1373
Ara_500,125,1458
Ara_500,126,1523
Ara_500,127,1539
Ara_500,128,1515
Ara_500,129,1417
Ara_500,130,1409
Ara_500,131,1491
Ara_500,132,1571
Ara_500,133,1509
Ara_500,134,1346
Ara_500,135,1415
Ara_500,136,1455
Ara_500,137,1470
Ara_500,138,1561
Ara_500,139,1636
Ara_500,140,1479
Ara_500,141,1428
Ara_500,142,1444
Ara_500,143,1476
Ara_500,144,1643
Ara_500,145,1533
Ara_500,146,1437
Ara_500,147,1469
Ara_500,148,1382
Ara_500,149,1364
Ara_500,150,1428
Ara_500,151,1312
Ara_500,152,1208
Ara_500,153,1101
Ara_500,154,933
Ara_500,155,858
Ara_500,156,559
Ara_500,157,143
Ara_500,158,1
Ara_500,159,1
Ara_2000,0,1
Ara_2000,1,1
Ara_2000,2,1
Ara_2000,3,1
Ara_2000,4,398
Ara_2000,5,779
Ara_2000,6,966
Ara_2000,7,1328
Ara_2000,8,1399
Ara_2000,9,1461
Ara_2000,10,1561
Ara_2000,11,1783
Ara_2000,12,1920
Ara_2000,13,2004
Ara_2000,14,1954
Ara_2000,15,1944
Ara_2000,16,1894
Ara_2000,17,1845
Ara_2000,18,1946
Ara_2000,19,1949
Ara_2000,20,1930
Ara_2000,21,1848
Ara_2000,22,1964
Ara_2000,23,2035
Ara_2000,24,2095
Ara_2000,25,1985
Ara_2000,26,2003
Ara_2000,27,1992
Ara_2000,28,1906
Ara_2000,29,1871
Ara_2000,30,1949
Ara_2000,31,1943
Ara_2000,32,2002
Ara_2000,33,1932
Ara_2000,34,1989
Ara_2000,35,2020
Ara_2000,36,1981
Ara_2000,37,2012
Ara_2000,38,2014
Ara_2000,39,1834
Ara_2000,40,2067
Ara_2000,41,1918
Ara_2000,42,1946
Ara_2000,43,2007
Ara_2000,44,2026
Ara_2000,45,2028
Ara_2000,46,1884
Ara_2000,47,1887
Ara_2000,48,1794
Ara_2000,49,1867
Ara_2000,50,1741
Ara_2000,51,1865
Ara_2000,52,1833
Ara_2000,53,1867
Ara_2000,54,1818
Ara_2000,55,1742
Ara_2000,56,1697
Ara_2000,57,1839
Ara_2000,58,1969
Ara_2000,59,2009
Ara_2000,60,2184
Ara_2000,61,1960
Ara_2000,62,2063
Ara_2000,63,1998
Ara_2000,64,1893
Ara_2000,65,1875
Ara_2000,66,1981
Ara_2000,67,1838
Ara_2000,68,1950
Ara_2000,69,1892
Ara_2000,70,1895
Ara_2000,71,1818
Ara_2000,72,1910
Ara_2000,73,1779
Ara_2000,74,1770
Ara_2000,75,1938
Ara_2000,76,1864
Ara_2000,77,1754
Ara_2000,78,1785
Ara_2000,79,1634
Ara_2000,80,1719
Ara_2000,81,1752
Ara_2000,82,1912
Ara_2000,83,1988
Ara_2000,84,1964
Ara_2000,85,1999
Ara_2000,86,1975
Ara_2000,87,1996
Ara_2000,88,2003
Ara_2000,89,1968
Ara_2000,90,2048
Ara_2000,91,1949
Ara_2000,92,1967
Ara_2000,93,1886
Ara_2000,94,2016
Ara_2000,95,2042
Ara_2000,96,2107
Ara_2000,97,2067
Ara_2000,98,2158
Ara_2000,99,2016
Ara_2000,100,2164
Ara_2000,101,1854
Ara_2000,102,1974
Ara_2000,103,1982
Ara_2000,104,1928
Ara_2000,105,1877
Ara_2000,106,1941
Ara_2000,107,2025
Ara_2000,108,1987
Ara_2000,109,2029
Ara_2000,110,2044
Ara_2000,111,2027
Ara_2000,112,1829
Ara_2000,113,1773
Ara_2000,114,1856
Ara_2000,115,1843
Ara_2000,116,1831
Ara_2000,117,1740
Ara_2000,118,1729
Ara_2000,119,1759
Ara_2000,120,1621
Ara_2000,121,1768
Ara_2000,122,1834
Ara_2000,123,1891
Ara_2000,124,1713
Ara_2000,125,1680
Ara_2000,126,1847
Ara_2000,127,1890
Ara_2000,128,1884
Ara_2000,129,1771
Ara_2000,130,1585
Ara_2000,131,1821
Ara_2000,132,1764
Ara_2000,133,1823
Ara_2000,134,1825
Ara_2000,135,1548
Ara_2000,136,1832
Ara_2000,137,1735
Ara_2000,138,1783
Ara_2000,139,1897
Ara_2000,140,1939
Ara_2000,141,1849
Ara_2000,142,1750
Ara_2000,143,1760
Ara_2000,144,1733
Ara_2000,145,1837
Ara_2000,146,1801
Ara_2000,147,1978
Ara_2000,148,2008
Ara_2000,149,1730
Ara_2000,150,1745
Ara_2000,151,1719
Ara_2000,152,1593
Ara_2000,153,1490
Ara_2000,154,1380
Ara_2000,155,1264
Ara_2000,156,724
Ara_2000,157,128
Ara_2000,158,1
Ara_2000,159,1
Maize_2000,0,1
Maize_2000,1,1
Maize_2000,2,1
Maize_2000,3,1
Maize_2000,4,517
Maize_2000,5,811
Maize_2000,6,933
Maize_2000,7,1221
Maize_2000,8,1518
Maize_2000,9,1495
Maize_2000,10,1471
Maize_2000,11,1801
Maize_2000,12,1900
Maize_2000,13,1857
Maize_2000,14,2002
Maize_2000,15,1989
Maize_2000,16,2005
Maize_2000,17,2023
Maize_2000,18,1898
Maize_2000,19,1952
Maize_2000,20,1995
Maize_2000,21,2049
Maize_2000,22,2064
Maize_2000,23,2023
Maize_2000,24,2017
Maize_2000,25,2070
Maize_2000,26,2054
Maize_2000,27,2105
Maize_2000,28,2250
Maize_2000,29,2108
Maize_2000,30,2063
Maize_2000,31,2015
Maize_2000,32,2003
Maize_2000,33,1996
Maize_2000,34,1901
Maize_2000,35,1927
Maize_2000,36,1973
Maize_2000,37,1880
Maize_2000,38,1913
Maize_2000,39,1846
Maize_2000,40,1886
Maize_2000,41,1841
Maize_2000,42,1906
Maize_2000,43,2054
Maize_2000,44,1933
Maize_2000,45,1853
Maize_2000,46,1869
Maize_2000,47,1927
Maize_2000,48,1974
Maize_2000,49,2035
Maize_2000,50,1902
Maize_2000,51,1874
Maize_2000,52,1879
Maize_2000,53,1897
Maize_2000,54,1986
Maize_2000,55,1944
Maize_2000,56,1934
Maize_2000,57,2088
Maize_2000,58,1906
Maize_2000,59,1852
Maize_2000,60,1811
Maize_2000,61,1863
Maize_2000,62,1762
Maize_2000,63,1821
Maize_2000,64,1879
Maize_2000,65,1900
Maize_2000,66,1815
Maize_2000,67,1887
Maize_2000,68,1822
Maize_2000,69,1912
Maize_2000,70,1735
Maize_2000,71,1878
Maize_2000,72,2025
Maize_2000,73,2013
Maize_2000,74,1939
Maize_2000,75,1920
Maize_2000,76,1817
Maize_2000,77,1895
Maize_2000,78,1924
Maize_2000,79,1826
Maize_2000,80,1932
Maize_2000,81,1836
Maize_2000,82,1767
Maize_2000,83,1775
Maize_2000,84,1863
Maize_2000,85,1873
Maize_2000,86,1952
Maize_2000,87,1819
Maize_2000,88,1879
Maize_2000,89,1836
Maize_2000,90,1870
Maize_2000,91,1816
Maize_2000,92,1840
Maize_2000,93,1939
Maize_2000,94,1853
Maize_2000,95,1805
Maize_2000,96,1919
Maize_2000,97,1927
Maize_2000,98,1806
Maize_2000,99,1697
Maize_2000,100,1804
Maize_2000,101,1789
Maize_2000,102,1797
Maize_2000,103,1724
Maize_2000,104,1686
Maize_2000,105,1898
Maize_2000,106,1691
Maize_2000,107,1658
Maize_2000,108,1864
Maize_2000,109,1965
Maize_2000,110,1927
Maize_2000,111,1923
Maize_2000,112,1850
Maize_2000,113,2013
Maize_2000,114,1934
Maize_2000,115,2016
Maize_2000,116,1888
Maize_2000,117,1988
Maize_2000,118,2025
Maize_2000,119,2090
Maize_2000,120,2065
Maize_2000,121,1913
Maize_2000,122,1775
Maize_2000,123,1770
Maize_2000,124,1920
Maize_2000,125,1940
Maize_2000,126,1883
Maize_2000,127,1919
Maize_2000,128,1772
Maize_2000,129,1780
Maize_2000,130,1751
Maize_2000,131,1838
Maize_2000,132,1888
Maize_2000,133,1944
Maize_2000,134,1777
Maize_2000,135,1796
Maize_2000,136,1767
Maize_2000,137,1841
Maize_2000,138,1800
Maize_2000,139,1779
Maize_2000,140,1736
Maize_2000,141,1654
Maize_2000,142,1645
Maize_2000,143,1691
Maize_2000,144,1838
Maize_2000,145,1688
Maize_2000,146,1713
Maize_2000,147,1794
Maize_2000,148,1800
Maize_2000,149,1816
Maize_2000,150,1719
Maize_2000,151,1694
Maize_2000,152,1424
Maize_2000,153,1396
Maize_2000,154,1103
Maize_2000,155,938
Maize_2000,156,608
Maize_2000,157,109
Maize_2000,158,1
Maize_2000,159,1
