group,motif_id,hit_count
real_9000,MA0001.3,393
real_9000,MA0005.3,394
real_9000,MA0008.4,417
real_9000,MA0034.2,233
real_9000,MA0054.1,211
real_9000,MA0082.2,779
real_9000,MA0096.1,86
real_9000,MA0097.1,301
real_9000,MA0110.4,352
real_9000,MA0121.2,227
real_9000,MA0123.1,355
real_9000,MA0128.1,296
real_9000,MA0129.1,71
real_9000,MA0548.3,727
real_9000,MA0549.2,439
real_9000,MA0550.3,258
real_9000,MA0551.2,534
real_9000,MA0553.1,129
real_9000,MA0554.2,1083
real_9000,MA0555.2,859
real_9000,MA0556.2,840
real_9000,MA0557.2,164
real_9000,MA0558.2,1162
real_9000,MA0559.1,2511
real_9000,MA0560.2,217
real_9000,MA0561.1,413
real_9000,MA0562.1,252
real_9000,MA0563.2,763
real_9000,MA0565.3,88
real_9000,MA0566.1,264
real_9000,MA0567.1,576
real_9000,MA0569.2,399
real_9000,MA0570.3,556
real_9000,MA0571.2,185
real_9000,MA0573.2,250
real_9000,MA0574.1,163
real_9000,MA0575.2,130
real_9000,MA0576.2,182
real_9000,MA0577.4,153
real_9000,MA0578.1,212
real_9000,MA0579.2,93
real_9000,MA0580.1,242
real_9000,MA0584.2,408
real_9000,MA0585.2,287
real_9000,MA0586.3,96
real_9000,MA0587.2,159
real_9000,MA0588.2,236
real_9000,MA0589.2,230
real_9000,MA0590.1,168
real_9000,MA0930.3,474
real_9000,MA0931.2,549
real_9000,MA0932.1,818
real_9000,MA0933.1,930
real_9000,MA0934.1,764
real_9000,MA0935.1,121
real_9000,MA0936.1,116
real_9000,MA0937.1,139
real_9000,MA0938.3,460
real_9000,MA0939.1,101
real_9000,MA0940.1,2003
real_9000,MA0941.2,555
real_9000,MA0942.2,194
real_9000,MA0943.2,194
real_9000,MA0946.1,318
real_9000,MA0947.1,225
real_9000,MA0948.2,131
real_9000,MA0949.2,416
real_9000,MA0950.1,352
real_9000,MA0951.1,447
real_9000,MA0952.1,394
real_9000,MA0953.2,327
real_9000,MA0954.3,454
real_9000,MA0957.1,296
real_9000,MA0958.1,356
real_9000,MA0959.1,92
real_9000,MA0960.1,326
real_9000,MA0961.2,138
real_9000,MA0962.2,173
real_9000,MA0963.1,36
real_9000,MA0964.3,218
real_9000,MA0967.1,242
real_9000,MA0968.3,586
real_9000,MA0971.2,129
real_9000,MA0972.1,426
real_9000,MA0973.2,704
real_9000,MA0974.3,295
real_9000,MA0975.1,666
real_9000,MA0976.3,998
real_9000,MA0977.1,427
real_9000,MA0978.1,146
real_9000,MA0980.3,194
real_9000,MA0986.1,316
real_9000,MA0990.2,293
real_9000,MA0992.3,896
real_9000,MA0994.3,1338
real_9000,MA0995.3,194
real_9000,MA1000.3,1170
real_9000,MA1001.4,977
real_9000,MA1004.2,537
real_9000,MA1005.3,966
real_9000,MA1006.2,228
real_9000,MA1007.1,204
real_9000,MA1008.2,257
real_9000,MA1009.1,229
real_9000,MA1010.2,186
real_9000,MA1012.1,906
real_9000,MA1013.1,476
real_9000,MA1014.1,442
real_9000,MA1019.2,139
real_9000,MA1020.1,221
real_9000,MA1021.2,61
real_9000,MA1023.1,209
real_9000,MA1024.2,294
real_9000,MA1025.2,278
real_9000,MA1026.3,757
real_9000,MA1028.1,184
real_9000,MA1030.2,817
real_9000,MA1032.2,173
real_9000,MA1033.1,535
real_9000,MA1034.1,775
real_9000,MA1035.1,146
real_9000,MA1036.1,109
real_9000,MA1037.2,123
real_9000,MA1038.2,120
real_9000,MA1039.1,219
real_9000,MA1040.1,181
real_9000,MA1041.1,176
real_9000,MA1042.1,169
real_9000,MA1043.2,75
real_9000,MA1044.2,174
real_9000,MA1045.2,135
real_9000,MA1046.1,127
real_9000,MA1047.3,272
real_9000,MA1048.1,161
real_9000,MA1049.2,537
real_9000,MA1050.1,137
real_9000,MA1051.1,631
real_9000,MA1053.1,575
real_9000,MA1054.2,168
real_9000,MA1055.3,151
real_9000,MA1056.2,128
real_9000,MA1059.3,155
real_9000,MA1061.2,278
real_9000,MA1062.3,137
real_9000,MA1063.2,147
real_9000,MA1064.2,170
real_9000,MA1065.3,141
real_9000,MA1066.1,148
real_9000,MA1067.1,98
real_9000,MA1068.3,259
real_9000,MA1069.3,319
real_9000,MA1070.3,266
real_9000,MA1074.2,193
real_9000,MA1075.1,266
real_9000,MA1076.3,280
real_9000,MA1078.2,122
real_9000,MA1079.3,520
real_9000,MA1080.1,331
real_9000,MA1081.3,308
real_9000,MA1083.3,329
real_9000,MA1084.1,213
real_9000,MA1087.3,603
real_9000,MA1090.2,122
real_9000,MA1091.1,315
real_9000,MA1093.2,122
real_9000,MA1094.3,552
real_9000,MA1095.1,106
real_9000,MA1096.1,129
real_9000,MA1097.1,155
real_9000,MA1098.1,106
real_9000,MA1156.2,1281
real_9000,MA1157.2,758
real_9000,MA1158.2,809
real_9000,MA1159.2,1589
real_9000,MA1160.2,1532
real_9000,MA1161.1,1369
real_9000,MA1162.1,1331
real_9000,MA1163.3,319
real_9000,MA1164.2,515
real_9000,MA1165.3,580
real_9000,MA1166.2,612
real_9000,MA1167.2,354
real_9000,MA1168.2,447
real_9000,MA1169.1,298
real_9000,MA1170.2,155
real_9000,MA1171.2,99
real_9000,MA1172.2,290
real_9000,MA1173.2,344
real_9000,MA1174.2,194
real_9000,MA1175.2,192
real_9000,MA1176.2,139
real_9000,MA1177.2,163
real_9000,MA1178.3,180
real_9000,MA1179.2,99
real_9000,MA1180.2,257
real_9000,MA1181.2,198
real_9000,MA1182.2,504
real_9000,MA1183.2,617
real_9000,MA1184.2,533
real_9000,MA1185.2,498
real_9000,MA1186.2,486
real_9000,MA1187.2,695
real_9000,MA1188.1,904
real_9000,MA1189.2,508
real_9000,MA1190.2,697
real_9000,MA1191.2,500
real_9000,MA1192.2,441
real_9000,MA1193.2,525
real_9000,MA1194.2,548
real_9000,MA1195.2,484
real_9000,MA1196.2,896
real_9000,MA1197.2,176
real_9000,MA1198.2,364
real_9000,MA1199.1,571
real_9000,MA1203.1,566
real_9000,MA1204.1,791
real_9000,MA1205.1,890
real_9000,MA1207.2,431
real_9000,MA1208.2,416
real_9000,MA1209.2,620
real_9000,MA1210.3,404
real_9000,MA1211.2,512
real_9000,MA1212.2,423
real_9000,MA1213.3,434
real_9000,MA1214.2,519
real_9000,MA1215.2,629
real_9000,MA1218.2,196
real_9000,MA1219.3,399
real_9000,MA1220.2,396
real_9000,MA1221.1,1483
real_9000,MA1222.1,1361
real_9000,MA1223.2,247
real_9000,MA1225.1,2022
real_9000,MA1226.2,1431
real_9000,MA1227.3,194
real_9000,MA1228.2,1339
real_9000,MA1229.2,349
real_9000,MA1230.2,276
real_9000,MA1231.3,566
real_9000,MA1232.2,660
real_9000,MA1233.3,406
real_9000,MA1234.2,312
real_9000,MA1235.1,268
real_9000,MA1238.3,330
real_9000,MA1239.2,1542
real_9000,MA1240.2,1300
real_9000,MA1241.2,315
real_9000,MA1242.1,1240
real_9000,MA1243.2,329
real_9000,MA1244.2,1034
real_9000,MA1245.3,1008
real_9000,MA1246.2,1310
real_9000,MA1247.2,1175
real_9000,MA1248.2,643
real_9000,MA1250.2,1480
real_9000,MA1251.2,338
real_9000,MA1252.2,1248
real_9000,MA1253.2,263
real_9000,MA1256.2,896
real_9000,MA1257.2,2057
real_9000,MA1258.2,401
real_9000,MA1259.2,498
real_9000,MA1260.2,582
real_9000,MA1261.2,813
real_9000,MA1262.2,1434
real_9000,MA1263.2,477
real_9000,MA1264.2,1439
real_9000,MA1265.3,408
real_9000,MA1266.2,844
real_9000,MA1267.2,3684
real_9000,MA1268.2,3489
real_9000,MA1269.2,674
real_9000,MA1270.2,1778
real_9000,MA1273.2,1303
real_9000,MA1274.1,7838
real_9000,MA1275.2,446
real_9000,MA1276.2,704
real_9000,MA1277.2,1694
real_9000,MA1278.2,2527
real_9000,MA1279.2,1832
real_9000,MA1280.2,704
real_9000,MA1281.2,4211
real_9000,MA1282.2,135
real_9000,MA1283.2,145
real_9000,MA1284.2,114
real_9000,MA1285.2,151
real_9000,MA1286.2,141
real_9000,MA1287.2,170
real_9000,MA1288.2,158
real_9000,MA1289.2,127
real_9000,MA1290.1,159
real_9000,MA1291.1,154
real_9000,MA1292.2,274
real_9000,MA1293.2,181
real_9000,MA1294.2,206
real_9000,MA1295.2,299
real_9000,MA1296.2,377
real_9000,MA1297.2,464
real_9000,MA1298.2,497
real_9000,MA1299.2,538
real_9000,MA1300.2,309
real_9000,MA1301.2,473
real_9000,MA1302.2,435
real_9000,MA1303.2,457
real_9000,MA1304.2,497
real_9000,MA1305.2,361
real_9000,MA1306.2,491
real_9000,MA1307.3,308
real_9000,MA1308.2,365
real_9000,MA1309.1,487
real_9000,MA1310.2,309
real_9000,MA1311.3,122
real_9000,MA1312.2,343
real_9000,MA1313.2,577
real_9000,MA1314.2,442
real_9000,MA1315.2,457
real_9000,MA1316.2,530
real_9000,MA1317.2,455
real_9000,MA1318.2,490
real_9000,MA1320.2,153
real_9000,MA1321.2,129
real_9000,MA1322.3,96
real_9000,MA1323.2,670
real_9000,MA1324.1,478
real_9000,MA1325.2,457
real_9000,MA1326.2,295
real_9000,MA1328.1,829
real_9000,MA1329.3,598
real_9000,MA1330.2,626
real_9000,MA1331.2,368
real_9000,MA1332.2,253
real_9000,MA1333.2,463
real_9000,MA1334.2,335
real_9000,MA1335.1,392
real_9000,MA1336.2,262
real_9000,MA1337.2,323
real_9000,MA1338.3,611
real_9000,MA1339.1,320
real_9000,MA1340.2,421
real_9000,MA1341.2,337
real_9000,MA1343.2,106
real_9000,MA1344.2,573
real_9000,MA1345.2,327
real_9000,MA1346.2,354
real_9000,MA1348.1,299
real_9000,MA1349.2,580
real_9000,MA1350.1,295
real_9000,MA1351.3,383
real_9000,MA1352.1,1145
real_9000,MA1353.2,1184
real_9000,MA1354.1,878
real_9000,MA1355.2,944
real_9000,MA1356.1,1313
real_9000,MA1357.2,264
real_9000,MA1358.2,222
real_9000,MA1361.2,273
real_9000,MA1362.2,258
real_9000,MA1363.1,266
real_9000,MA1364.2,367
real_9000,MA1365.3,278
real_9000,MA1366.2,420
real_9000,MA1367.2,470
real_9000,MA1368.3,288
real_9000,MA1369.2,378
real_9000,MA1370.2,993
real_9000,MA1371.2,1335
real_9000,MA1372.2,381
real_9000,MA1373.1,2624
real_9000,MA1374.2,969
real_9000,MA1375.2,409
real_9000,MA1376.2,489
real_9000,MA1377.2,181
real_9000,MA1378.1,197
real_9000,MA1379.1,1315
real_9000,MA1380.1,1248
real_9000,MA1381.2,342
real_9000,MA1382.2,186
real_9000,MA1383.2,504
real_9000,MA1384.1,338
real_9000,MA1385.2,572
real_9000,MA1386.3,512
real_9000,MA1387.2,550
real_9000,MA1388.2,580
real_9000,MA1389.2,340
real_9000,MA1390.3,501
real_9000,MA1391.3,185
real_9000,MA1392.3,146
real_9000,MA1393.3,163
real_9000,MA1394.3,191
real_9000,MA1396.2,552
real_9000,MA1397.2,337
real_9000,MA1398.3,255
real_9000,MA1400.2,405
real_9000,MA1401.2,488
real_9000,MA1402.1,7212
real_9000,MA1403.1,8175
real_9000,MA1404.1,10295
real_9000,MA1405.2,116
real_9000,MA1406.2,355
real_9000,MA1408.2,145
real_9000,MA1409.2,274
real_9000,MA1410.2,114
real_9000,MA1411.2,94
real_9000,MA1412.2,64
real_9000,MA1415.2,975
real_9000,MA1416.1,4910
real_9000,MA1417.2,315
real_9000,MA1424.2,459
real_9000,MA1425.2,172
real_9000,MA1426.2,104
real_9000,MA1427.3,253
real_9000,MA1428.2,171
real_9000,MA1430.2,102
real_9000,MA1659.2,370
real_9000,MA1660.2,519
real_9000,MA1661.2,345
real_9000,MA1662.2,257
real_9000,MA1663.3,366
real_9000,MA1664.3,513
real_9000,MA1665.3,704
real_9000,MA1666.3,631
real_9000,MA1667.3,430
real_9000,MA1669.2,150
real_9000,MA1670.2,150
real_9000,MA1671.2,800
real_9000,MA1672.2,457
real_9000,MA1673.2,522
real_9000,MA1674.3,253
real_9000,MA1675.2,178
real_9000,MA1676.3,257
real_9000,MA1677.2,585
real_9000,MA1678.3,737
real_9000,MA1679.2,324
real_9000,MA1681.2,413
real_9000,MA1682.2,1091
real_9000,MA1685.2,214
real_9000,MA1686.1,130
real_9000,MA1687.1,124
real_9000,MA1688.2,513
real_9000,MA1689.2,356
real_9000,MA1690.2,227
real_9000,MA1691.2,149
real_9000,MA1692.2,214
real_9000,MA1693.2,162
real_9000,MA1694.2,182
real_9000,MA1695.2,150
real_9000,MA1696.2,150
real_9000,MA1697.2,251
real_9000,MA1698.2,280
real_9000,MA1706.2,227
real_9000,MA1732.1,345
real_9000,MA1733.2,308
real_9000,MA1734.1,314
real_9000,MA1735.2,531
real_9000,MA1737.2,368
real_9000,MA1738.1,401
real_9000,MA1739.2,181
real_9000,MA1740.2,278
real_9000,MA1741.1,298
real_9000,MA1742.2,135
real_9000,MA1743.2,474
real_9000,MA1744.2,119
real_9000,MA1745.2,264
real_9000,MA1746.1,122
real_9000,MA1747.2,541
real_9000,MA1749.1,252
real_9000,MA1750.1,345
real_9000,MA1751.2,207
real_9000,MA1752.2,229
real_9000,MA1753.2,1662
real_9000,MA1754.2,1094
real_9000,MA1756.2,138
real_9000,MA1757.2,387
real_9000,MA1758.2,649
real_9000,MA1759.2,475
real_9000,MA1760.1,508
real_9000,MA1761.2,501
real_9000,MA1762.2,325
real_9000,MA1764.2,142
real_9000,MA1765.2,183
real_9000,MA1766.2,263
real_9000,MA1768.2,370
real_9000,MA1769.2,301
real_9000,MA1770.2,351
real_9000,MA1771.2,220
real_9000,MA1772.2,337
real_9000,MA1773.2,303
real_9000,MA1774.2,338
real_9000,MA1775.2,245
real_9000,MA1776.2,233
real_9000,MA1777.2,261
real_9000,MA1778.2,336
real_9000,MA1779.2,393
real_9000,MA1780.2,123
real_9000,MA1781.2,285
real_9000,MA1783.1,459
real_9000,MA1784.1,410
real_9000,MA1785.2,179
real_9000,MA1786.2,95
real_9000,MA1787.2,199
real_9000,MA1788.1,248
real_9000,MA1789.1,460
real_9000,MA1790.1,483
real_9000,MA1791.1,352
real_9000,MA1792.1,281
real_9000,MA1794.2,389
real_9000,MA1795.2,283
real_9000,MA1796.1,124
real_9000,MA1797.1,219
real_9000,MA1800.1,219
real_9000,MA1802.2,369
real_9000,MA1803.2,134
real_9000,MA1805.2,122
real_9000,MA1807.2,392
real_9000,MA1808.2,370
real_9000,MA1809.2,167
real_9000,MA1810.2,108
real_9000,MA1811.2,370
real_9000,MA1812.2,948
real_9000,MA1813.2,331
real_9000,MA1814.2,899
real_9000,MA1815.2,361
real_9000,MA1817.2,791
real_9000,MA1818.1,812
real_9000,MA1819.2,914
real_9000,MA1820.2,889
real_9000,MA1821.2,710
real_9000,MA1822.2,49
real_9000,MA1823.2,1997
real_9000,MA1824.2,309
real_9000,MA1827.2,200
real_9000,MA1828.2,185
real_9000,MA1829.2,123
real_9000,MA1830.2,677
real_9000,MA1831.2,818
real_9000,MA1832.2,808
real_9000,MA1833.2,893
real_9000,MA1834.2,276
real_9000,MA1835.2,58
real_9000,MA2005.2,265
real_9000,MA2006.2,418
real_9000,MA2007.2,565
real_9000,MA2008.2,147
real_9000,MA2009.2,387
real_9000,MA2010.2,234
real_9000,MA2011.2,331
real_9000,MA2013.2,1258
real_9000,MA2014.2,402
real_9000,MA2015.2,134
real_9000,MA2016.2,138
real_9000,MA2017.2,375
real_9000,MA2018.2,272
real_9000,MA2019.2,560
real_9000,MA2020.2,642
real_9000,MA2021.2,779
real_9000,MA2022.2,1432
real_9000,MA2023.2,216
real_9000,MA2024.2,299
real_9000,MA2025.2,537
real_9000,MA2026.2,261
real_9000,MA2027.2,184
real_9000,MA2028.2,266
real_9000,MA2029.2,217
real_9000,MA2030.2,303
real_9000,MA2031.2,198
real_9000,MA2032.2,997
real_9000,MA2033.2,357
real_9000,MA2034.2,253
real_9000,MA2035.2,428
real_9000,MA2036.2,234
real_9000,MA2037.2,253
real_9000,MA2038.2,143
real_9000,MA2039.2,1009
real_9000,MA2040.2,1181
real_9000,MA2041.2,412
real_9000,MA2042.2,430
real_9000,MA2043.2,585
real_9000,MA2044.2,234
real_9000,MA2045.2,361
real_9000,MA2046.2,97
real_9000,MA2047.2,234
real_9000,MA2048.2,567
real_9000,MA2049.2,585
real_9000,MA2050.2,234
real_9000,MA2051.2,317
real_9000,MA2052.2,436
real_9000,MA2053.2,379
real_9000,MA2055.1,139
real_9000,MA2057.1,399
real_9000,MA2060.1,313
real_9000,MA2061.1,278
real_9000,MA2064.1,278
real_9000,MA2065.1,368
real_9000,MA2066.1,191
real_9000,MA2067.1,303
real_9000,MA2068.1,200
real_9000,MA2071.1,373
real_9000,MA2072.1,124
real_9000,MA2074.1,772
real_9000,MA2075.1,555
real_9000,MA2076.1,341
real_9000,MA2077.1,399
real_9000,MA2078.1,829
real_9000,MA2079.1,77
real_9000,MA2083.1,182
real_9000,MA2086.1,395
real_9000,MA2087.1,516
real_9000,MA2088.1,228
real_9000,MA2089.1,122
real_9000,MA2091.1,129
real_9000,MA2092.1,297
real_9000,MA2104.1,901
real_9000,MA2106.1,289
real_9000,MA2343.1,245
real_9000,MA2344.1,993
real_9000,MA2348.1,1535
real_9000,MA2349.1,413
real_9000,MA2350.1,138
real_9000,MA2351.1,114
real_9000,MA2352.1,218
real_9000,MA2353.1,409
real_9000,MA2354.1,108
real_9000,MA2357.1,369
real_9000,MA2359.1,279
real_9000,MA2360.1,150
real_9000,MA2362.1,212
real_9000,MA2363.1,93
real_9000,MA2364.1,173
real_9000,MA2365.1,106
real_9000,MA2367.1,210
real_9000,MA2369.1,305
real_9000,MA2371.1,401
real_9000,MA2372.1,390
real_9000,MA2374.1,412
real_9000,MA2375.1,410
real_9000,MA2376.1,131
real_9000,MA2377.1,124
real_9000,MA2380.1,831
real_9000,MA2384.1,370
real_9000,MA2386.1,257
real_9000,MA2387.1,271
real_9000,MA2388.1,697
real_9000,MA2389.1,474
real_9000,MA2390.1,139
real_9000,MA2391.1,247
real_9000,MA2392.1,181
real_9000,MA2393.1,61
real_9000,MA2395.1,235
real_9000,MA2396.1,743
real_9000,MA2398.1,1350
real_9000,MA2399.1,142
real_9000,MA2400.1,142
real_9000,MA2401.1,535
real_9000,MA2404.1,817
real_9000,MA2406.1,278
real_9000,MA2407.1,338
real_9000,MA2408.1,73
real_9000,MA2409.1,322
real_9000,MA2410.1,277
real_9000,MA2411.1,343
real_9000,MA2412.1,303
real_9000,MA2413.1,518
real_9000,MA2414.1,188
real_9000,MA2415.1,522
real_9000,MA2416.1,778
real_9000,MA2417.1,136
real_9000,MA2418.1,410
real_9000,MA2419.1,292
real_9000,MA2420.1,187
real_9000,MA2421.1,163
real_9000,MA2422.1,272
real_9000,MA2423.1,324
real_9000,MA2424.1,311
real_9000,MA2425.1,89
real_9000,MA2426.1,114
real_9000,MA2427.1,97
real_9000,MA2428.1,101
real_9000,MA2429.1,115
real_9000,MA2430.1,95
real_9000,MA2431.1,81
real_9000,MA2432.1,272
real_9000,MA2433.1,71
real_9000,MA2434.1,85
real_9000,MA2435.1,79
real_9000,MA2436.1,88
real_9000,MA2437.1,81
real_9000,MA2438.1,105
real_9000,MA2439.1,95
real_9000,MA2440.1,82
real_9000,MA2441.1,87
real_9000,MA2442.1,90
real_9000,MA2443.1,98
real_9000,MA2444.1,91
real_9000,MA2445.1,104
real_9000,MA2446.1,93
real_9000,MA2447.1,76
real_9000,MA2448.1,106
real_9000,MA2449.1,86
real_9000,MA2450.1,100
real_9000,MA2451.1,121
real_9000,MA2452.1,151
real_9000,MA2453.1,150
real_9000,MA2454.1,163
real_9000,MA2455.1,96
Ara_500,MA0001.3,309
Ara_500,MA0005.3,274
Ara_500,MA0008.4,338
Ara_500,MA0034.2,196
Ara_500,MA0054.1,288
Ara_500,MA0082.2,545
Ara_500,MA0096.1,75
Ara_500,MA0097.1,206
Ara_500,MA0110.4,338
Ara_500,MA0121.2,163
Ara_500,MA0123.1,162
Ara_500,MA0128.1,141
Ara_500,MA0129.1,79
Ara_500,MA0548.3,490
Ara_500,MA0549.2,120
Ara_500,MA0550.3,97
Ara_500,MA0551.2,134
Ara_500,MA0553.1,135
Ara_500,MA0554.2,780
Ara_500,MA0555.2,617
Ara_500,MA0556.2,592
Ara_500,MA0557.2,79
Ara_500,MA0558.2,861
Ara_500,MA0559.1,1736
Ara_500,MA0560.2,61
Ara_500,MA0561.1,116
Ara_500,MA0562.1,180
Ara_500,MA0563.2,541
Ara_500,MA0565.3,73
Ara_500,MA0566.1,58
Ara_500,MA0567.1,171
Ara_500,MA0569.2,110
Ara_500,MA0570.3,127
Ara_500,MA0571.2,177
Ara_500,MA0573.2,213
Ara_500,MA0574.1,170
Ara_500,MA0575.2,141
Ara_500,MA0576.2,167
Ara_500,MA0577.4,96
Ara_500,MA0578.1,202
Ara_500,MA0579.2,114
Ara_500,MA0580.1,229
Ara_500,MA0584.2,324
Ara_500,MA0585.2,242
Ara_500,MA0586.3,55
Ara_500,MA0587.2,149
Ara_500,MA0588.2,134
Ara_500,MA0589.2,217
Ara_500,MA0590.1,150
Ara_500,MA0930.3,141
Ara_500,MA0931.2,131
Ara_500,MA0932.1,488
Ara_500,MA0933.1,607
Ara_500,MA0934.1,500
Ara_500,MA0935.1,116
Ara_500,MA0936.1,130
Ara_500,MA0937.1,141
Ara_500,MA0938.3,299
Ara_500,MA0939.1,102
Ara_500,MA0940.1,1344
Ara_500,MA0941.2,136
Ara_500,MA0942.2,188
Ara_500,MA0943.2,188
Ara_500,MA0946.1,328
Ara_500,MA0947.1,246
Ara_500,MA0948.2,134
Ara_500,MA0949.2,384
Ara_500,MA0950.1,301
Ara_500,MA0951.1,313
Ara_500,MA0952.1,312
Ara_500,MA0953.2,272
Ara_500,MA0954.3,373
Ara_500,MA0957.1,72
Ara_500,MA0958.1,79
Ara_500,MA0959.1,72
Ara_500,MA0960.1,92
Ara_500,MA0961.2,113
Ara_500,MA0962.2,59
Ara_500,MA0963.1,28
Ara_500,MA0964.3,180
Ara_500,MA0967.1,198
Ara_500,MA0968.3,152
Ara_500,MA0971.2,143
Ara_500,MA0972.1,299
Ara_500,MA0973.2,602
Ara_500,MA0974.3,347
Ara_500,MA0975.1,163
Ara_500,MA0976.3,236
Ara_500,MA0977.1,437
Ara_500,MA0978.1,176
Ara_500,MA0980.3,188
Ara_500,MA0986.1,246
Ara_500,MA0990.2,265
Ara_500,MA0992.3,278
Ara_500,MA0994.3,371
Ara_500,MA0995.3,188
Ara_500,MA1000.3,292
Ara_500,MA1001.4,242
Ara_500,MA1004.2,162
Ara_500,MA1005.3,268
Ara_500,MA1006.2,174
Ara_500,MA1007.1,214
Ara_500,MA1008.2,202
Ara_500,MA1009.1,186
Ara_500,MA1010.2,205
Ara_500,MA1012.1,657
Ara_500,MA1013.1,333
Ara_500,MA1014.1,334
Ara_500,MA1019.2,149
Ara_500,MA1020.1,259
Ara_500,MA1021.2,35
Ara_500,MA1023.1,173
Ara_500,MA1024.2,264
Ara_500,MA1025.2,96
Ara_500,MA1026.3,409
Ara_500,MA1028.1,150
Ara_500,MA1030.2,182
Ara_500,MA1032.2,157
Ara_500,MA1033.1,121
Ara_500,MA1034.1,267
Ara_500,MA1035.1,119
Ara_500,MA1036.1,100
Ara_500,MA1037.2,119
Ara_500,MA1038.2,123
Ara_500,MA1039.1,190
Ara_500,MA1040.1,151
Ara_500,MA1041.1,159
Ara_500,MA1042.1,170
Ara_500,MA1043.2,76
Ara_500,MA1044.2,146
Ara_500,MA1045.2,135
Ara_500,MA1046.1,114
Ara_500,MA1047.3,172
Ara_500,MA1048.1,130
Ara_500,MA1049.2,162
Ara_500,MA1050.1,144
Ara_500,MA1051.1,175
Ara_500,MA1053.1,193
Ara_500,MA1054.2,133
Ara_500,MA1055.3,93
Ara_500,MA1056.2,77
Ara_500,MA1059.3,97
Ara_500,MA1061.2,96
Ara_500,MA1062.3,118
Ara_500,MA1063.2,120
Ara_500,MA1064.2,188
Ara_500,MA1065.3,123
Ara_500,MA1066.1,159
Ara_500,MA1067.1,97
Ara_500,MA1068.3,165
Ara_500,MA1069.3,191
Ara_500,MA1070.3,170
Ara_500,MA1074.2,146
Ara_500,MA1075.1,202
Ara_500,MA1076.3,214
Ara_500,MA1078.2,112
Ara_500,MA1079.3,376
Ara_500,MA1080.1,231
Ara_500,MA1081.3,206
Ara_500,MA1083.3,221
Ara_500,MA1084.1,180
Ara_500,MA1087.3,432
Ara_500,MA1090.2,112
Ara_500,MA1091.1,265
Ara_500,MA1093.2,112
Ara_500,MA1094.3,387
Ara_500,MA1095.1,119
Ara_500,MA1096.1,119
Ara_500,MA1097.1,147
Ara_500,MA1098.1,119
Ara_500,MA1156.2,1022
Ara_500,MA1157.2,708
Ara_500,MA1158.2,755
Ara_500,MA1159.2,1291
Ara_500,MA1160.2,1162
Ara_500,MA1161.1,1040
Ara_500,MA1162.1,1010
Ara_500,MA1163.3,313
Ara_500,MA1164.2,422
Ara_500,MA1165.3,464
Ara_500,MA1166.2,454
Ara_500,MA1167.2,295
Ara_500,MA1168.2,348
Ara_500,MA1169.1,266
Ara_500,MA1170.2,144
Ara_500,MA1171.2,94
Ara_500,MA1172.2,235
Ara_500,MA1173.2,291
Ara_500,MA1174.2,212
Ara_500,MA1175.2,214
Ara_500,MA1176.2,132
Ara_500,MA1177.2,153
Ara_500,MA1178.3,183
Ara_500,MA1179.2,94
Ara_500,MA1180.2,214
Ara_500,MA1181.2,213
Ara_500,MA1182.2,333
Ara_500,MA1183.2,441
Ara_500,MA1184.2,354
Ara_500,MA1185.2,344
Ara_500,MA1186.2,427
Ara_500,MA1187.2,494
Ara_500,MA1188.1,725
Ara_500,MA1189.2,419
Ara_500,MA1190.2,491
Ara_500,MA1191.2,339
Ara_500,MA1192.2,369
Ara_500,MA1193.2,488
Ara_500,MA1194.2,517
Ara_500,MA1195.2,423
Ara_500,MA1196.2,677
Ara_500,MA1197.2,99
Ara_500,MA1198.2,314
Ara_500,MA1199.1,417
Ara_500,MA1203.1,385
Ara_500,MA1204.1,573
Ara_500,MA1205.1,629
Ara_500,MA1207.2,233
Ara_500,MA1208.2,391
Ara_500,MA1209.2,384
Ara_500,MA1210.3,366
Ara_500,MA1211.2,357
Ara_500,MA1212.2,285
Ara_500,MA1213.3,346
Ara_500,MA1214.2,360
Ara_500,MA1215.2,404
Ara_500,MA1218.2,195
Ara_500,MA1219.3,250
Ara_500,MA1220.2,233
Ara_500,MA1221.1,358
Ara_500,MA1222.1,436
Ara_500,MA1223.2,200
Ara_500,MA1225.1,467
Ara_500,MA1226.2,374
Ara_500,MA1227.3,188
Ara_500,MA1228.2,323
Ara_500,MA1229.2,229
Ara_500,MA1230.2,195
Ara_500,MA1231.3,177
Ara_500,MA1232.2,262
Ara_500,MA1233.3,240
Ara_500,MA1234.2,208
Ara_500,MA1235.1,265
Ara_500,MA1238.3,235
Ara_500,MA1239.2,391
Ara_500,MA1240.2,321
Ara_500,MA1241.2,226
Ara_500,MA1242.1,330
Ara_500,MA1243.2,250
Ara_500,MA1244.2,290
Ara_500,MA1245.3,276
Ara_500,MA1246.2,365
Ara_500,MA1247.2,340
Ara_500,MA1248.2,295
Ara_500,MA1250.2,406
Ara_500,MA1251.2,240
Ara_500,MA1252.2,354
Ara_500,MA1253.2,235
Ara_500,MA1256.2,237
Ara_500,MA1257.2,492
Ara_500,MA1258.2,264
Ara_500,MA1259.2,270
Ara_500,MA1260.2,299
Ara_500,MA1261.2,217
Ara_500,MA1262.2,342
Ara_500,MA1263.2,265
Ara_500,MA1264.2,335
Ara_500,MA1265.3,251
Ara_500,MA1266.2,278
Ara_500,MA1267.2,2764
Ara_500,MA1268.2,2769
Ara_500,MA1269.2,609
Ara_500,MA1270.2,1481
Ara_500,MA1273.2,1194
Ara_500,MA1274.1,4790
Ara_500,MA1275.2,437
Ara_500,MA1276.2,602
Ara_500,MA1277.2,1492
Ara_500,MA1278.2,2198
Ara_500,MA1279.2,1576
Ara_500,MA1280.2,602
Ara_500,MA1281.2,2945
Ara_500,MA1282.2,128
Ara_500,MA1283.2,99
Ara_500,MA1284.2,135
Ara_500,MA1285.2,116
Ara_500,MA1286.2,118
Ara_500,MA1287.2,136
Ara_500,MA1288.2,133
Ara_500,MA1289.2,120
Ara_500,MA1290.1,138
Ara_500,MA1291.1,122
Ara_500,MA1292.2,233
Ara_500,MA1293.2,159
Ara_500,MA1294.2,192
Ara_500,MA1295.2,234
Ara_500,MA1296.2,372
Ara_500,MA1297.2,339
Ara_500,MA1298.2,335
Ara_500,MA1299.2,408
Ara_500,MA1300.2,204
Ara_500,MA1301.2,325
Ara_500,MA1302.2,291
Ara_500,MA1303.2,321
Ara_500,MA1304.2,396
Ara_500,MA1305.2,234
Ara_500,MA1306.2,358
Ara_500,MA1307.3,206
Ara_500,MA1308.2,252
Ara_500,MA1309.1,348
Ara_500,MA1310.2,204
Ara_500,MA1311.3,112
Ara_500,MA1312.2,252
Ara_500,MA1313.2,413
Ara_500,MA1314.2,293
Ara_500,MA1315.2,302
Ara_500,MA1316.2,392
Ara_500,MA1317.2,382
Ara_500,MA1318.2,374
Ara_500,MA1320.2,96
Ara_500,MA1321.2,90
Ara_500,MA1322.3,55
Ara_500,MA1323.2,426
Ara_500,MA1324.1,317
Ara_500,MA1325.2,266
Ara_500,MA1326.2,207
Ara_500,MA1328.1,435
Ara_500,MA1329.3,309
Ara_500,MA1330.2,362
Ara_500,MA1331.2,104
Ara_500,MA1332.2,103
Ara_500,MA1333.2,96
Ara_500,MA1334.2,176
Ara_500,MA1335.1,230
Ara_500,MA1336.2,188
Ara_500,MA1337.2,186
Ara_500,MA1338.3,142
Ara_500,MA1339.1,202
Ara_500,MA1340.2,157
Ara_500,MA1341.2,173
Ara_500,MA1343.2,134
Ara_500,MA1344.2,163
Ara_500,MA1345.2,188
Ara_500,MA1346.2,189
Ara_500,MA1348.1,181
Ara_500,MA1349.2,154
Ara_500,MA1350.1,210
Ara_500,MA1351.3,134
Ara_500,MA1352.1,595
Ara_500,MA1353.2,387
Ara_500,MA1354.1,529
Ara_500,MA1355.2,288
Ara_500,MA1356.1,679
Ara_500,MA1357.2,248
Ara_500,MA1358.2,207
Ara_500,MA1361.2,131
Ara_500,MA1362.2,144
Ara_500,MA1363.1,122
Ara_500,MA1364.2,135
Ara_500,MA1365.3,255
Ara_500,MA1366.2,364
Ara_500,MA1367.2,410
Ara_500,MA1368.3,233
Ara_500,MA1369.2,280
Ara_500,MA1370.2,846
Ara_500,MA1371.2,1048
Ara_500,MA1372.2,303
Ara_500,MA1373.1,1521
Ara_500,MA1374.2,822
Ara_500,MA1375.2,290
Ara_500,MA1376.2,163
Ara_500,MA1377.2,177
Ara_500,MA1378.1,211
Ara_500,MA1379.1,1032
Ara_500,MA1380.1,980
Ara_500,MA1381.2,340
Ara_500,MA1382.2,75
Ara_500,MA1383.2,490
Ara_500,MA1384.1,260
Ara_500,MA1385.2,528
Ara_500,MA1386.3,419
Ara_500,MA1387.2,419
Ara_500,MA1388.2,464
Ara_500,MA1389.2,283
Ara_500,MA1390.3,355
Ara_500,MA1391.3,212
Ara_500,MA1392.3,123
Ara_500,MA1393.3,183
Ara_500,MA1394.3,182
Ara_500,MA1396.2,392
Ara_500,MA1397.2,270
Ara_500,MA1398.3,228
Ara_500,MA1400.2,322
Ara_500,MA1401.2,326
Ara_500,MA1402.1,3898
Ara_500,MA1403.1,4231
Ara_500,MA1404.1,5880
Ara_500,MA1405.2,123
Ara_500,MA1406.2,305
Ara_500,MA1408.2,140
Ara_500,MA1409.2,286
Ara_500,MA1410.2,177
Ara_500,MA1411.2,72
Ara_500,MA1412.2,42
Ara_500,MA1415.2,524
Ara_500,MA1416.1,2297
Ara_500,MA1417.2,196
Ara_500,MA1424.2,253
Ara_500,MA1425.2,84
Ara_500,MA1426.2,60
Ara_500,MA1427.3,206
Ara_500,MA1428.2,131
Ara_500,MA1430.2,114
Ara_500,MA1659.2,147
Ara_500,MA1660.2,348
Ara_500,MA1661.2,321
Ara_500,MA1662.2,230
Ara_500,MA1663.3,320
Ara_500,MA1664.3,430
Ara_500,MA1665.3,456
Ara_500,MA1666.3,429
Ara_500,MA1667.3,373
Ara_500,MA1669.2,159
Ara_500,MA1670.2,159
Ara_500,MA1671.2,218
Ara_500,MA1672.2,134
Ara_500,MA1673.2,202
Ara_500,MA1674.3,206
Ara_500,MA1675.2,179
Ara_500,MA1676.3,240
Ara_500,MA1677.2,599
Ara_500,MA1678.3,604
Ara_500,MA1679.2,240
Ara_500,MA1681.2,380
Ara_500,MA1682.2,780
Ara_500,MA1685.2,276
Ara_500,MA1686.1,142
Ara_500,MA1687.1,123
Ara_500,MA1688.2,520
Ara_500,MA1689.2,322
Ara_500,MA1690.2,256
Ara_500,MA1691.2,150
Ara_500,MA1692.2,170
Ara_500,MA1693.2,185
Ara_500,MA1694.2,181
Ara_500,MA1695.2,148
Ara_500,MA1696.2,199
Ara_500,MA1697.2,202
Ara_500,MA1698.2,206
Ara_500,MA1706.2,260
Ara_500,MA1732.1,285
Ara_500,MA1733.2,185
Ara_500,MA1734.1,235
Ara_500,MA1735.2,513
Ara_500,MA1737.2,313
Ara_500,MA1738.1,334
Ara_500,MA1739.2,179
Ara_500,MA1740.2,96
Ara_500,MA1741.1,202
Ara_500,MA1742.2,135
Ara_500,MA1743.2,178
Ara_500,MA1744.2,152
Ara_500,MA1745.2,174
Ara_500,MA1746.1,133
Ara_500,MA1747.2,527
Ara_500,MA1749.1,281
Ara_500,MA1750.1,285
Ara_500,MA1751.2,251
Ara_500,MA1752.2,172
Ara_500,MA1753.2,437
Ara_500,MA1754.2,279
Ara_500,MA1756.2,171
Ara_500,MA1757.2,315
Ara_500,MA1758.2,477
Ara_500,MA1759.2,406
Ara_500,MA1760.1,368
Ara_500,MA1761.2,408
Ara_500,MA1762.2,247
Ara_500,MA1764.2,144
Ara_500,MA1765.2,162
Ara_500,MA1766.2,197
Ara_500,MA1768.2,309
Ara_500,MA1769.2,218
Ara_500,MA1770.2,211
Ara_500,MA1771.2,175
Ara_500,MA1772.2,240
Ara_500,MA1773.2,220
Ara_500,MA1774.2,313
Ara_500,MA1775.2,186
Ara_500,MA1776.2,171
Ara_500,MA1777.2,201
Ara_500,MA1778.2,234
Ara_500,MA1779.2,324
Ara_500,MA1780.2,119
Ara_500,MA1781.2,255
Ara_500,MA1783.1,370
Ara_500,MA1784.1,279
Ara_500,MA1785.2,121
Ara_500,MA1786.2,109
Ara_500,MA1787.2,144
Ara_500,MA1788.1,149
Ara_500,MA1789.1,357
Ara_500,MA1790.1,389
Ara_500,MA1791.1,240
Ara_500,MA1792.1,186
Ara_500,MA1794.2,447
Ara_500,MA1795.2,198
Ara_500,MA1796.1,156
Ara_500,MA1797.1,204
Ara_500,MA1800.1,204
Ara_500,MA1802.2,212
Ara_500,MA1803.2,159
Ara_500,MA1805.2,112
Ara_500,MA1807.2,227
Ara_500,MA1808.2,126
Ara_500,MA1809.2,165
Ara_500,MA1810.2,103
Ara_500,MA1811.2,126
Ara_500,MA1812.2,419
Ara_500,MA1813.2,367
Ara_500,MA1814.2,703
Ara_500,MA1815.2,159
Ara_500,MA1817.2,244
Ara_500,MA1818.1,244
Ara_500,MA1819.2,292
Ara_500,MA1820.2,250
Ara_500,MA1821.2,237
Ara_500,MA1822.2,49
Ara_500,MA1823.2,1719
Ara_500,MA1824.2,229
Ara_500,MA1827.2,188
Ara_500,MA1828.2,158
Ara_500,MA1829.2,119
Ara_500,MA1830.2,529
Ara_500,MA1831.2,278
Ara_500,MA1832.2,244
Ara_500,MA1833.2,257
Ara_500,MA1834.2,95
Ara_500,MA1835.2,60
Ara_500,MA2005.2,183
Ara_500,MA2006.2,292
Ara_500,MA2007.2,361
Ara_500,MA2008.2,155
Ara_500,MA2009.2,295
Ara_500,MA2010.2,205
Ara_500,MA2011.2,256
Ara_500,MA2013.2,345
Ara_500,MA2014.2,94
Ara_500,MA2015.2,154
Ara_500,MA2016.2,171
Ara_500,MA2017.2,197
Ara_500,MA2018.2,230
Ara_500,MA2019.2,414
Ara_500,MA2020.2,416
Ara_500,MA2021.2,246
Ara_500,MA2022.2,316
Ara_500,MA2023.2,175
Ara_500,MA2024.2,253
Ara_500,MA2025.2,341
Ara_500,MA2026.2,214
Ara_500,MA2027.2,184
Ara_500,MA2028.2,206
Ara_500,MA2029.2,188
Ara_500,MA2030.2,290
Ara_500,MA2031.2,178
Ara_500,MA2032.2,293
Ara_500,MA2033.2,234
Ara_500,MA2034.2,206
Ara_500,MA2035.2,329
Ara_500,MA2036.2,205
Ara_500,MA2037.2,206
Ara_500,MA2038.2,214
Ara_500,MA2039.2,326
Ara_500,MA2040.2,357
Ara_500,MA2041.2,323
Ara_500,MA2042.2,345
Ara_500,MA2043.2,599
Ara_500,MA2044.2,205
Ara_500,MA2045.2,252
Ara_500,MA2046.2,115
Ara_500,MA2047.2,205
Ara_500,MA2048.2,491
Ara_500,MA2049.2,599
Ara_500,MA2050.2,205
Ara_500,MA2051.2,287
Ara_500,MA2052.2,410
Ara_500,MA2053.2,343
Ara_500,MA2055.1,153
Ara_500,MA2057.1,110
Ara_500,MA2060.1,130
Ara_500,MA2061.1,96
Ara_500,MA2064.1,96
Ara_500,MA2065.1,208
Ara_500,MA2066.1,139
Ara_500,MA2067.1,115
Ara_500,MA2068.1,168
Ara_500,MA2071.1,76
Ara_500,MA2072.1,156
Ara_500,MA2074.1,253
Ara_500,MA2075.1,136
Ara_500,MA2076.1,86
Ara_500,MA2077.1,110
Ara_500,MA2078.1,265
Ara_500,MA2079.1,91
Ara_500,MA2083.1,164
Ara_500,MA2086.1,169
Ara_500,MA2087.1,128
Ara_500,MA2088.1,174
Ara_500,MA2089.1,112
Ara_500,MA2091.1,148
Ara_500,MA2092.1,173
Ara_500,MA2104.1,768
Ara_500,MA2106.1,269
Ara_500,MA2343.1,174
Ara_500,MA2344.1,475
Ara_500,MA2348.1,1156
Ara_500,MA2349.1,304
Ara_500,MA2350.1,113
Ara_500,MA2351.1,177
Ara_500,MA2352.1,189
Ara_500,MA2353.1,301
Ara_500,MA2354.1,115
Ara_500,MA2357.1,212
Ara_500,MA2359.1,229
Ara_500,MA2360.1,183
Ara_500,MA2362.1,264
Ara_500,MA2363.1,99
Ara_500,MA2364.1,139
Ara_500,MA2365.1,132
Ara_500,MA2367.1,277
Ara_500,MA2369.1,259
Ara_500,MA2371.1,334
Ara_500,MA2372.1,340
Ara_500,MA2374.1,270
Ara_500,MA2375.1,118
Ara_500,MA2376.1,90
Ara_500,MA2377.1,117
Ara_500,MA2380.1,656
Ara_500,MA2384.1,147
Ara_500,MA2386.1,202
Ara_500,MA2387.1,131
Ara_500,MA2388.1,448
Ara_500,MA2389.1,141
Ara_500,MA2390.1,149
Ara_500,MA2391.1,172
Ara_500,MA2392.1,173
Ara_500,MA2393.1,35
Ara_500,MA2395.1,206
Ara_500,MA2396.1,720
Ara_500,MA2398.1,394
Ara_500,MA2399.1,152
Ara_500,MA2400.1,134
Ara_500,MA2401.1,121
Ara_500,MA2404.1,182
Ara_500,MA2406.1,96
Ara_500,MA2407.1,75
Ara_500,MA2408.1,87
Ara_500,MA2409.1,283
Ara_500,MA2410.1,223
Ara_500,MA2411.1,292
Ara_500,MA2412.1,250
Ara_500,MA2413.1,141
Ara_500,MA2414.1,157
Ara_500,MA2415.1,188
Ara_500,MA2416.1,236
Ara_500,MA2417.1,179
Ara_500,MA2418.1,169
Ara_500,MA2419.1,281
Ara_500,MA2420.1,208
Ara_500,MA2421.1,166
Ara_500,MA2422.1,156
Ara_500,MA2423.1,150
Ara_500,MA2424.1,152
Ara_500,MA2425.1,76
Ara_500,MA2426.1,85
Ara_500,MA2427.1,66
Ara_500,MA2428.1,77
Ara_500,MA2429.1,94
Ara_500,MA2430.1,73
Ara_500,MA2431.1,71
Ara_500,MA2432.1,223
Ara_500,MA2433.1,60
Ara_500,MA2434.1,86
Ara_500,MA2435.1,65
Ara_500,MA2436.1,76
Ara_500,MA2437.1,77
Ara_500,MA2438.1,70
Ara_500,MA2439.1,66
Ara_500,MA2440.1,74
Ara_500,MA2441.1,65
Ara_500,MA2442.1,64
Ara_500,MA2443.1,70
Ara_500,MA2444.1,65
Ara_500,MA2445.1,77
Ara_500,MA2446.1,62
Ara_500,MA2447.1,57
Ara_500,MA2448.1,73
Ara_500,MA2449.1,77
Ara_500,MA2450.1,77
Ara_500,MA2451.1,89
Ara_500,MA2452.1,89
Ara_500,MA2453.1,86
Ara_500,MA2454.1,157
Ara_500,MA2455.1,68
Ara_2000,MA0001.3,260
Ara_2000,MA0005.3,270
Ara_2000,MA0008.4,314
Ara_2000,MA0034.2,276
Ara_2000,MA0054.1,215
Ara_2000,MA0082.2,544
Ara_2000,MA0096.1,88
Ara_2000,MA0097.1,283
Ara_2000,MA0110.4,290
Ara_2000,MA0121.2,232
Ara_2000,MA0123.1,474
Ara_2000,MA0128.1,185
Ara_2000,MA0129.1,81
Ara_2000,MA0548.3,492
Ara_2000,MA0549.2,165
Ara_2000,MA0550.3,119
Ara_2000,MA0551.2,206
Ara_2000,MA0553.1,166
Ara_2000,MA0554.2,841
Ara_2000,MA0555.2,668
Ara_2000,MA0556.2,641
Ara_2000,MA0557.2,83
Ara_2000,MA0558.2,907
Ara_2000,MA0559.1,1934
Ara_2000,MA0560.2,100
Ara_2000,MA0561.1,191
Ara_2000,MA0562.1,222
Ara_2000,MA0563.2,583
Ara_2000,MA0565.3,93
Ara_2000,MA0566.1,102
Ara_2000,MA0567.1,591
Ara_2000,MA0569.2,152
Ara_2000,MA0570.3,217
Ara_2000,MA0571.2,189
Ara_2000,MA0573.2,226
Ara_2000,MA0574.1,229
Ara_2000,MA0575.2,168
Ara_2000,MA0576.2,290
Ara_2000,MA0577.4,114
Ara_2000,MA0578.1,238
Ara_2000,MA0579.2,126
Ara_2000,MA0580.1,205
Ara_2000,MA0584.2,295
Ara_2000,MA0585.2,230
Ara_2000,MA0586.3,72
Ara_2000,MA0587.2,139
Ara_2000,MA0588.2,164
Ara_2000,MA0589.2,198
Ara_2000,MA0590.1,154
Ara_2000,MA0930.3,204
Ara_2000,MA0931.2,196
Ara_2000,MA0932.1,602
Ara_2000,MA0933.1,683
Ara_2000,MA0934.1,590
Ara_2000,MA0935.1,105
Ara_2000,MA0936.1,163
Ara_2000,MA0937.1,127
Ara_2000,MA0938.3,306
Ara_2000,MA0939.1,109
Ara_2000,MA0940.1,1589
Ara_2000,MA0941.2,202
Ara_2000,MA0942.2,199
Ara_2000,MA0943.2,199
Ara_2000,MA0946.1,287
Ara_2000,MA0947.1,299
Ara_2000,MA0948.2,148
Ara_2000,MA0949.2,431
Ara_2000,MA0950.1,277
Ara_2000,MA0951.1,335
Ara_2000,MA0952.1,282
Ara_2000,MA0953.2,251
Ara_2000,MA0954.3,313
Ara_2000,MA0957.1,118
Ara_2000,MA0958.1,128
Ara_2000,MA0959.1,96
Ara_2000,MA0960.1,136
Ara_2000,MA0961.2,123
Ara_2000,MA0962.2,83
Ara_2000,MA0963.1,28
Ara_2000,MA0964.3,168
Ara_2000,MA0967.1,174
Ara_2000,MA0968.3,229
Ara_2000,MA0971.2,167
Ara_2000,MA0972.1,302
Ara_2000,MA0973.2,669
Ara_2000,MA0974.3,323
Ara_2000,MA0975.1,655
Ara_2000,MA0976.3,1034
Ara_2000,MA0977.1,446
Ara_2000,MA0978.1,200
Ara_2000,MA0980.3,199
Ara_2000,MA0986.1,395
Ara_2000,MA0990.2,266
Ara_2000,MA0992.3,865
Ara_2000,MA0994.3,1374
Ara_2000,MA0995.3,199
Ara_2000,MA1000.3,1178
Ara_2000,MA1001.4,1018
Ara_2000,MA1004.2,550
Ara_2000,MA1005.3,1051
Ara_2000,MA1006.2,409
Ara_2000,MA1007.1,233
Ara_2000,MA1008.2,346
Ara_2000,MA1009.1,198
Ara_2000,MA1010.2,198
Ara_2000,MA1012.1,702
Ara_2000,MA1013.1,414
Ara_2000,MA1014.1,346
Ara_2000,MA1019.2,137
Ara_2000,MA1020.1,239
Ara_2000,MA1021.2,50
Ara_2000,MA1023.1,237
Ara_2000,MA1024.2,255
Ara_2000,MA1025.2,150
Ara_2000,MA1026.3,561
Ara_2000,MA1028.1,132
Ara_2000,MA1030.2,228
Ara_2000,MA1032.2,185
Ara_2000,MA1033.1,184
Ara_2000,MA1034.1,770
Ara_2000,MA1035.1,114
Ara_2000,MA1036.1,107
Ara_2000,MA1037.2,97
Ara_2000,MA1038.2,115
Ara_2000,MA1039.1,198
Ara_2000,MA1040.1,154
Ara_2000,MA1041.1,181
Ara_2000,MA1042.1,127
Ara_2000,MA1043.2,90
Ara_2000,MA1044.2,160
Ara_2000,MA1045.2,126
Ara_2000,MA1046.1,112
Ara_2000,MA1047.3,185
Ara_2000,MA1048.1,196
Ara_2000,MA1049.2,550
Ara_2000,MA1050.1,135
Ara_2000,MA1051.1,621
Ara_2000,MA1053.1,622
Ara_2000,MA1054.2,163
Ara_2000,MA1055.3,116
Ara_2000,MA1056.2,80
Ara_2000,MA1059.3,114
Ara_2000,MA1061.2,150
Ara_2000,MA1062.3,99
Ara_2000,MA1063.2,111
Ara_2000,MA1064.2,166
Ara_2000,MA1065.3,89
Ara_2000,MA1066.1,138
Ara_2000,MA1067.1,91
Ara_2000,MA1068.3,156
Ara_2000,MA1069.3,216
Ara_2000,MA1070.3,175
Ara_2000,MA1074.2,144
Ara_2000,MA1075.1,195
Ara_2000,MA1076.3,213
Ara_2000,MA1078.2,96
Ara_2000,MA1079.3,327
Ara_2000,MA1080.1,212
Ara_2000,MA1081.3,199
Ara_2000,MA1083.3,218
Ara_2000,MA1084.1,152
Ara_2000,MA1087.3,359
Ara_2000,MA1090.2,96
Ara_2000,MA1091.1,241
Ara_2000,MA1093.2,96
Ara_2000,MA1094.3,360
Ara_2000,MA1095.1,105
Ara_2000,MA1096.1,117
Ara_2000,MA1097.1,141
Ara_2000,MA1098.1,105
Ara_2000,MA1156.2,941
Ara_2000,MA1157.2,618
Ara_2000,MA1158.2,641
Ara_2000,MA1159.2,1196
Ara_2000,MA1160.2,1132
Ara_2000,MA1161.1,1029
Ara_2000,MA1162.1,957
Ara_2000,MA1163.3,273
Ara_2000,MA1164.2,517
Ara_2000,MA1165.3,509
Ara_2000,MA1166.2,485
Ara_2000,MA1167.2,320
Ara_2000,MA1168.2,387
Ara_2000,MA1169.1,232
Ara_2000,MA1170.2,157
Ara_2000,MA1171.2,90
Ara_2000,MA1172.2,223
Ara_2000,MA1173.2,259
Ara_2000,MA1174.2,162
Ara_2000,MA1175.2,193
Ara_2000,MA1176.2,142
Ara_2000,MA1177.2,179
Ara_2000,MA1178.3,183
Ara_2000,MA1179.2,90
Ara_2000,MA1180.2,209
Ara_2000,MA1181.2,203
Ara_2000,MA1182.2,342
Ara_2000,MA1183.2,410
Ara_2000,MA1184.2,347
Ara_2000,MA1185.2,341
Ara_2000,MA1186.2,436
Ara_2000,MA1187.2,471
Ara_2000,MA1188.1,689
Ara_2000,MA1189.2,438
Ara_2000,MA1190.2,444
Ara_2000,MA1191.2,339
Ara_2000,MA1192.2,358
Ara_2000,MA1193.2,471
Ara_2000,MA1194.2,511
Ara_2000,MA1195.2,429
Ara_2000,MA1196.2,663
Ara_2000,MA1197.2,102
Ara_2000,MA1198.2,309
Ara_2000,MA1199.1,414
Ara_2000,MA1203.1,422
Ara_2000,MA1204.1,566
Ara_2000,MA1205.1,658
Ara_2000,MA1207.2,212
Ara_2000,MA1208.2,402
Ara_2000,MA1209.2,446
Ara_2000,MA1210.3,292
Ara_2000,MA1211.2,408
Ara_2000,MA1212.2,310
Ara_2000,MA1213.3,321
Ara_2000,MA1214.2,391
Ara_2000,MA1215.2,442
Ara_2000,MA1218.2,221
Ara_2000,MA1219.3,415
Ara_2000,MA1220.2,461
Ara_2000,MA1221.1,1552
Ara_2000,MA1222.1,1424
Ara_2000,MA1223.2,263
Ara_2000,MA1225.1,2046
Ara_2000,MA1226.2,1413
Ara_2000,MA1227.3,199
Ara_2000,MA1228.2,1347
Ara_2000,MA1229.2,392
Ara_2000,MA1230.2,297
Ara_2000,MA1231.3,611
Ara_2000,MA1232.2,756
Ara_2000,MA1233.3,481
Ara_2000,MA1234.2,391
Ara_2000,MA1235.1,260
Ara_2000,MA1238.3,367
Ara_2000,MA1239.2,1566
Ara_2000,MA1240.2,1305
Ara_2000,MA1241.2,332
Ara_2000,MA1242.1,1205
Ara_2000,MA1243.2,358
Ara_2000,MA1244.2,1032
Ara_2000,MA1245.3,1084
Ara_2000,MA1246.2,1365
Ara_2000,MA1247.2,1230
Ara_2000,MA1248.2,759
Ara_2000,MA1250.2,1461
Ara_2000,MA1251.2,384
Ara_2000,MA1252.2,1285
Ara_2000,MA1253.2,299
Ara_2000,MA1256.2,931
Ara_2000,MA1257.2,2069
Ara_2000,MA1258.2,471
Ara_2000,MA1259.2,586
Ara_2000,MA1260.2,653
Ara_2000,MA1261.2,776
Ara_2000,MA1262.2,1437
Ara_2000,MA1263.2,598
Ara_2000,MA1264.2,1437
Ara_2000,MA1265.3,526
Ara_2000,MA1266.2,961
Ara_2000,MA1267.2,2974
Ara_2000,MA1268.2,2824
Ara_2000,MA1269.2,656
Ara_2000,MA1270.2,1524
Ara_2000,MA1273.2,1189
Ara_2000,MA1274.1,6274
Ara_2000,MA1275.2,434
Ara_2000,MA1276.2,669
Ara_2000,MA1277.2,1533
Ara_2000,MA1278.2,2226
Ara_2000,MA1279.2,1583
Ara_2000,MA1280.2,669
Ara_2000,MA1281.2,3299
Ara_2000,MA1282.2,118
Ara_2000,MA1283.2,82
Ara_2000,MA1284.2,91
Ara_2000,MA1285.2,96
Ara_2000,MA1286.2,128
Ara_2000,MA1287.2,137
Ara_2000,MA1288.2,135
Ara_2000,MA1289.2,107
Ara_2000,MA1290.1,126
Ara_2000,MA1291.1,106
Ara_2000,MA1292.2,184
Ara_2000,MA1293.2,148
Ara_2000,MA1294.2,152
Ara_2000,MA1295.2,215
Ara_2000,MA1296.2,327
Ara_2000,MA1297.2,288
Ara_2000,MA1298.2,288
Ara_2000,MA1299.2,364
Ara_2000,MA1300.2,183
Ara_2000,MA1301.2,276
Ara_2000,MA1302.2,255
Ara_2000,MA1303.2,296
Ara_2000,MA1304.2,310
Ara_2000,MA1305.2,224
Ara_2000,MA1306.2,293
Ara_2000,MA1307.3,199
Ara_2000,MA1308.2,237
Ara_2000,MA1309.1,280
Ara_2000,MA1310.2,183
Ara_2000,MA1311.3,96
Ara_2000,MA1312.2,244
Ara_2000,MA1313.2,373
Ara_2000,MA1314.2,265
Ara_2000,MA1315.2,262
Ara_2000,MA1316.2,310
Ara_2000,MA1317.2,332
Ara_2000,MA1318.2,324
Ara_2000,MA1320.2,114
Ara_2000,MA1321.2,99
Ara_2000,MA1322.3,72
Ara_2000,MA1323.2,457
Ara_2000,MA1324.1,354
Ara_2000,MA1325.2,316
Ara_2000,MA1326.2,236
Ara_2000,MA1328.1,575
Ara_2000,MA1329.3,430
Ara_2000,MA1330.2,501
Ara_2000,MA1331.2,148
Ara_2000,MA1332.2,140
Ara_2000,MA1333.2,165
Ara_2000,MA1334.2,236
Ara_2000,MA1335.1,317
Ara_2000,MA1336.2,193
Ara_2000,MA1337.2,233
Ara_2000,MA1338.3,235
Ara_2000,MA1339.1,255
Ara_2000,MA1340.2,235
Ara_2000,MA1341.2,235
Ara_2000,MA1343.2,144
Ara_2000,MA1344.2,249
Ara_2000,MA1345.2,242
Ara_2000,MA1346.2,259
Ara_2000,MA1348.1,206
Ara_2000,MA1349.2,235
Ara_2000,MA1350.1,245
Ara_2000,MA1351.3,222
Ara_2000,MA1352.1,646
Ara_2000,MA1353.2,415
Ara_2000,MA1354.1,507
Ara_2000,MA1355.2,254
Ara_2000,MA1356.1,733
Ara_2000,MA1357.2,217
Ara_2000,MA1358.2,172
Ara_2000,MA1361.2,177
Ara_2000,MA1362.2,167
Ara_2000,MA1363.1,152
Ara_2000,MA1364.2,203
Ara_2000,MA1365.3,250
Ara_2000,MA1366.2,398
Ara_2000,MA1367.2,362
Ara_2000,MA1368.3,249
Ara_2000,MA1369.2,308
Ara_2000,MA1370.2,820
Ara_2000,MA1371.2,999
Ara_2000,MA1372.2,313
Ara_2000,MA1373.1,1746
Ara_2000,MA1374.2,736
Ara_2000,MA1375.2,346
Ara_2000,MA1376.2,533
Ara_2000,MA1377.2,195
Ara_2000,MA1378.1,210
Ara_2000,MA1379.1,976
Ara_2000,MA1380.1,942
Ara_2000,MA1381.2,329
Ara_2000,MA1382.2,86
Ara_2000,MA1383.2,418
Ara_2000,MA1384.1,282
Ara_2000,MA1385.2,494
Ara_2000,MA1386.3,471
Ara_2000,MA1387.2,478
Ara_2000,MA1388.2,509
Ara_2000,MA1389.2,294
Ara_2000,MA1390.3,449
Ara_2000,MA1391.3,201
Ara_2000,MA1392.3,137
Ara_2000,MA1393.3,182
Ara_2000,MA1394.3,222
Ara_2000,MA1396.2,412
Ara_2000,MA1397.2,284
Ara_2000,MA1398.3,205
Ara_2000,MA1400.2,341
Ara_2000,MA1401.2,325
Ara_2000,MA1402.1,4098
Ara_2000,MA1403.1,4387
Ara_2000,MA1404.1,6385
Ara_2000,MA1405.2,117
Ara_2000,MA1406.2,339
Ara_2000,MA1408.2,119
Ara_2000,MA1409.2,327
Ara_2000,MA1410.2,104
Ara_2000,MA1411.2,90
Ara_2000,MA1412.2,66
Ara_2000,MA1415.2,539
Ara_2000,MA1416.1,2746
Ara_2000,MA1417.2,273
Ara_2000,MA1424.2,563
Ara_2000,MA1425.2,93
Ara_2000,MA1426.2,118
Ara_2000,MA1427.3,159
Ara_2000,MA1428.2,139
Ara_2000,MA1430.2,76
Ara_2000,MA1659.2,247
Ara_2000,MA1660.2,372
Ara_2000,MA1661.2,323
Ara_2000,MA1662.2,212
Ara_2000,MA1663.3,283
Ara_2000,MA1664.3,408
Ara_2000,MA1665.3,645
Ara_2000,MA1666.3,575
Ara_2000,MA1667.3,375
Ara_2000,MA1669.2,188
Ara_2000,MA1670.2,188
Ara_2000,MA1671.2,811
Ara_2000,MA1672.2,227
Ara_2000,MA1673.2,382
Ara_2000,MA1674.3,159
Ara_2000,MA1675.2,168
Ara_2000,MA1676.3,235
Ara_2000,MA1677.2,534
Ara_2000,MA1678.3,593
Ara_2000,MA1679.2,385
Ara_2000,MA1681.2,346
Ara_2000,MA1682.2,811
Ara_2000,MA1685.2,297
Ara_2000,MA1686.1,132
Ara_2000,MA1687.1,163
Ara_2000,MA1688.2,445
Ara_2000,MA1689.2,291
Ara_2000,MA1690.2,229
Ara_2000,MA1691.2,164
Ara_2000,MA1692.2,210
Ara_2000,MA1693.2,183
Ara_2000,MA1694.2,184
Ara_2000,MA1695.2,181
Ara_2000,MA1696.2,169
Ara_2000,MA1697.2,253
Ara_2000,MA1698.2,364
Ara_2000,MA1706.2,188
Ara_2000,MA1732.1,319
Ara_2000,MA1733.2,173
Ara_2000,MA1734.1,256
Ara_2000,MA1735.2,470
Ara_2000,MA1737.2,332
Ara_2000,MA1738.1,388
Ara_2000,MA1739.2,123
Ara_2000,MA1740.2,150
Ara_2000,MA1741.1,212
Ara_2000,MA1742.2,144
Ara_2000,MA1743.2,245
Ara_2000,MA1744.2,130
Ara_2000,MA1745.2,237
Ara_2000,MA1746.1,171
Ara_2000,MA1747.2,545
Ara_2000,MA1749.1,242
Ara_2000,MA1750.1,319
Ara_2000,MA1751.2,293
Ara_2000,MA1752.2,279
Ara_2000,MA1753.2,1763
Ara_2000,MA1754.2,1107
Ara_2000,MA1756.2,158
Ara_2000,MA1757.2,333
Ara_2000,MA1758.2,540
Ara_2000,MA1759.2,398
Ara_2000,MA1760.1,401
Ara_2000,MA1761.2,426
Ara_2000,MA1762.2,265
Ara_2000,MA1764.2,122
Ara_2000,MA1765.2,144
Ara_2000,MA1766.2,233
Ara_2000,MA1768.2,394
Ara_2000,MA1769.2,260
Ara_2000,MA1770.2,238
Ara_2000,MA1771.2,163
Ara_2000,MA1772.2,272
Ara_2000,MA1773.2,260
Ara_2000,MA1774.2,325
Ara_2000,MA1775.2,210
Ara_2000,MA1776.2,197
Ara_2000,MA1777.2,214
Ara_2000,MA1778.2,267
Ara_2000,MA1779.2,370
Ara_2000,MA1780.2,97
Ara_2000,MA1781.2,273
Ara_2000,MA1783.1,374
Ara_2000,MA1784.1,322
Ara_2000,MA1785.2,153
Ara_2000,MA1786.2,122
Ara_2000,MA1787.2,163
Ara_2000,MA1788.1,185
Ara_2000,MA1789.1,398
Ara_2000,MA1790.1,410
Ara_2000,MA1791.1,215
Ara_2000,MA1792.1,204
Ara_2000,MA1794.2,379
Ara_2000,MA1795.2,350
Ara_2000,MA1796.1,149
Ara_2000,MA1797.1,199
Ara_2000,MA1800.1,199
Ara_2000,MA1802.2,209
Ara_2000,MA1803.2,176
Ara_2000,MA1805.2,96
Ara_2000,MA1807.2,325
Ara_2000,MA1808.2,194
Ara_2000,MA1809.2,206
Ara_2000,MA1810.2,94
Ara_2000,MA1811.2,194
Ara_2000,MA1812.2,350
Ara_2000,MA1813.2,305
Ara_2000,MA1814.2,720
Ara_2000,MA1815.2,339
Ara_2000,MA1817.2,1020
Ara_2000,MA1818.1,925
Ara_2000,MA1819.2,955
Ara_2000,MA1820.2,1029
Ara_2000,MA1821.2,806
Ara_2000,MA1822.2,37
Ara_2000,MA1823.2,1722
Ara_2000,MA1824.2,213
Ara_2000,MA1827.2,178
Ara_2000,MA1828.2,156
Ara_2000,MA1829.2,97
Ara_2000,MA1830.2,535
Ara_2000,MA1831.2,774
Ara_2000,MA1832.2,924
Ara_2000,MA1833.2,1098
Ara_2000,MA1834.2,150
Ara_2000,MA1835.2,44
Ara_2000,MA2005.2,234
Ara_2000,MA2006.2,305
Ara_2000,MA2007.2,403
Ara_2000,MA2008.2,125
Ara_2000,MA2009.2,312
Ara_2000,MA2010.2,208
Ara_2000,MA2011.2,407
Ara_2000,MA2013.2,1401
Ara_2000,MA2014.2,151
Ara_2000,MA2015.2,156
Ara_2000,MA2016.2,158
Ara_2000,MA2017.2,382
Ara_2000,MA2018.2,256
Ara_2000,MA2019.2,557
Ara_2000,MA2020.2,540
Ara_2000,MA2021.2,689
Ara_2000,MA2022.2,1544
Ara_2000,MA2023.2,163
Ara_2000,MA2024.2,288
Ara_2000,MA2025.2,362
Ara_2000,MA2026.2,192
Ara_2000,MA2027.2,214
Ara_2000,MA2028.2,182
Ara_2000,MA2029.2,222
Ara_2000,MA2030.2,308
Ara_2000,MA2031.2,161
Ara_2000,MA2032.2,327
Ara_2000,MA2033.2,254
Ara_2000,MA2034.2,159
Ara_2000,MA2035.2,383
Ara_2000,MA2036.2,208
Ara_2000,MA2037.2,159
Ara_2000,MA2038.2,162
Ara_2000,MA2039.2,919
Ara_2000,MA2040.2,1064
Ara_2000,MA2041.2,394
Ara_2000,MA2042.2,427
Ara_2000,MA2043.2,534
Ara_2000,MA2044.2,208
Ara_2000,MA2045.2,259
Ara_2000,MA2046.2,145
Ara_2000,MA2047.2,208
Ara_2000,MA2048.2,512
Ara_2000,MA2049.2,534
Ara_2000,MA2050.2,208
Ara_2000,MA2051.2,224
Ara_2000,MA2052.2,347
Ara_2000,MA2053.2,356
Ara_2000,MA2055.1,190
Ara_2000,MA2057.1,152
Ara_2000,MA2060.1,159
Ara_2000,MA2061.1,150
Ara_2000,MA2064.1,150
Ara_2000,MA2065.1,478
Ara_2000,MA2066.1,167
Ara_2000,MA2067.1,173
Ara_2000,MA2068.1,170
Ara_2000,MA2071.1,132
Ara_2000,MA2072.1,151
Ara_2000,MA2074.1,802
Ara_2000,MA2075.1,202
Ara_2000,MA2076.1,148
Ara_2000,MA2077.1,152
Ara_2000,MA2078.1,864
Ara_2000,MA2079.1,73
Ara_2000,MA2083.1,177
Ara_2000,MA2086.1,264
Ara_2000,MA2087.1,206
Ara_2000,MA2088.1,409
Ara_2000,MA2089.1,96
Ara_2000,MA2091.1,166
Ara_2000,MA2092.1,198
Ara_2000,MA2104.1,699
Ara_2000,MA2106.1,243
Ara_2000,MA2343.1,249
Ara_2000,MA2344.1,646
Ara_2000,MA2348.1,1124
Ara_2000,MA2349.1,316
Ara_2000,MA2350.1,123
Ara_2000,MA2351.1,179
Ara_2000,MA2352.1,212
Ara_2000,MA2353.1,314
Ara_2000,MA2354.1,124
Ara_2000,MA2357.1,209
Ara_2000,MA2359.1,245
Ara_2000,MA2360.1,164
Ara_2000,MA2362.1,311
Ara_2000,MA2363.1,113
Ara_2000,MA2364.1,139
Ara_2000,MA2365.1,122
Ara_2000,MA2367.1,261
Ara_2000,MA2369.1,243
Ara_2000,MA2371.1,388
Ara_2000,MA2372.1,322
Ara_2000,MA2374.1,366
Ara_2000,MA2375.1,143
Ara_2000,MA2376.1,113
Ara_2000,MA2377.1,105
Ara_2000,MA2380.1,670
Ara_2000,MA2384.1,247
Ara_2000,MA2386.1,346
Ara_2000,MA2387.1,204
Ara_2000,MA2388.1,497
Ara_2000,MA2389.1,204
Ara_2000,MA2390.1,137
Ara_2000,MA2391.1,265
Ara_2000,MA2392.1,233
Ara_2000,MA2393.1,50
Ara_2000,MA2395.1,271
Ara_2000,MA2396.1,598
Ara_2000,MA2398.1,1421
Ara_2000,MA2399.1,133
Ara_2000,MA2400.1,134
Ara_2000,MA2401.1,184
Ara_2000,MA2404.1,228
Ara_2000,MA2406.1,150
Ara_2000,MA2407.1,102
Ara_2000,MA2408.1,128
Ara_2000,MA2409.1,247
Ara_2000,MA2410.1,205
Ara_2000,MA2411.1,251
Ara_2000,MA2412.1,244
Ara_2000,MA2413.1,206
Ara_2000,MA2414.1,203
Ara_2000,MA2415.1,516
Ara_2000,MA2416.1,901
Ara_2000,MA2417.1,187
Ara_2000,MA2418.1,513
Ara_2000,MA2419.1,299
Ara_2000,MA2420.1,198
Ara_2000,MA2421.1,162
Ara_2000,MA2422.1,198
Ara_2000,MA2423.1,234
Ara_2000,MA2424.1,231
Ara_2000,MA2425.1,84
Ara_2000,MA2426.1,119
Ara_2000,MA2427.1,99
Ara_2000,MA2428.1,110
Ara_2000,MA2429.1,121
Ara_2000,MA2430.1,98
Ara_2000,MA2431.1,100
Ara_2000,MA2432.1,219
Ara_2000,MA2433.1,64
Ara_2000,MA2434.1,114
Ara_2000,MA2435.1,83
Ara_2000,MA2436.1,98
Ara_2000,MA2437.1,92
Ara_2000,MA2438.1,81
Ara_2000,MA2439.1,98
Ara_2000,MA2440.1,90
Ara_2000,MA2441.1,82
Ara_2000,MA2442.1,92
Ara_2000,MA2443.1,92
Ara_2000,MA2444.1,99
Ara_2000,MA2445.1,111
Ara_2000,MA2446.1,93
Ara_2000,MA2447.1,65
Ara_2000,MA2448.1,113
Ara_2000,MA2449.1,109
Ara_2000,MA2450.1,119
Ara_2000,MA2451.1,121
Ara_2000,MA2452.1,103
Ara_2000,MA2453.1,98
Ara_2000,MA2454.1,157
Ara_2000,MA2455.1,93
Maize_2000,MA0001.3,299
Maize_2000,MA0005.3,313
Maize_2000,MA0008.4,342
Maize_2000,MA0034.2,223
Maize_2000,MA0054.1,239
Maize_2000,MA0082.2,732
Maize_2000,MA0096.1,61
Maize_2000,MA0097.1,201
Maize_2000,MA0110.4,352
Maize_2000,MA0121.2,215
Maize_2000,MA0123.1,401
Maize_2000,MA0128.1,136
Maize_2000,MA0129.1,67
Maize_2000,MA0548.3,631
Maize_2000,MA0549.2,94
Maize_2000,MA0550.3,63
Maize_2000,MA0551.2,104
Maize_2000,MA0553.1,131
Maize_2000,MA0554.2,1084
Maize_2000,MA0555.2,887
Maize_2000,MA0556.2,799
Maize_2000,MA0557.2,56
Maize_2000,MA0558.2,1189
Maize_2000,MA0559.1,2458
Maize_2000,MA0560.2,60
Maize_2000,MA0561.1,98
Maize_2000,MA0562.1,124
Maize_2000,MA0563.2,701
Maize_2000,MA0565.3,65
Maize_2000,MA0566.1,72
Maize_2000,MA0567.1,480
Maize_2000,MA0569.2,80
Maize_2000,MA0570.3,121
Maize_2000,MA0571.2,179
Maize_2000,MA0573.2,214
Maize_2000,MA0574.1,156
Maize_2000,MA0575.2,123
Maize_2000,MA0576.2,214
Maize_2000,MA0577.4,55
Maize_2000,MA0578.1,191
Maize_2000,MA0579.2,88
Maize_2000,MA0580.1,178
Maize_2000,MA0584.2,357
Maize_2000,MA0585.2,207
Maize_2000,MA0586.3,44
Maize_2000,MA0587.2,75
Maize_2000,MA0588.2,114
Maize_2000,MA0589.2,144
Maize_2000,MA0590.1,98
Maize_2000,MA0930.3,124
Maize_2000,MA0931.2,104
Maize_2000,MA0932.1,634
Maize_2000,MA0933.1,768
Maize_2000,MA0934.1,702
Maize_2000,MA0935.1,84
Maize_2000,MA0936.1,109
Maize_2000,MA0937.1,113
Maize_2000,MA0938.3,252
Maize_2000,MA0939.1,87
Maize_2000,MA0940.1,2207
Maize_2000,MA0941.2,109
Maize_2000,MA0942.2,193
Maize_2000,MA0943.2,193
Maize_2000,MA0946.1,317
Maize_2000,MA0947.1,265
Maize_2000,MA0948.2,135
Maize_2000,MA0949.2,422
Maize_2000,MA0950.1,349
Maize_2000,MA0951.1,332
Maize_2000,MA0952.1,309
Maize_2000,MA0953.2,295
Maize_2000,MA0954.3,417
Maize_2000,MA0957.1,70
Maize_2000,MA0958.1,81
Maize_2000,MA0959.1,54
Maize_2000,MA0960.1,66
Maize_2000,MA0961.2,90
Maize_2000,MA0962.2,48
Maize_2000,MA0963.1,16
Maize_2000,MA0964.3,112
Maize_2000,MA0967.1,180
Maize_2000,MA0968.3,142
Maize_2000,MA0971.2,166
Maize_2000,MA0972.1,359
Maize_2000,MA0973.2,614
Maize_2000,MA0974.3,298
Maize_2000,MA0975.1,522
Maize_2000,MA0976.3,794
Maize_2000,MA0977.1,415
Maize_2000,MA0978.1,208
Maize_2000,MA0980.3,193
Maize_2000,MA0986.1,331
Maize_2000,MA0990.2,290
Maize_2000,MA0992.3,747
Maize_2000,MA0994.3,1162
Maize_2000,MA0995.3,193
Maize_2000,MA1000.3,899
Maize_2000,MA1001.4,804
Maize_2000,MA1004.2,432
Maize_2000,MA1005.3,812
Maize_2000,MA1006.2,366
Maize_2000,MA1007.1,215
Maize_2000,MA1008.2,305
Maize_2000,MA1009.1,187
Maize_2000,MA1010.2,174
Maize_2000,MA1012.1,885
Maize_2000,MA1013.1,467
Maize_2000,MA1014.1,443
Maize_2000,MA1019.2,74
Maize_2000,MA1020.1,204
Maize_2000,MA1021.2,31
Maize_2000,MA1023.1,231
Maize_2000,MA1024.2,278
Maize_2000,MA1025.2,91
Maize_2000,MA1026.3,453
Maize_2000,MA1028.1,126
Maize_2000,MA1030.2,166
Maize_2000,MA1032.2,172
Maize_2000,MA1033.1,97
Maize_2000,MA1034.1,706
Maize_2000,MA1035.1,76
Maize_2000,MA1036.1,89
Maize_2000,MA1037.2,104
Maize_2000,MA1038.2,93
Maize_2000,MA1039.1,163
Maize_2000,MA1040.1,141
Maize_2000,MA1041.1,144
Maize_2000,MA1042.1,146
Maize_2000,MA1043.2,58
Maize_2000,MA1044.2,129
Maize_2000,MA1045.2,103
Maize_2000,MA1046.1,111
Maize_2000,MA1047.3,155
Maize_2000,MA1048.1,120
Maize_2000,MA1049.2,432
Maize_2000,MA1050.1,65
Maize_2000,MA1051.1,522
Maize_2000,MA1053.1,524
Maize_2000,MA1054.2,107
Maize_2000,MA1055.3,63
Maize_2000,MA1056.2,44
Maize_2000,MA1059.3,57
Maize_2000,MA1061.2,91
Maize_2000,MA1062.3,70
Maize_2000,MA1063.2,71
Maize_2000,MA1064.2,100
Maize_2000,MA1065.3,77
Maize_2000,MA1066.1,74
Maize_2000,MA1067.1,57
Maize_2000,MA1068.3,136
Maize_2000,MA1069.3,177
Maize_2000,MA1070.3,145
Maize_2000,MA1074.2,98
Maize_2000,MA1075.1,169
Maize_2000,MA1076.3,181
Maize_2000,MA1078.2,75
Maize_2000,MA1079.3,377
Maize_2000,MA1080.1,198
Maize_2000,MA1081.3,160
Maize_2000,MA1083.3,165
Maize_2000,MA1084.1,134
Maize_2000,MA1087.3,429
Maize_2000,MA1090.2,75
Maize_2000,MA1091.1,184
Maize_2000,MA1093.2,75
Maize_2000,MA1094.3,407
Maize_2000,MA1095.1,66
Maize_2000,MA1096.1,88
Maize_2000,MA1097.1,71
Maize_2000,MA1098.1,66
Maize_2000,MA1156.2,1519
Maize_2000,MA1157.2,787
Maize_2000,MA1158.2,884
Maize_2000,MA1159.2,2048
Maize_2000,MA1160.2,1870
Maize_2000,MA1161.1,1470
Maize_2000,MA1162.1,1451
Maize_2000,MA1163.3,281
Maize_2000,MA1164.2,527
Maize_2000,MA1165.3,560
Maize_2000,MA1166.2,509
Maize_2000,MA1167.2,331
Maize_2000,MA1168.2,399
Maize_2000,MA1169.1,219
Maize_2000,MA1170.2,133
Maize_2000,MA1171.2,78
Maize_2000,MA1172.2,176
Maize_2000,MA1173.2,313
Maize_2000,MA1174.2,189
Maize_2000,MA1175.2,232
Maize_2000,MA1176.2,104
Maize_2000,MA1177.2,155
Maize_2000,MA1178.3,124
Maize_2000,MA1179.2,78
Maize_2000,MA1180.2,174
Maize_2000,MA1181.2,254
Maize_2000,MA1182.2,429
Maize_2000,MA1183.2,547
Maize_2000,MA1184.2,435
Maize_2000,MA1185.2,437
Maize_2000,MA1186.2,435
Maize_2000,MA1187.2,578
Maize_2000,MA1188.1,669
Maize_2000,MA1189.2,474
Maize_2000,MA1190.2,606
Maize_2000,MA1191.2,433
Maize_2000,MA1192.2,367
Maize_2000,MA1193.2,484
Maize_2000,MA1194.2,521
Maize_2000,MA1195.2,444
Maize_2000,MA1196.2,643
Maize_2000,MA1197.2,63
Maize_2000,MA1198.2,350
Maize_2000,MA1199.1,509
Maize_2000,MA1203.1,510
Maize_2000,MA1204.1,667
Maize_2000,MA1205.1,749
Maize_2000,MA1207.2,174
Maize_2000,MA1208.2,430
Maize_2000,MA1209.2,466
Maize_2000,MA1210.3,355
Maize_2000,MA1211.2,417
Maize_2000,MA1212.2,308
Maize_2000,MA1213.3,349
Maize_2000,MA1214.2,422
Maize_2000,MA1215.2,455
Maize_2000,MA1218.2,219
Maize_2000,MA1219.3,348
Maize_2000,MA1220.2,392
Maize_2000,MA1221.1,1245
Maize_2000,MA1222.1,1061
Maize_2000,MA1223.2,248
Maize_2000,MA1225.1,1561
Maize_2000,MA1226.2,1000
Maize_2000,MA1227.3,193
Maize_2000,MA1228.2,993
Maize_2000,MA1229.2,352
Maize_2000,MA1230.2,281
Maize_2000,MA1231.3,477
Maize_2000,MA1232.2,589
Maize_2000,MA1233.3,419
Maize_2000,MA1234.2,304
Maize_2000,MA1235.1,281
Maize_2000,MA1238.3,335
Maize_2000,MA1239.2,1176
Maize_2000,MA1240.2,1004
Maize_2000,MA1241.2,304
Maize_2000,MA1242.1,891
Maize_2000,MA1243.2,305
Maize_2000,MA1244.2,951
Maize_2000,MA1245.3,859
Maize_2000,MA1246.2,1145
Maize_2000,MA1247.2,1052
Maize_2000,MA1248.2,588
Maize_2000,MA1250.2,1106
Maize_2000,MA1251.2,362
Maize_2000,MA1252.2,1048
Maize_2000,MA1253.2,267
Maize_2000,MA1256.2,756
Maize_2000,MA1257.2,1568
Maize_2000,MA1258.2,388
Maize_2000,MA1259.2,479
Maize_2000,MA1260.2,540
Maize_2000,MA1261.2,583
Maize_2000,MA1262.2,1053
Maize_2000,MA1263.2,446
Maize_2000,MA1264.2,1111
Maize_2000,MA1265.3,432
Maize_2000,MA1266.2,831
Maize_2000,MA1267.2,4000
Maize_2000,MA1268.2,3860
Maize_2000,MA1269.2,678
Maize_2000,MA1270.2,1851
Maize_2000,MA1273.2,1397
Maize_2000,MA1274.1,8469
Maize_2000,MA1275.2,421
Maize_2000,MA1276.2,614
Maize_2000,MA1277.2,1858
Maize_2000,MA1278.2,2880
Maize_2000,MA1279.2,1946
Maize_2000,MA1280.2,614
Maize_2000,MA1281.2,4298
Maize_2000,MA1282.2,90
Maize_2000,MA1283.2,78
Maize_2000,MA1284.2,60
Maize_2000,MA1285.2,73
Maize_2000,MA1286.2,82
Maize_2000,MA1287.2,99
Maize_2000,MA1288.2,100
Maize_2000,MA1289.2,84
Maize_2000,MA1290.1,96
Maize_2000,MA1291.1,83
Maize_2000,MA1292.2,214
Maize_2000,MA1293.2,130
Maize_2000,MA1294.2,131
Maize_2000,MA1295.2,192
Maize_2000,MA1296.2,314
Maize_2000,MA1297.2,290
Maize_2000,MA1298.2,308
Maize_2000,MA1299.2,401
Maize_2000,MA1300.2,148
Maize_2000,MA1301.2,279
Maize_2000,MA1302.2,251
Maize_2000,MA1303.2,286
Maize_2000,MA1304.2,344
Maize_2000,MA1305.2,173
Maize_2000,MA1306.2,295
Maize_2000,MA1307.3,160
Maize_2000,MA1308.2,201
Maize_2000,MA1309.1,298
Maize_2000,MA1310.2,148
Maize_2000,MA1311.3,75
Maize_2000,MA1312.2,221
Maize_2000,MA1313.2,435
Maize_2000,MA1314.2,252
Maize_2000,MA1315.2,278
Maize_2000,MA1316.2,356
Maize_2000,MA1317.2,344
Maize_2000,MA1318.2,325
Maize_2000,MA1320.2,55
Maize_2000,MA1321.2,59
Maize_2000,MA1322.3,44
Maize_2000,MA1323.2,551
Maize_2000,MA1324.1,405
Maize_2000,MA1325.2,338
Maize_2000,MA1326.2,228
Maize_2000,MA1328.1,573
Maize_2000,MA1329.3,382
Maize_2000,MA1330.2,442
Maize_2000,MA1331.2,81
Maize_2000,MA1332.2,79
Maize_2000,MA1333.2,81
Maize_2000,MA1334.2,163
Maize_2000,MA1335.1,220
Maize_2000,MA1336.2,164
Maize_2000,MA1337.2,162
Maize_2000,MA1338.3,122
Maize_2000,MA1339.1,174
Maize_2000,MA1340.2,146
Maize_2000,MA1341.2,160
Maize_2000,MA1343.2,97
Maize_2000,MA1344.2,152
Maize_2000,MA1345.2,164
Maize_2000,MA1346.2,177
Maize_2000,MA1348.1,166
Maize_2000,MA1349.2,133
Maize_2000,MA1350.1,173
Maize_2000,MA1351.3,136
Maize_2000,MA1352.1,1100
Maize_2000,MA1353.2,493
Maize_2000,MA1354.1,711
Maize_2000,MA1355.2,268
Maize_2000,MA1356.1,1137
Maize_2000,MA1357.2,166
Maize_2000,MA1358.2,127
Maize_2000,MA1361.2,86
Maize_2000,MA1362.2,104
Maize_2000,MA1363.1,87
Maize_2000,MA1364.2,106
Maize_2000,MA1365.3,262
Maize_2000,MA1366.2,421
Maize_2000,MA1367.2,441
Maize_2000,MA1368.3,235
Maize_2000,MA1369.2,267
Maize_2000,MA1370.2,1078
Maize_2000,MA1371.2,1590
Maize_2000,MA1372.2,211
Maize_2000,MA1373.1,2674
Maize_2000,MA1374.2,1140
Maize_2000,MA1375.2,285
Maize_2000,MA1376.2,465
Maize_2000,MA1377.2,182
Maize_2000,MA1378.1,213
Maize_2000,MA1379.1,1352
Maize_2000,MA1380.1,1264
Maize_2000,MA1381.2,301
Maize_2000,MA1382.2,61
Maize_2000,MA1383.2,509
Maize_2000,MA1384.1,292
Maize_2000,MA1385.2,557
Maize_2000,MA1386.3,526
Maize_2000,MA1387.2,495
Maize_2000,MA1388.2,560
Maize_2000,MA1389.2,279
Maize_2000,MA1390.3,479
Maize_2000,MA1391.3,183
Maize_2000,MA1392.3,101
Maize_2000,MA1393.3,134
Maize_2000,MA1394.3,159
Maize_2000,MA1396.2,544
Maize_2000,MA1397.2,297
Maize_2000,MA1398.3,235
Maize_2000,MA1400.2,327
Maize_2000,MA1401.2,419
Maize_2000,MA1402.1,4481
Maize_2000,MA1403.1,5239
Maize_2000,MA1404.1,6976
Maize_2000,MA1405.2,77
Maize_2000,MA1406.2,407
Maize_2000,MA1408.2,135
Maize_2000,MA1409.2,298
Maize_2000,MA1410.2,69
Maize_2000,MA1411.2,68
Maize_2000,MA1412.2,50
Maize_2000,MA1415.2,660
Maize_2000,MA1416.1,2812
Maize_2000,MA1417.2,196
Maize_2000,MA1424.2,444
Maize_2000,MA1425.2,62
Maize_2000,MA1426.2,71
Maize_2000,MA1427.3,187
Maize_2000,MA1428.2,71
Maize_2000,MA1430.2,60
Maize_2000,MA1659.2,152
Maize_2000,MA1660.2,329
Maize_2000,MA1661.2,306
Maize_2000,MA1662.2,217
Maize_2000,MA1663.3,338
Maize_2000,MA1664.3,503
Maize_2000,MA1665.3,538
Maize_2000,MA1666.3,519
Maize_2000,MA1667.3,430
Maize_2000,MA1669.2,166
Maize_2000,MA1670.2,166
Maize_2000,MA1671.2,672
Maize_2000,MA1672.2,143
Maize_2000,MA1673.2,314
Maize_2000,MA1674.3,187
Maize_2000,MA1675.2,178
Maize_2000,MA1676.3,219
Maize_2000,MA1677.2,754
Maize_2000,MA1678.3,655
Maize_2000,MA1679.2,333
Maize_2000,MA1681.2,363
Maize_2000,MA1682.2,1272
Maize_2000,MA1685.2,280
Maize_2000,MA1686.1,102
Maize_2000,MA1687.1,109
Maize_2000,MA1688.2,585
Maize_2000,MA1689.2,351
Maize_2000,MA1690.2,230
Maize_2000,MA1691.2,164
Maize_2000,MA1692.2,207
Maize_2000,MA1693.2,140
Maize_2000,MA1694.2,151
Maize_2000,MA1695.2,133
Maize_2000,MA1696.2,147
Maize_2000,MA1697.2,220
Maize_2000,MA1698.2,260
Maize_2000,MA1706.2,214
Maize_2000,MA1732.1,290
Maize_2000,MA1733.2,151
Maize_2000,MA1734.1,191
Maize_2000,MA1735.2,508
Maize_2000,MA1737.2,381
Maize_2000,MA1738.1,388
Maize_2000,MA1739.2,117
Maize_2000,MA1740.2,91
Maize_2000,MA1741.1,179
Maize_2000,MA1742.2,89
Maize_2000,MA1743.2,151
Maize_2000,MA1744.2,98
Maize_2000,MA1745.2,167
Maize_2000,MA1746.1,113
Maize_2000,MA1747.2,562
Maize_2000,MA1749.1,205
Maize_2000,MA1750.1,290
Maize_2000,MA1751.2,243
Maize_2000,MA1752.2,256
Maize_2000,MA1753.2,1275
Maize_2000,MA1754.2,932
Maize_2000,MA1756.2,143
Maize_2000,MA1757.2,319
Maize_2000,MA1758.2,576
Maize_2000,MA1759.2,432
Maize_2000,MA1760.1,438
Maize_2000,MA1761.2,481
Maize_2000,MA1762.2,225
Maize_2000,MA1764.2,113
Maize_2000,MA1765.2,137
Maize_2000,MA1766.2,170
Maize_2000,MA1768.2,351
Maize_2000,MA1769.2,233
Maize_2000,MA1770.2,227
Maize_2000,MA1771.2,145
Maize_2000,MA1772.2,228
Maize_2000,MA1773.2,210
Maize_2000,MA1774.2,299
Maize_2000,MA1775.2,184
Maize_2000,MA1776.2,179
Maize_2000,MA1777.2,176
Maize_2000,MA1778.2,218
Maize_2000,MA1779.2,342
Maize_2000,MA1780.2,104
Maize_2000,MA1781.2,234
Maize_2000,MA1783.1,327
Maize_2000,MA1784.1,278
Maize_2000,MA1785.2,128
Maize_2000,MA1786.2,113
Maize_2000,MA1787.2,116
Maize_2000,MA1788.1,123
Maize_2000,MA1789.1,331
Maize_2000,MA1790.1,329
Maize_2000,MA1791.1,184
Maize_2000,MA1792.1,150
Maize_2000,MA1794.2,349
Maize_2000,MA1795.2,282
Maize_2000,MA1796.1,128
Maize_2000,MA1797.1,208
Maize_2000,MA1800.1,208
Maize_2000,MA1802.2,206
Maize_2000,MA1803.2,106
Maize_2000,MA1805.2,75
Maize_2000,MA1807.2,251
Maize_2000,MA1808.2,119
Maize_2000,MA1809.2,124
Maize_2000,MA1810.2,81
Maize_2000,MA1811.2,119
Maize_2000,MA1812.2,175
Maize_2000,MA1813.2,372
Maize_2000,MA1814.2,960
Maize_2000,MA1815.2,217
Maize_2000,MA1817.2,857
Maize_2000,MA1818.1,777
Maize_2000,MA1819.2,930
Maize_2000,MA1820.2,940
Maize_2000,MA1821.2,707
Maize_2000,MA1822.2,32
Maize_2000,MA1823.2,2241
Maize_2000,MA1824.2,226
Maize_2000,MA1827.2,172
Maize_2000,MA1828.2,101
Maize_2000,MA1829.2,104
Maize_2000,MA1830.2,552
Maize_2000,MA1831.2,718
Maize_2000,MA1832.2,780
Maize_2000,MA1833.2,900
Maize_2000,MA1834.2,90
Maize_2000,MA1835.2,42
Maize_2000,MA2005.2,157
Maize_2000,MA2006.2,259
Maize_2000,MA2007.2,447
Maize_2000,MA2008.2,136
Maize_2000,MA2009.2,267
Maize_2000,MA2010.2,251
Maize_2000,MA2011.2,348
Maize_2000,MA2013.2,1158
Maize_2000,MA2014.2,63
Maize_2000,MA2015.2,133
Maize_2000,MA2016.2,143
Maize_2000,MA2017.2,321
Maize_2000,MA2018.2,250
Maize_2000,MA2019.2,483
Maize_2000,MA2020.2,480
Maize_2000,MA2021.2,461
Maize_2000,MA2022.2,1247
Maize_2000,MA2023.2,185
Maize_2000,MA2024.2,232
Maize_2000,MA2025.2,438
Maize_2000,MA2026.2,207
Maize_2000,MA2027.2,164
Maize_2000,MA2028.2,186
Maize_2000,MA2029.2,150
Maize_2000,MA2030.2,279
Maize_2000,MA2031.2,178
Maize_2000,MA2032.2,295
Maize_2000,MA2033.2,185
Maize_2000,MA2034.2,187
Maize_2000,MA2035.2,273
Maize_2000,MA2036.2,251
Maize_2000,MA2037.2,187
Maize_2000,MA2038.2,152
Maize_2000,MA2039.2,783
Maize_2000,MA2040.2,907
Maize_2000,MA2041.2,335
Maize_2000,MA2042.2,361
Maize_2000,MA2043.2,754
Maize_2000,MA2044.2,251
Maize_2000,MA2045.2,193
Maize_2000,MA2046.2,99
Maize_2000,MA2047.2,251
Maize_2000,MA2048.2,602
Maize_2000,MA2049.2,754
Maize_2000,MA2050.2,251
Maize_2000,MA2051.2,224
Maize_2000,MA2052.2,440
Maize_2000,MA2053.2,403
Maize_2000,MA2055.1,130
Maize_2000,MA2057.1,80
Maize_2000,MA2060.1,99
Maize_2000,MA2061.1,91
Maize_2000,MA2064.1,91
Maize_2000,MA2065.1,343
Maize_2000,MA2066.1,138
Maize_2000,MA2067.1,114
Maize_2000,MA2068.1,102
Maize_2000,MA2071.1,77
Maize_2000,MA2072.1,106
Maize_2000,MA2074.1,748
Maize_2000,MA2075.1,109
Maize_2000,MA2076.1,65
Maize_2000,MA2077.1,80
Maize_2000,MA2078.1,793
Maize_2000,MA2079.1,45
Maize_2000,MA2083.1,133
Maize_2000,MA2086.1,165
Maize_2000,MA2087.1,117
Maize_2000,MA2088.1,366
Maize_2000,MA2089.1,75
Maize_2000,MA2091.1,94
Maize_2000,MA2092.1,149
Maize_2000,MA2104.1,1023
Maize_2000,MA2106.1,253
Maize_2000,MA2343.1,216
Maize_2000,MA2344.1,521
Maize_2000,MA2348.1,1858
Maize_2000,MA2349.1,338
Maize_2000,MA2350.1,90
Maize_2000,MA2351.1,155
Maize_2000,MA2352.1,148
Maize_2000,MA2353.1,338
Maize_2000,MA2354.1,82
Maize_2000,MA2357.1,206
Maize_2000,MA2359.1,232
Maize_2000,MA2360.1,158
Maize_2000,MA2362.1,249
Maize_2000,MA2363.1,81
Maize_2000,MA2364.1,77
Maize_2000,MA2365.1,90
Maize_2000,MA2367.1,238
Maize_2000,MA2369.1,296
Maize_2000,MA2371.1,388
Maize_2000,MA2372.1,308
Maize_2000,MA2374.1,290
Maize_2000,MA2375.1,72
Maize_2000,MA2376.1,78
Maize_2000,MA2377.1,68
Maize_2000,MA2380.1,640
Maize_2000,MA2384.1,152
Maize_2000,MA2386.1,305
Maize_2000,MA2387.1,166
Maize_2000,MA2388.1,621
Maize_2000,MA2389.1,124
Maize_2000,MA2390.1,74
Maize_2000,MA2391.1,189
Maize_2000,MA2392.1,154
Maize_2000,MA2393.1,31
Maize_2000,MA2395.1,257
Maize_2000,MA2396.1,795
Maize_2000,MA2398.1,1065
Maize_2000,MA2399.1,68
Maize_2000,MA2400.1,94
Maize_2000,MA2401.1,97
Maize_2000,MA2404.1,166
Maize_2000,MA2406.1,91
Maize_2000,MA2407.1,49
Maize_2000,MA2408.1,97
Maize_2000,MA2409.1,243
Maize_2000,MA2410.1,203
Maize_2000,MA2411.1,246
Maize_2000,MA2412.1,227
Maize_2000,MA2413.1,130
Maize_2000,MA2414.1,195
Maize_2000,MA2415.1,372
Maize_2000,MA2416.1,775
Maize_2000,MA2417.1,134
Maize_2000,MA2418.1,375
Maize_2000,MA2419.1,319
Maize_2000,MA2420.1,190
Maize_2000,MA2421.1,166
Maize_2000,MA2422.1,144
Maize_2000,MA2423.1,137
Maize_2000,MA2424.1,154
Maize_2000,MA2425.1,84
Maize_2000,MA2426.1,101
Maize_2000,MA2427.1,95
Maize_2000,MA2428.1,96
Maize_2000,MA2429.1,103
Maize_2000,MA2430.1,96
Maize_2000,MA2431.1,94
Maize_2000,MA2432.1,263
Maize_2000,MA2433.1,67
Maize_2000,MA2434.1,93
Maize_2000,MA2435.1,89
Maize_2000,MA2436.1,84
Maize_2000,MA2437.1,94
Maize_2000,MA2438.1,86
Maize_2000,MA2439.1,92
Maize_2000,MA2440.1,93
Maize_2000,MA2441.1,76
Maize_2000,MA2442.1,96
Maize_2000,MA2443.1,98
Maize_2000,MA2444.1,91
Maize_2000,MA2445.1,79
Maize_2000,MA2446.1,95
Maize_2000,MA2447.1,70
Maize_2000,MA2448.1,102
Maize_2000,MA2449.1,96
Maize_2000,MA2450.1,109
Maize_2000,MA2451.1,105
Maize_2000,MA2452.1,115
Maize_2000,MA2453.1,112
Maize_2000,MA2454.1,147
Maize_2000,MA2455.1,94
