config,epoch,source_relative_path,sha256
1,50,topic_new26/topic_enhancer/every_species/All_Species_Generators/UViT/compare_outputs/config1/compare_with_real_config1_checkpoint_epoch_50/results.csv,b8049a7efd8d686a6aa9fc7fbecb607bab4e4c1b86b445df7900d32bece3dd48
1,100,topic_new26/topic_enhancer/every_species/All_Species_Generators/UViT/compare_outputs/config1/compare_with_real_config1_checkpoint_epoch_100/results.csv,9926b11a0576d9232aee34460d748e6ff44e566ee573a8c7125f3fa349200c2e
1,150,topic_new26/topic_enhancer/every_species/All_Species_Generators/UViT/compare_outputs/config1/compare_with_real_config1_checkpoint_epoch_150/results.csv,e0b86613a1507ac61f71678accd0db008fb291f64fb2dedc7d91e702794a484f
1,200,topic_new26/topic_enhancer/every_species/All_Species_Generators/UViT/compare_outputs/config1/compare_with_real_config1_checkpoint_epoch_200/results.csv,fdc6b5e89b565deaeaf7096f6aedcb247afd044103474676dade0129346fbfdc
1,250,topic_new26/topic_enhancer/every_species/All_Species_Generators/UViT/compare_outputs/config1/compare_with_real_config1_checkpoint_epoch_250/results.csv,645b975e9cdae6e358027e3608ca56fb593cfc520c2e83d5e3c6d1c86d587f48
1,300,topic_new26/topic_enhancer/every_species/All_Species_Generators/UViT/compare_outputs/config1/compare_with_real_config1_checkpoint_epoch_300/results.csv,baa23e89df5ba076fce845550f83bc29b58b19ca6f5cf86e9d7b8ceb57b8d690
1,350,topic_new26/topic_enhancer/every_species/All_Species_Generators/UViT/compare_outputs/config1/compare_with_real_config1_checkpoint_epoch_350/results.csv,6ccd433c26e7eb8340cc903f067a41e0a57552ff8cc40203b7dcfd619f62b596
1,400,topic_new26/topic_enhancer/every_species/All_Species_Generators/UViT/compare_outputs/config1/compare_with_real_config1_checkpoint_epoch_400/results.csv,6729e8e35d25ec205c493198b0a0def6b9111aaef0059bb969a4eb3c2b3dc325
1,450,topic_new26/topic_enhancer/every_species/All_Species_Generators/UViT/compare_outputs/config1/compare_with_real_config1_checkpoint_epoch_450/results.csv,5963d629f986405519aaf8ca5569c5a6bb9cf53e6ad275027c851acc37aae78e
1,500,topic_new26/topic_enhancer/every_species/All_Species_Generators/UViT/compare_outputs/config1/compare_with_real_config1_checkpoint_epoch_500/results.csv,c9589be23189379dbc06d5265b284d08bcc3b91dc750b24b09710e20385251b7
1,550,topic_new26/topic_enhancer/every_species/All_Species_Generators/UViT/compare_outputs/config1/compare_with_real_config1_checkpoint_epoch_550/results.csv,5e64fcbe55be3827f573c50210806977bf2df2141cc68fef04fba952496f89c5
1,600,topic_new26/topic_enhancer/every_species/All_Species_Generators/UViT/compare_outputs/config1/compare_with_real_config1_checkpoint_epoch_600/results.csv,047f4871d06929298e84f6c7fb6a9f1e4b9654f1833c58e4805a0b0ec0a20178
1,650,topic_new26/topic_enhancer/every_species/All_Species_Generators/UViT/compare_outputs/config1/compare_with_real_config1_checkpoint_epoch_650/results.csv,420038ce964dee0babc15ab597169f6f58645afb2a2b0737c021f413af4574c1
1,700,topic_new26/topic_enhancer/every_species/All_Species_Generators/UViT/compare_outputs/config1/compare_with_real_config1_checkpoint_epoch_700/results.csv,47c40381444a8fe7de5e845331e6183422cfec876fe5278db1684d7653097c98
1,750,topic_new26/topic_enhancer/every_species/All_Species_Generators/UViT/compare_outputs/config1/compare_with_real_config1_checkpoint_epoch_750/results.csv,d7127ce9b647269ef61f3d1a0a4958a6779ecf34a0544839d0896363c34fa07c
1,800,topic_new26/topic_enhancer/every_species/All_Species_Generators/UViT/compare_outputs/config1/compare_with_real_config1_checkpoint_epoch_800/results.csv,5ecd953d5fcb9fa5a3bb621a55f88e7a5df0e1ee31cb3b4735e1b443f741d615
1,850,topic_new26/topic_enhancer/every_species/All_Species_Generators/UViT/compare_outputs/config1/compare_with_real_config1_checkpoint_epoch_850/results.csv,51113610c72d96a8978fc0a41db60426a115416cf76c4369eb960fb8f4574bcc
1,900,topic_new26/topic_enhancer/every_species/All_Species_Generators/UViT/compare_outputs/config1/compare_with_real_config1_checkpoint_epoch_900/results.csv,30c885ce37d3eb83acae2181df83fbcec028bb22e37dc497c6c6f7d290761078
1,950,topic_new26/topic_enhancer/every_species/All_Species_Generators/UViT/compare_outputs/config1/compare_with_real_config1_checkpoint_epoch_950/results.csv,40766917e46352db8100204c58f1b8cb669345482ba1e98701ed4443a7aa438f
1,1000,topic_new26/topic_enhancer/every_species/All_Species_Generators/UViT/compare_outputs/config1/compare_with_real_config1_checkpoint_epoch_1000/results.csv,596ef51f7164c35516fc49695ceb88bd471fa4f4712b9b42fc324c5b8e899638
1,1050,topic_new26/topic_enhancer/every_species/All_Species_Generators/UViT/compare_outputs/config1/compare_with_real_config1_checkpoint_epoch_1050/results.csv,0a886c6a9f8d61b0fc056ba9c904f3ea89a97dc092d828cb05684ab1c78e5322
1,1100,topic_new26/topic_enhancer/every_species/All_Species_Generators/UViT/compare_outputs/config1/compare_with_real_config1_checkpoint_epoch_1100/results.csv,444ce7960ce95f13afcb3fa6588d5709a714984fe5f0b7c9686f1856be3721ac
1,1150,topic_new26/topic_enhancer/every_species/All_Species_Generators/UViT/compare_outputs/config1/compare_with_real_config1_checkpoint_epoch_1150/results.csv,16299d3b01303c1f69d0eef4fe17f60474beacfadb7a8d552d38a40987d98587
1,1200,topic_new26/topic_enhancer/every_species/All_Species_Generators/UViT/compare_outputs/config1/compare_with_real_config1_checkpoint_epoch_1200/results.csv,9ba847ee0b33dc161cc0cc0048a5f7e2b9020c0fc01a9ba7aa4230f54d9a6b01
1,1250,topic_new26/topic_enhancer/every_species/All_Species_Generators/UViT/compare_outputs/config1/compare_with_real_config1_checkpoint_epoch_1250/results.csv,a30ec0bc6e96cec16382bed7a1d5262f2dd98072774ad29c4d687cd9783f0297
1,1300,topic_new26/topic_enhancer/every_species/All_Species_Generators/UViT/compare_outputs/config1/compare_with_real_config1_checkpoint_epoch_1300/results.csv,b73d5329fcccd38a53763a26218bd774d05af2bd116345019fea59c528666a13
1,1350,topic_new26/topic_enhancer/every_species/All_Species_Generators/UViT/compare_outputs/config1/compare_with_real_config1_checkpoint_epoch_1350/results.csv,2041965caf98a3b5f4c73b598bf673c9523bf9d78e14ba69ac0be673106481c1
1,1400,topic_new26/topic_enhancer/every_species/All_Species_Generators/UViT/compare_outputs/config1/compare_with_real_config1_checkpoint_epoch_1400/results.csv,6ec76fcfe4b8aa49dcc346bf370990e3b3fa5dd1afae2b751755b24aa3114ff4
1,1450,topic_new26/topic_enhancer/every_species/All_Species_Generators/UViT/compare_outputs/config1/compare_with_real_config1_checkpoint_epoch_1450/results.csv,3fdd412233593cb9aa61d646cbc3f1994d302a110e5f8efe2db7396877bd5e3c
1,1500,topic_new26/topic_enhancer/every_species/All_Species_Generators/UViT/compare_outputs/config1/compare_with_real_config1_checkpoint_epoch_1500/results.csv,e019f7c3dd535e7c45258d0faa39d528d54704f7511a0c614fde8815a825faa8
1,1550,topic_new26/topic_enhancer/every_species/All_Species_Generators/UViT/compare_outputs/config1/compare_with_real_config1_checkpoint_epoch_1550/results.csv,ddb77640a89a5e1b3e70c6158a6ca2195fe6680520af38d77f1b64784fb4708b
1,1600,topic_new26/topic_enhancer/every_species/All_Species_Generators/UViT/compare_outputs/config1/compare_with_real_config1_checkpoint_epoch_1600/results.csv,7e74c9eb6e41b225e80bc2c56f5ba974dbcabd3ac5044fb958697b9b551d7c52
1,1650,topic_new26/topic_enhancer/every_species/All_Species_Generators/UViT/compare_outputs/config1/compare_with_real_config1_checkpoint_epoch_1650/results.csv,501ecd1395cd9386f677b79c90f0202416605393a1c3a7626bb5e9ae08883718
1,1700,topic_new26/topic_enhancer/every_species/All_Species_Generators/UViT/compare_outputs/config1/compare_with_real_config1_checkpoint_epoch_1700/results.csv,45c4b513993d468792927d52707df0efbfe1d24a7c6d17d035658e7717bb9698
1,1750,topic_new26/topic_enhancer/every_species/All_Species_Generators/UViT/compare_outputs/config1/compare_with_real_config1_checkpoint_epoch_1750/results.csv,394de9fdd856d21408e58182ca79987183f2b04c42b9a646e092c080193f5654
1,1800,topic_new26/topic_enhancer/every_species/All_Species_Generators/UViT/compare_outputs/config1/compare_with_real_config1_checkpoint_epoch_1800/results.csv,fcef78abef5868837eb3b7e4cd6799e6ae8d9823acf8a90d79f2f465138ab071
1,1850,topic_new26/topic_enhancer/every_species/All_Species_Generators/UViT/compare_outputs/config1/compare_with_real_config1_checkpoint_epoch_1850/results.csv,26f5585927b72d3873f3adbdcb19429def01336d95e368ebfa5f614600086820
1,1900,topic_new26/topic_enhancer/every_species/All_Species_Generators/UViT/compare_outputs/config1/compare_with_real_config1_checkpoint_epoch_1900/results.csv,f9eddd869ef74cd38c1b7566b6cf6625c2970e19ee1739c3b66074c656fc39d2
1,1950,topic_new26/topic_enhancer/every_species/All_Species_Generators/UViT/compare_outputs/config1/compare_with_real_config1_checkpoint_epoch_1950/results.csv,249da59268796f6f5f7c73c874078eedbe4731a818fe1a31b7ba66d975422257
1,2000,topic_new26/topic_enhancer/every_species/All_Species_Generators/UViT/compare_outputs/config1/compare_with_real_config1_checkpoint_epoch_2000/results.csv,c7dd4efd63b248cc1d1665d8b63b8de2250342fa15b4fb162769ae294105170a
