model,epoch,num_motifs,num_categories,wasserstein
DDPM-M,50,208401,703,0.5446792160938858
DDPM-M,100,213686,703,0.45566461422490934
DDPM-M,150,217669,703,1.238501497106892
DDPM-M,200,220428,703,1.1662796398213713
DDPM-M,250,233579,703,1.1148650756017802
DDPM-M,300,235478,703,0.9778603665454515
DDPM-M,350,235190,703,1.2170180140370952
DDPM-M,400,235224,703,0.792805409468288
DDPM-M,450,226155,703,1.8624958559327336
DDPM-M,500,232717,703,1.0830662860397704
DDPM-M,550,228102,703,0.3348097039093696
DDPM-M,600,240247,703,0.5045490531242267
DDPM-M,650,236367,703,1.2392743827851407
DDPM-M,700,257896,703,1.6721680947282995
DDPM-M,750,218545,703,1.4140840767630318
DDPM-M,800,236585,703,1.472931668272345
DDPM-M,850,270845,703,1.8792289253304078
DDPM-M,900,248219,703,0.6689418673494769
DDPM-M,950,238261,703,0.8932948505536457
DDPM-M,1000,243549,703,1.2117218500987588
DDPM-M,1050,251105,703,1.5090345603101776
DDPM-M,1100,245386,703,1.578142263896737
DDPM-M,1150,262090,703,2.106790706212515
DDPM-M,1200,238770,703,1.7405821224390068
DDPM-M,1250,275477,703,1.2700364591419389
DDPM-M,1300,232698,703,1.4254498821814132
DDPM-M,1350,267448,703,1.6798205052165014
DDPM-M,1400,299561,703,1.1481078778055105
DDPM-M,1450,260059,703,1.3441253858718718
DDPM-M,1500,254805,703,0.48086009819617287
DDPM-M,1550,262521,703,1.1701516063221238
DDPM-M,1600,285154,703,1.30029867241379
DDPM-M,1650,246427,703,1.3149736651499278
DDPM-M,1700,268818,703,1.5519888854915846
DDPM-M,1750,241389,703,0.28147873894136033
DDPM-M,1800,262265,703,1.1601910870739767
DDPM-M,1850,258799,703,1.262132915274571
DDPM-M,1900,247944,703,1.4758730843459045
DDPM-M,1950,286636,703,0.630888573113888
DDPM-M,2000,279293,703,1.7088599726049882
DiT-M,50,622355,700,1.4485485661935222
DiT-M,100,664327,703,1.3031449839672584
DiT-M,150,791197,703,1.2610505874492988
DiT-M,200,562477,703,1.3418505190838115
DiT-M,250,473860,703,1.304628190945528
DiT-M,300,293047,703,1.0868688113649252
DiT-M,350,287801,703,1.1047320244097762
DiT-M,400,328406,703,0.514224921140989
DiT-M,450,286008,703,0.5317929116331901
DiT-M,500,238988,703,1.0706054301560113
DiT-M,550,259487,703,0.9456291477209136
DiT-M,600,297234,703,0.5602362303031041
DiT-M,650,234518,703,1.2214670695761352
DiT-M,700,225421,703,0.9466794771022763
DiT-M,750,264765,703,1.1471591286959406
DiT-M,800,251046,703,0.7264589189715558
DiT-M,850,246487,703,1.0708118132631694
DiT-M,900,241733,703,0.38183182496238555
DiT-M,950,245891,703,1.1284823199220906
DiT-M,1000,225959,703,0.9023591687427082
DiT-M,1050,254326,703,1.562041729410466
DiT-M,1100,257840,703,0.7718838405907327
DiT-M,1150,250720,703,1.7131702390533592
DiT-M,1200,253589,703,2.404147574135872
DiT-M,1250,246540,703,1.3828407019416087
DiT-M,1300,261691,703,1.7703272815993372
DiT-M,1350,244270,703,1.0640241036827256
DiT-M,1400,257060,703,0.6999700797354566
DiT-M,1450,255668,703,1.2261490447003873
DiT-M,1500,247577,702,1.5816861108219125
DiT-M,1550,251076,703,1.3158108864447098
DiT-M,1600,242480,703,1.103922685186213
DiT-M,1650,255213,703,0.5733526782008627
DiT-M,1700,255506,703,0.38572078667937026
DiT-M,1750,245215,703,1.0341981056119036
DiT-M,1800,297329,703,1.041945222175161
DiT-M,1850,273822,703,1.7432273831759748
DiT-M,1900,278266,703,0.5773845377766753
DiT-M,1950,264506,703,1.3172862366080424
DiT-M,2000,263269,703,0.7104712349704584
UViT-v1 config1,50,199984,703,1.4801540721519726
UViT-v1 config1,100,209968,703,0.7929314594332602
UViT-v1 config1,150,202740,703,1.0447920879484776
UViT-v1 config1,200,230417,703,1.2183131601050885
UViT-v1 config1,250,223042,703,0.5415150324110245
UViT-v1 config1,300,199064,703,0.7149009054991605
UViT-v1 config1,350,222313,703,0.9448543946307943
UViT-v1 config1,400,210959,703,0.5683888004879313
UViT-v1 config1,450,358514,703,1.0573373409397653
UViT-v1 config1,500,349765,703,0.43360944422176484
UViT-v1 config1,550,449727,703,0.7004642202350615
UViT-v1 config1,600,399551,703,0.49916769057695776
UViT-v1 config1,650,428459,703,0.7425086173565546
UViT-v1 config1,700,322659,703,0.4912296179713388
UViT-v1 config1,750,362149,703,1.0204832148340546
UViT-v1 config1,800,310725,703,0.44727555235094263
UViT-v1 config1,850,218396,703,0.5036436326089833
UViT-v1 config1,900,232293,703,0.9527289252028412
UViT-v1 config1,950,225255,703,0.49301909488349177
UViT-v1 config1,1000,449539,703,1.609507035014373
UViT-v1 config1,1050,482375,703,1.180595132391887
UViT-v1 config1,1100,575328,703,2.5104302812644206
UViT-v1 config1,1150,359114,703,2.08884090045198
UViT-v1 config1,1200,370579,703,0.5709746825931199
UViT-v1 config1,1250,365405,703,3.024672170944628
UViT-v1 config1,1300,378187,703,2.182962742227323
UViT-v1 config1,1350,414956,703,0.32794496263742196
UViT-v1 config1,1400,326708,703,4.949756310635433
UViT-v1 config1,1450,305697,703,0.740773647137809
UViT-v1 config1,1500,300113,703,1.2839622292167356
UViT-v1 config1,1550,232953,703,1.517593410544151
UViT-v1 config1,1600,235993,703,1.0662670325925914
UViT-v1 config1,1650,263263,703,0.5649553421816997
UViT-v1 config1,1700,232369,703,1.4594093487461446
UViT-v1 config1,1750,252005,703,1.410079666180796
UViT-v1 config1,1800,259212,703,0.9387683672691238
UViT-v1 config1,1850,235958,703,0.8577161378798073
UViT-v1 config1,1900,255853,703,1.1794220624251732
UViT-v1 config1,1950,248587,703,0.46740540661369534
UViT-v1 config1,2000,236727,703,0.7274941984605989
