source_relative_path,size,sha256,status
topic_all/topic2_Diffusion/data/NG_enhancer_data.csv,3532879,f1bd56a88d5f8d1baabcb29e855a8c11f404dcf5aacc1b184c024287fccd8f49,source_bytes_read
topic_new26/topic_enhancer/every_species/Ara/35s/down/DDPM/v1/config.yml,647,2cd5920674b59b791b3e64a8fd97a34b37c9745578fd550843a868804dd0c8c7,source_bytes_read
topic_new26/topic_enhancer/every_species/Ara/35s/down/DDPM/v1/config_gen_every_epoch.yml,311,26366d1578a4383946a96c8e31b7bce963f330c966bb3dc4445f54c6526cfb50,source_bytes_read
topic_new26/topic_enhancer/every_species/Ara/35s/down/DDPM/v1/gen_file/2000.fasta,1546893,71ebcf2e8c122dbd313c6c5fa950a70a0f1596c0c731ec6e4c362b22a9607e4c,source_bytes_read
topic_new26/topic_enhancer/every_species/Ara/35s/down/DDPM/v1/jaspar_comparision/2000/fimo.xml,68279,66b8160349abd6c51fd37cb18b9d2660ec67dc343ecb808fda6af42e47217e52,source_bytes_read
topic_new26/topic_enhancer/every_species/Ara/35s/down/DDPM/v1/jaspar_comparision/500/fimo.xml,68275,762489badfb4cba8515d2d73e31cabf3b09dc59d8b20ee69310b8a2f3d4824e1,source_bytes_read
topic_new26/topic_enhancer/every_species/Ara/35s/down/DDPM/v1/jaspar_comparision_with_real/results.csv,1452,3baae8937f1d71e0cb4cc10fd885dd99728a7a01e729afc4ec30b864c8486bff,source_bytes_read
topic_new26/topic_enhancer/every_species/Ara/35s/down/DDPM/v1/log_train.txt,49344,6035c51a586c5fc9837a2e50a6e13d10ca45409afc8aa6a76a243bc685b4d5c4,source_bytes_read
topic_new26/topic_enhancer/every_species/Ara/35s/down/UViT/data/seqs.txt,1941408,13308490225fa65cdc6f3d096dd61565d58d9fe315c9e076310e7ad4c005a51d,source_bytes_read
topic_new26/topic_enhancer/every_species/Ara/35s/down/compute_wd_equal_real.py,7088,17fbcc2cd329efeb80b60041a25e1e4aca36a5f14fe8cb2e0235ed7ab3ec8fa4,source_bytes_read
topic_new26/topic_enhancer/every_species/Ara/35s/down/predict_model/00result_train.out,11494,219c4f9f381fc3438f7568cfa5296a5fac06cb3b2de5b8840ef5e97277866c83,source_bytes_read
topic_new26/topic_enhancer/every_species/Ara/35s/down/predict_model/config.yml,635,8348a74af522a257c2798f1dbe73bcaaebb3cca91e3fc65986a1695c749287fc,source_bytes_read
topic_new26/topic_enhancer/every_species/Ara/35s/down/predict_model/start.slurm,728,e5bafbdde5acb36347d7c67544bc4451cd99738033330f4afefdafc1b26700b5,source_bytes_read
topic_new26/topic_enhancer/every_species/Ara/35s/down/wd_equal_real.out,4724,aaf231d0e79a8f4fe4e05e2845e9dae0ec594e604440e6eef9c11109527b75f0,source_bytes_read
topic_new26/topic_enhancer/every_species/Ara/35s/down/wd_equal_real_results.csv,13467,427dd42601707e2f83281233a69bf480af692f12ae6e866bff451fc4aac5c82d,source_bytes_read
topic_new26/topic_enhancer/every_species/Ara/35s/down/wd_equal_real_work/fimo/real/fimo.xml,68287,0c1cdf4809b16a74d979d9317476e5093ddda336ea1543716506cb330e7d0749,source_bytes_read
topic_new26/topic_enhancer/every_species/Ara/35s/down/wd_equal_real_work/real_9000.fasta,1546890,b58a05d2dedfb7d56bf88f2b9f489e7dbae36dc4c5528df47900b703504a9601,source_bytes_read
topic_new26/topic_enhancer/every_species/Maize/35s/down/DDPM/v1/config.yml,647,9cfd278903e873b73c5cff4ff7c7fd0ea2a00d503e6ff88863ad8e18bc54482a,source_bytes_read
topic_new26/topic_enhancer/every_species/Maize/35s/down/DDPM/v1/gen_file/2000.fasta,1546893,4ee9c7c714fdfa39e5eb2add7509925ead508de8a78b7bb3233769c6f0dbf23c,source_bytes_read
topic_new26/topic_enhancer/every_species/Maize/35s/down/DDPM/v1/jaspar_comparision/2000/fimo.xml,68287,71cefe5ce03ce5dc39d9b2cb4f1a62e121030a899058c2e9e6a4a58c68ad59ea,source_bytes_read
topic_new26/topic_enhancer/every_species/Maize/35s/down/DDPM/v1/jaspar_comparision_with_real/results.csv,1452,3d510adaec7eeb537e3016d08d840247fa1645d80c9ce3ba8dfe09c471b75815,source_bytes_read
topic_new26/topic_enhancer/every_species/Maize/35s/down/DDPM/v1/log_train.txt,50483,a3c97e9e080cdd97d041340bc6aafa61f2a6f2b8401e1db0689e3eacce6327b4,source_bytes_read
topic_new26/topic_enhancer/every_species/Maize/35s/down/predict_model/00result_train.out,12581,4b48bef840fe0ba8be0fa3fc3f419e78ae84cff6ab9db5cb22a8a7bac9d569a4,source_bytes_read
topic_new26/topic_enhancer/every_species/Maize/35s/down/predict_model/config.yml,635,42cf3a671e6e67938bb9a7e9a64ef805df84d0b672104eee6bc1ab74e8c7efc9,source_bytes_read
topic_new26/topic_enhancer/every_species/Maize/35s/down/predict_model/start.slurm,732,54eced99019db49c6db39e251894fa35998e9025bfbd2d6e0a9fbdd500a7518c,source_bytes_read
topic_new26/topic_enhancer/every_species/Maize/35s/down/predict_model/train.log,12555,dc0c8cc8a5202cfb5cfab76c9b6c86faa0e9f666fc47271f7c4b536fe7348477,source_bytes_read
topic_new26/topic_enhancer/every_species/Maize/35s/up/predict_model/00result_train.out,12133,41f34f2cc406dea99c9b416d2c728ade92b361cb888f41b53e8e9c8f9a6f802b,source_bytes_read
topic_new26/topic_enhancer/every_species/Maize/35s/up/predict_model/config.yml,627,790c6d8c0925173c34c217671b5d14ef86b8ac08db5b5827e841cf9fc4df9eaf,source_bytes_read
topic_new26/topic_enhancer/every_species/Maize/35s/up/predict_model/start.slurm,728,13a1ce993a7047e7af8c1931b40087222a31a6a5f500dc4df732d1cd24c0b511,source_bytes_read
topic_new26/topic_enhancer/every_species/Maize/35s/up/predict_model/train.log,70601,4c4d13a59669cb8a1fa9a5c68933cf557de2e627c53d0c01852c3841f715d1c4,source_bytes_read
topic_new26/topic_enhancer/guide_generation/v1/predictor_model/net.py,3075,c604e23d80df2ebffc5c8c5a904b551cc30d2540a1d39a3b0fdc32d80f91ea42,source_bytes_read
topic_new26/topic_enhancer/guide_generation/v3/DDPM/common.py,4562,fd63a82445b2b71631c53680a01df59fba0ecbfbb0920396d30473153bcd3b2b,source_bytes_read
topic_new26/topic_enhancer/guide_generation/v3/DDPM/exp02_maximize/eva.py,1547,88a30833fc5e7638e49cc890f3898427df320a1e9e2035163b54a7cbaf111538,source_bytes_read
topic_new26/topic_enhancer/guide_generation/v3/DDPM/exp02_maximize/outputs/guided.fasta,16890,deba8a07bebb25af19821dc911249b58af2b62f01048f604dfd3726ca4aba422,source_bytes_read
topic_new26/topic_enhancer/guide_generation/v3/DDPM/exp02_maximize/outputs/guided_scores.csv,2636,e60ae1cff21b44db106cc9780071e6508451e5c6f372b28e8b20766c094a319c,source_bytes_read
topic_new26/topic_enhancer/guide_generation/v3/DDPM/exp02_maximize/outputs/summary.txt,169,0f73e3331d692e99c9c9c25f2fdc51d6a785417647883976114802b289279cb8,source_bytes_read
topic_new26/topic_enhancer/guide_generation/v3/DDPM/exp02_maximize/outputs/unguided.fasta,16890,e4807d3dbf08aaa2f1dc4ef90bf754dedd9e027f62d11357a491b185b338a3e3,source_bytes_read
topic_new26/topic_enhancer/guide_generation/v3/DDPM/exp02_maximize/outputs/unguided_scores.csv,2631,de29f86ba8d2996e0e4c782f9ae1a0cc8023147f9f5ff2d6de112bba602ff10a,source_bytes_read
topic_new26/topic_enhancer/guide_generation/v3/DDPM/exp03_x0pred/eva.py,1982,1c1d60849071fc77621f8059167766426df99f7959b5b2d4227865b567f92b67,source_bytes_read
topic_new26/topic_enhancer/guide_generation/v3/DDPM/exp03_x0pred/outputs/guided.fasta,16890,655f3024aa07951d6cb25ebee0c787a6b5468c8ba69f1b9fa38c77d5faf34f87,source_bytes_read
topic_new26/topic_enhancer/guide_generation/v3/DDPM/exp03_x0pred/outputs/guided_scores.csv,2616,1baf09aedf96fbf8217049b9fee58bc12315e0fd4558f936d8856d792789dca6,source_bytes_read
topic_new26/topic_enhancer/guide_generation/v3/DDPM/exp03_x0pred/outputs/summary.txt,172,01accfedf74838b2d62a0534ef1b1c149aa9119b67585e52267b5ea94b545d84,source_bytes_read
topic_new26/topic_enhancer/guide_generation/v3/DDPM/exp03_x0pred/outputs/unguided.fasta,16890,e4807d3dbf08aaa2f1dc4ef90bf754dedd9e027f62d11357a491b185b338a3e3,source_bytes_read
topic_new26/topic_enhancer/guide_generation/v3/DDPM/exp03_x0pred/outputs/unguided_scores.csv,2631,de29f86ba8d2996e0e4c782f9ae1a0cc8023147f9f5ff2d6de112bba602ff10a,source_bytes_read
topic_new26/topic_enhancer/guide_generation/v3/DDPM/exp04_adam/eva.py,2379,3af74141fa2e638915e0d2fb39973ebb3c94f3f508a84972d06b8e18755c7255,source_bytes_read
topic_new26/topic_enhancer/guide_generation/v3/DDPM/exp04_adam/outputs/guided.fasta,16890,be8a592885cde7e48b743ac26e631a2e6536d91bb67cfdd9598ce9513e0073f1,source_bytes_read
topic_new26/topic_enhancer/guide_generation/v3/DDPM/exp04_adam/outputs/guided_scores.csv,2651,f74dd27dbe9a0d9b736bc3df37cbdbfb856ef4cdba4c900b556ed54ae39df5cf,source_bytes_read
topic_new26/topic_enhancer/guide_generation/v3/DDPM/exp04_adam/outputs/summary.txt,194,eeeb12abafc12422856e61a15d0f6a12bb3f189221945a3cb586c5aa58e33f3e,source_bytes_read
topic_new26/topic_enhancer/guide_generation/v3/DDPM/exp04_adam/outputs/unguided.fasta,16890,e4807d3dbf08aaa2f1dc4ef90bf754dedd9e027f62d11357a491b185b338a3e3,source_bytes_read
topic_new26/topic_enhancer/guide_generation/v3/DDPM/exp04_adam/outputs/unguided_scores.csv,2631,de29f86ba8d2996e0e4c782f9ae1a0cc8023147f9f5ff2d6de112bba602ff10a,source_bytes_read
topic_new26/topic_enhancer/guide_generation/v3/DDPM/exp05_sine/eva.py,2132,faa9d5ee80fe8a7dc29b373584e350a25dae6305275c67a5f2e33bcbb55160b4,source_bytes_read
topic_new26/topic_enhancer/guide_generation/v3/DDPM/exp05_sine/outputs/guided.fasta,16890,2b8fca88141b47f746a775a695d99793558c9fb36792d8a42c63cb6f2b83de61,source_bytes_read
topic_new26/topic_enhancer/guide_generation/v3/DDPM/exp05_sine/outputs/guided_scores.csv,2640,4f96ccb184e57ee8e434991bacc699a00d9aca9ccc9b8747838e81fab38aba41,source_bytes_read
topic_new26/topic_enhancer/guide_generation/v3/DDPM/exp05_sine/outputs/summary.txt,174,ac2926ca8c50665e6825c9c25364080bb910642b554fb1e9312241cedfefd7f7,source_bytes_read
topic_new26/topic_enhancer/guide_generation/v3/DDPM/exp05_sine/outputs/unguided.fasta,16890,e4807d3dbf08aaa2f1dc4ef90bf754dedd9e027f62d11357a491b185b338a3e3,source_bytes_read
topic_new26/topic_enhancer/guide_generation/v3/DDPM/exp05_sine/outputs/unguided_scores.csv,2631,de29f86ba8d2996e0e4c782f9ae1a0cc8023147f9f5ff2d6de112bba602ff10a,source_bytes_read
topic_new26/topic_enhancer/guide_generation/v3/DDPM/exp06_poststep/eva.py,2229,3bce93af316be70fe3ef53d0244c5d1bbd3c88758cf9f38c2ed84c9115d4ec35,source_bytes_read
topic_new26/topic_enhancer/guide_generation/v3/DDPM/exp06_poststep/outputs/guided.fasta,16890,91355de872bb21df9a607796633a0374d0cfc47d4468851c19ae2eb18234f780,source_bytes_read
topic_new26/topic_enhancer/guide_generation/v3/DDPM/exp06_poststep/outputs/guided_scores.csv,2609,59b6c623c32a376c58f5902951bc65f0094f865a9e63bd3e345568cd943d7ba0,source_bytes_read
topic_new26/topic_enhancer/guide_generation/v3/DDPM/exp06_poststep/outputs/summary.txt,195,4bfacea8683deec8fac34d9b9c8b9061490b7d52fcd5ac0830bace98ff21ce56,source_bytes_read
topic_new26/topic_enhancer/guide_generation/v3/DDPM/exp06_poststep/outputs/unguided.fasta,16890,e4807d3dbf08aaa2f1dc4ef90bf754dedd9e027f62d11357a491b185b338a3e3,source_bytes_read
topic_new26/topic_enhancer/guide_generation/v3/DDPM/exp06_poststep/outputs/unguided_scores.csv,2631,de29f86ba8d2996e0e4c782f9ae1a0cc8023147f9f5ff2d6de112bba602ff10a,source_bytes_read
topic_new26/topic_enhancer/guide_generation/v3/DDPM/exp06_poststep/result.out,38000,21559f44874e8a039e3353ba886254044bd06d33e6ac5a0205a89bcd7b06ce9d,source_bytes_read
topic_new26/topic_enhancer/guide_generation/v3/results_summary.csv,1315,9c94c88fc62eed944cc368bc1c8ee34de58c7ea84b1797eed859a01bacb7e6fa,source_bytes_read
topic_new26/topic_enhancer/model_about/DDPM/v1/dataset.py,2213,1cfbabb66a317291751a4ba1734eabb8567b600863c1915dc0d311a7e8995c14,source_bytes_read
topic_new26/topic_enhancer/model_about/DDPM/v1/gen.py,2196,18be7ddb6f2125971eb178065bbda267eaa50d3c415eedab236c8927e121c7b9,source_bytes_read
topic_new26/topic_enhancer/model_about/DDPM/v1/model.py,9251,94296204d53077b17031b6d6f9c4c139c08cc5917c720580244e438ab81d3474,source_bytes_read
topic_new26/topic_enhancer/model_about/DDPM/v1/train.py,3596,f1407a97c9437ba024a8c597661b58414805d3c615dbe36e63a8b493c942944e,source_bytes_read
topic_new26/topic_enhancer/model_about/DDPM/v1/utils.py,7372,13aae837564eb9492f9f9ac0e7bacec5a7e78eea680e20caa88759bd9eec8ef4,source_bytes_read
topic_new26/topic_enhancer/model_about/predict_model/dataset.py,2051,8827ba4684f203f22218da26f05dcd6450cdc27e55e5f4b77326c77ba44cdcf5,source_bytes_read
topic_new26/topic_enhancer/model_about/predict_model/predict_model.py,3087,93d5d3294ff671a06a554a4ad03ccebb554d6a07aac88dc7bbba0db8da79ac66,source_bytes_read
topic_new26/topic_enhancer/model_about/predict_model/train.py,6121,2b7540001b0c9be082867a5a35c90dfbe38dda7e96a7ce83277bcdd2bf4adc8f,source_bytes_read
topic_new26/topic_enhancer/model_about/project_PredictModel/dataset.py,1888,5ac2232b7fb3ad7bcefdf51eb28e7d13bd8fca3434159bb75c7b5b82d8bb32f8,source_bytes_read
topic_new26/topic_enhancer/model_about/project_PredictModel/model.py,4094,86b8e5760a6afd4cfc2eee38dd1125fbf71acd84a0932ec939a975b622ddf8cb,source_bytes_read
topic_new26/topic_enhancer/model_about/project_PredictModel/train.py,6711,c33fa1b7f979abb3c15edb265d3d66ff832f6b9cdbf41e4a7962bb8eaf8e88b6,source_bytes_read
topic_new26/topic_enhancer/model_about/project_PredictModel/utils.py,848,33cf8e17a0b5a34d464fc9f5b01948ffdfe190b54359997f600641e05c64ec92,source_bytes_read
topic_new26_aiCode/2026/07/08/guided_generation_maize_35s_three_directions/guided_generation_three_directions.py,31638,382fee5bb9960c1e2bb15cd7ab65c99fd7bd474d5c1b7bef80c24ef0de89a3a4,source_bytes_read
topic_new26_aiCode/2026/07/08/guided_generation_maize_35s_three_directions/output_both/classifier_guidance_both/predictions.csv,454593,bc225ce66195d8e1fed5dac3726eed4e2fc7e5a4d58d51f614141eae32a8e842,source_bytes_read
topic_new26_aiCode/2026/07/08/guided_generation_maize_35s_three_directions/output_both/classifier_guidance_both/summary.json,1024,6b2a98f456c5ad7fb57e605b847844e059d0d92e7acb1a31c8eb10ef1df99002,source_bytes_read
topic_new26_aiCode/2026/07/08/guided_generation_maize_35s_three_directions/output_down/classifier_guidance_down/predictions.csv,452852,46641d7ccc83068f9be41be4fa52378f2d8c88e3e7f5114d301128b9aa06daab,source_bytes_read
topic_new26_aiCode/2026/07/08/guided_generation_maize_35s_three_directions/output_down/classifier_guidance_down/summary.json,1019,a94a2f9b578610cb482aaf8bfcf3e042b12d912ec3969c99d5420bfdbae0f578,source_bytes_read
topic_new26_aiCode/2026/07/08/guided_generation_maize_35s_three_directions/output_up/classifier_guidance_up/predictions.csv,450561,e0dbcf628850e02fab8606c35ee712bcf8f5a16d7c437bea18086ae8261158d9,source_bytes_read
topic_new26_aiCode/2026/07/08/guided_generation_maize_35s_three_directions/output_up/classifier_guidance_up/summary.json,1019,22dbe039044f86839c6c5a52149991d9d225cbade37fd20c7573ef4c94b23419,source_bytes_read
topic_new26_aiCode/2026/07/08/guided_generation_maize_35s_three_directions/summary_classification/README.md,5564,03a4888c98e1731423f739a7e15bd8dfecc7a11f4bba58b4f5e0610da69d91cf,source_bytes_read
topic_new26_aiCode/2026/07/08/guided_generation_maize_35s_three_directions/summary_classification/above_both.csv,140396,ac719a94b040a930a66c7e2fa77517be8b9c0f345d71270701e0b97d536c5f8e,source_bytes_read
topic_new26_aiCode/2026/07/08/guided_generation_maize_35s_three_directions/summary_classification/above_downstream.csv,631198,3e0c73205bc587a573a4be1977648ceb1ca2387f75ce83574ef5342e4164ed59,source_bytes_read
topic_new26_aiCode/2026/07/08/guided_generation_maize_35s_three_directions/summary_classification/above_upstream.csv,775734,c1a74af5861bdfc5a4e6682d4cfed91b93f99ce53b6c9df9d751fa9c0c89da6a,source_bytes_read
topic_new26_aiCode/2026/07/08/guided_generation_maize_35s_three_directions/task_record.md,3146,8c50282499e1d9b8bd66c038c505aff6de3495e43a548f64cc38781695d1f2ee,source_bytes_read
topic_new26_aiCode/2026/07/23/analysis_07_08_vs_07_15/task_record.md,1638,4decb461603f0cb0cbd26fd4ee918c3ddd148618b2cdd2906d07c52df372851a,source_bytes_read
topic_new26_aiCode/2026/07/24/epoch_sweep/log_e2000.out,10396,adf19559a6ae8561f88724ff7f827040bcf7536ec3def563720316927710f3f9,source_bytes_read
topic_new26_aiCode/2026/07/24/epoch_sweep/slurm/epoch_2000.slurm,1377,82b7464f18cc70217b856ab41b218a59e0b4f406cdad4d1386ef1d43e14561eb,source_bytes_read
topic_new26_aiCode/2026/07/24/epoch_sweep/unguided_epoch_scores.csv,4133,021bfa6389a97dac67ab89a6fd33f2f12931d37a0f10a2cff97b5b027456e56b,source_bytes_read
topic_new26_aiCode/2026/08/04/credible_threshold/credible_threshold_comparison.csv,5070,63a56f2783ef1fd4429801473637c70c4b788a2afb596f39876e4da845dcde8f,source_bytes_read
topic_new26_aiCode/2026/08/04/credible_threshold/predict_real_and_compare.py,5584,f0ceec984bed4190446f4948057e21e460cfe388856e9c9102c6596e6d933b5a,source_bytes_read
topic_new26_aiCode/2026/08/04/credible_threshold/real_pred_comparison.csv,538894,8a6550ca89133f604a4b1dec7403f73a1ef0cc9a27f943ee99ad305babda22d1,source_bytes_read
topic_new26_aiCode/2026/08/04/credible_threshold/reevaluate_credible_thresholds.py,1775,6c5cdad77097331cb9f975ca2a5fd7db623ca7d0c0c5cbd9d110fa6857bdbd3d,source_bytes_read
topic_new26_aiCode/2026/08/04/maize_guided_epoch_sweep/aggregate_guided_scores.py,2404,9bb2c3f5ec008fdeb3cc2cc67355283fff5e3271dfec080e14a42ebf9bb6f629,source_bytes_read
topic_new26_aiCode/2026/08/04/maize_guided_epoch_sweep/e100/both/classifier_guidance_both/predictions.csv,113128,5fa9bd04ff4b91907df585189d574d251bf8024a86690398f6bbc5b2ee7a045e,source_bytes_read
topic_new26_aiCode/2026/08/04/maize_guided_epoch_sweep/e100/down/classifier_guidance_down/predictions.csv,112865,23b8f96b6828b6aa39c755c488b4a463e2381b8280fbf554dce4bf0b2839727a,source_bytes_read
topic_new26_aiCode/2026/08/04/maize_guided_epoch_sweep/e100/up/classifier_guidance_up/predictions.csv,112288,ef2d800f54b66e47cc6efbbce5d62feb05ba42e113dc6b588c5bda3f76a9674c,source_bytes_read
topic_new26_aiCode/2026/08/04/maize_guided_epoch_sweep/e1000/both/classifier_guidance_both/predictions.csv,113257,57bb2bee6ec1aea27beab8d8d907489f31f6e92e3790e07d30b20961dc7cd595,source_bytes_read
topic_new26_aiCode/2026/08/04/maize_guided_epoch_sweep/e1000/down/classifier_guidance_down/predictions.csv,112923,afadd83af94f1b4f70451d98820ff4dd2822998c4b7245ec08d55da4953dd6cb,source_bytes_read
topic_new26_aiCode/2026/08/04/maize_guided_epoch_sweep/e1000/up/classifier_guidance_up/predictions.csv,112300,8a00866b20135ac021488beb0c1f83df9c435f206cd38106d507d3349eb4d0d0,source_bytes_read
topic_new26_aiCode/2026/08/04/maize_guided_epoch_sweep/e1050/both/classifier_guidance_both/predictions.csv,113177,c0cb931fc340096ee3e31af00e9a62caa4eb1c642d02803d071201340507726e,source_bytes_read
topic_new26_aiCode/2026/08/04/maize_guided_epoch_sweep/e1050/down/classifier_guidance_down/predictions.csv,112912,894bc3e92f0da495ecf47b0f2e03ebf8d91b97ff4e0c22bbe5be152e3f8e2583,source_bytes_read
topic_new26_aiCode/2026/08/04/maize_guided_epoch_sweep/e1050/up/classifier_guidance_up/predictions.csv,112309,2fc46e0650a28a38b834e9baef075c6a52d43fb669ba8247f280023376c45f5b,source_bytes_read
topic_new26_aiCode/2026/08/04/maize_guided_epoch_sweep/e1100/both/classifier_guidance_both/predictions.csv,113341,05b01c742d5119df7418d65013d5a5b75c98ddc056340efb8a3210eb113be826,source_bytes_read
topic_new26_aiCode/2026/08/04/maize_guided_epoch_sweep/e1100/down/classifier_guidance_down/predictions.csv,112900,57d266f28f187ba8123d5f05443a7276d8c0519a7006cde2ac4bec1eef699650,source_bytes_read
topic_new26_aiCode/2026/08/04/maize_guided_epoch_sweep/e1100/up/classifier_guidance_up/predictions.csv,112303,402ec65772aca6c8d3b58ebb9dafde79ed8d8d7b2a9838b9eb2b3d1a55a17938,source_bytes_read
topic_new26_aiCode/2026/08/04/maize_guided_epoch_sweep/e1150/both/classifier_guidance_both/predictions.csv,113326,d9d09765f987f6ec66dd5bd0ec79353476fad5f95f16655949097ba30aed0f21,source_bytes_read
topic_new26_aiCode/2026/08/04/maize_guided_epoch_sweep/e1150/down/classifier_guidance_down/predictions.csv,112930,14bb5acc89325fb599b329a3b831d2f281266524e06961b1513706ef3fe07a68,source_bytes_read
topic_new26_aiCode/2026/08/04/maize_guided_epoch_sweep/e1150/up/classifier_guidance_up/predictions.csv,112336,ae907ba6ade8fcc7633d2d0559f0fb4ea383cf81924df8cdd1cff933b7129e22,source_bytes_read
topic_new26_aiCode/2026/08/04/maize_guided_epoch_sweep/e1200/both/classifier_guidance_both/predictions.csv,113337,91b5a37426634db13d92e1fd43ba0846dd4ec62dcc2a676b1cd3393471fac7d3,source_bytes_read
topic_new26_aiCode/2026/08/04/maize_guided_epoch_sweep/e1200/down/classifier_guidance_down/predictions.csv,112932,4ef32f95210a86d4f91ceba0622ef473c4d63889990552478baa23ca5a2475ad,source_bytes_read
topic_new26_aiCode/2026/08/04/maize_guided_epoch_sweep/e1200/up/classifier_guidance_up/predictions.csv,112320,e51ca501301e9a0b979707f5bd70cc222f657c505b922591d8c0fc1ad65dc629,source_bytes_read
topic_new26_aiCode/2026/08/04/maize_guided_epoch_sweep/e1250/both/classifier_guidance_both/predictions.csv,112987,dd3e6eca1ddeaedd4ec2a10d70acc5cb5544ee3ddb6cbc8865898b9e6a795252,source_bytes_read
topic_new26_aiCode/2026/08/04/maize_guided_epoch_sweep/e1250/down/classifier_guidance_down/predictions.csv,112955,1d419e50dd5211c04d0f75e556745ec7ca5400997baea87abdd33f5e7f0ac312,source_bytes_read
topic_new26_aiCode/2026/08/04/maize_guided_epoch_sweep/e1250/up/classifier_guidance_up/predictions.csv,112246,58d4b6b2b1c5801191e90f5dab63cdb33ad8869ba45e37a7934b448610e57e45,source_bytes_read
topic_new26_aiCode/2026/08/04/maize_guided_epoch_sweep/e1300/both/classifier_guidance_both/predictions.csv,113322,3334f7137f6a99e0d89eadf0d39e670a8542f4ed654afb1aeaf39c60d6823aa8,source_bytes_read
topic_new26_aiCode/2026/08/04/maize_guided_epoch_sweep/e1300/down/classifier_guidance_down/predictions.csv,112953,af5a0ecb32034278b3cf06dea4074a9bee8d6ce1e422c22929671ec3e26300c7,source_bytes_read
topic_new26_aiCode/2026/08/04/maize_guided_epoch_sweep/e1300/up/classifier_guidance_up/predictions.csv,112355,306887066090633ad113d9d1d4cdf18ea6394e8063c808202e566b14fba63561,source_bytes_read
topic_new26_aiCode/2026/08/04/maize_guided_epoch_sweep/e1350/both/classifier_guidance_both/predictions.csv,113020,78bf96951b6ec5e5b5ac7243e62eb946098d402e0a5156d9d1ca0a79638fb541,source_bytes_read
topic_new26_aiCode/2026/08/04/maize_guided_epoch_sweep/e1350/down/classifier_guidance_down/predictions.csv,112897,053e35727d6e2490d8240e6a0a8f9c38fd1d9bc3c01ae5a43130f0ffe2d8e486,source_bytes_read
topic_new26_aiCode/2026/08/04/maize_guided_epoch_sweep/e1350/up/classifier_guidance_up/predictions.csv,112250,86ea8c42c29da3dd062138b7eb5880ad9e6a7fd7cff93543a01f696694c590a4,source_bytes_read
topic_new26_aiCode/2026/08/04/maize_guided_epoch_sweep/e1400/both/classifier_guidance_both/predictions.csv,113164,31719ed127e9a739479c73ad11d6e2b334e41c095eaec0b7b0587dcbc92ac5b6,source_bytes_read
topic_new26_aiCode/2026/08/04/maize_guided_epoch_sweep/e1400/down/classifier_guidance_down/predictions.csv,112927,c261d5eb3e6d8a8469446aacb129d5a19a5eaabc6cfedcc4f3faa698ea8f8683,source_bytes_read
topic_new26_aiCode/2026/08/04/maize_guided_epoch_sweep/e1400/up/classifier_guidance_up/predictions.csv,112321,1ed5465e53d398e132fd5794df9bc3f62a15912f84593ab440c8e126ed06bc91,source_bytes_read
topic_new26_aiCode/2026/08/04/maize_guided_epoch_sweep/e1450/both/classifier_guidance_both/predictions.csv,113365,02821bb12e697a11b5d22453ecf99975dada354de107cf7d8e77ebe46c61e5d9,source_bytes_read
topic_new26_aiCode/2026/08/04/maize_guided_epoch_sweep/e1450/down/classifier_guidance_down/predictions.csv,112920,375ddda2ef09b1dc44f6c79089ac69126b139a4780e593ae00d6e2838c429e17,source_bytes_read
topic_new26_aiCode/2026/08/04/maize_guided_epoch_sweep/e1450/up/classifier_guidance_up/predictions.csv,112340,86c127440aab5e06d2f99ef082fd3fa0c63d61bcdf98badcc4abb953f3563b60,source_bytes_read
topic_new26_aiCode/2026/08/04/maize_guided_epoch_sweep/e150/both/classifier_guidance_both/predictions.csv,113007,f381bf000ee5b65995f91619733b6a49a7d3711430925abbfe44545d2de94551,source_bytes_read
topic_new26_aiCode/2026/08/04/maize_guided_epoch_sweep/e150/down/classifier_guidance_down/predictions.csv,112858,b59b3105c076aea2ebcdee431936da636285c2b512326ee39aa904a6327242b3,source_bytes_read
topic_new26_aiCode/2026/08/04/maize_guided_epoch_sweep/e150/up/classifier_guidance_up/predictions.csv,112230,43e04c8d21fb00bc8743a4e09b39ef9f2fe4505f24ce36ae113cbeaa42feb8a9,source_bytes_read
topic_new26_aiCode/2026/08/04/maize_guided_epoch_sweep/e1500/both/classifier_guidance_both/predictions.csv,113125,c5775b71c92cf2e39bae8638dc80ed9a444fae142ece994964c282acdbfdf6f7,source_bytes_read
topic_new26_aiCode/2026/08/04/maize_guided_epoch_sweep/e1500/both/guide_both.log,2347,c80618d4f297c4de24f91e9605ee72a88ef7e44b5361ca9b47bab9dd0b184537,source_bytes_read
topic_new26_aiCode/2026/08/04/maize_guided_epoch_sweep/e1500/both/summary.json,1621,c6b1444d2eb1942a3e7f852ad50ff545b135c62a96cf7000d1e870461b341e1f,source_bytes_read
topic_new26_aiCode/2026/08/04/maize_guided_epoch_sweep/e1500/down/classifier_guidance_down/predictions.csv,112894,3fb2654e36abffdf5466f968d7bc0f0a0fc531837086c33522630f95781008d6,source_bytes_read
topic_new26_aiCode/2026/08/04/maize_guided_epoch_sweep/e1500/up/classifier_guidance_up/predictions.csv,112279,ad6ca6287c88ec7e98407dd277e12f2a1d82254cfe2e3165b26fb661f117aa41,source_bytes_read
topic_new26_aiCode/2026/08/04/maize_guided_epoch_sweep/e1550/both/classifier_guidance_both/predictions.csv,113242,0e6266598fc1f2932f94e92ebc0b47e57b03e8b6875986478959d3dc76039424,source_bytes_read
topic_new26_aiCode/2026/08/04/maize_guided_epoch_sweep/e1550/down/classifier_guidance_down/predictions.csv,112886,b9c18698294eb64043199eb004f9b74e1128e56b2da072048fdd4920754d2c94,source_bytes_read
topic_new26_aiCode/2026/08/04/maize_guided_epoch_sweep/e1550/up/classifier_guidance_up/predictions.csv,112317,74334fabc71bf91670f5f04d6236abddef2073cb967e1305bac9b708c47ae77b,source_bytes_read
topic_new26_aiCode/2026/08/04/maize_guided_epoch_sweep/e1600/both/classifier_guidance_both/predictions.csv,113332,83846f0490b790a5d3663d3214eb52c4b31afcca52f2557273f6b5e6717a0e76,source_bytes_read
topic_new26_aiCode/2026/08/04/maize_guided_epoch_sweep/e1600/down/classifier_guidance_down/predictions.csv,112939,37893fe2d9fb8bcf1142297f89e34704c9efe0e75e5a391b259ba05a71ccd921,source_bytes_read
topic_new26_aiCode/2026/08/04/maize_guided_epoch_sweep/e1600/up/classifier_guidance_up/predictions.csv,112340,b76f90ade627df28dd1817c0038acd5284b73fa2521b6ec47d86dbd3acb8ce2f,source_bytes_read
topic_new26_aiCode/2026/08/04/maize_guided_epoch_sweep/e1650/both/classifier_guidance_both/predictions.csv,113373,4bf7ea9e10434f371398dba2f88760c8a270e8e789c1e7d90cc35aaec5503440,source_bytes_read
topic_new26_aiCode/2026/08/04/maize_guided_epoch_sweep/e1650/down/classifier_guidance_down/predictions.csv,112926,59eaccbbd1df162333cb350784a38bb102f48be7f51149c9b06bcd712f6e980e,source_bytes_read
topic_new26_aiCode/2026/08/04/maize_guided_epoch_sweep/e1650/up/classifier_guidance_up/predictions.csv,112354,c589e68ca9e51a0f3f8645602f80b47d356d0e94d74b4e65fb4c2c2e3d652ffb,source_bytes_read
topic_new26_aiCode/2026/08/04/maize_guided_epoch_sweep/e1700/both/classifier_guidance_both/predictions.csv,113341,8840502990791a08f7847f955093dc91245b5edf319e2b74c06e8a3fcfe62de1,source_bytes_read
topic_new26_aiCode/2026/08/04/maize_guided_epoch_sweep/e1700/down/classifier_guidance_down/predictions.csv,112950,022e88c01becc660ffc2496fe22b11ce1ef987e0d8f453cbbd6e0290383dd2e9,source_bytes_read
topic_new26_aiCode/2026/08/04/maize_guided_epoch_sweep/e1700/up/classifier_guidance_up/predictions.csv,112345,42149e1df5b71d192a590de4983dfb26f7cbf12de2ed4f754650be04be9cc8cc,source_bytes_read
topic_new26_aiCode/2026/08/04/maize_guided_epoch_sweep/e1750/both/classifier_guidance_both/predictions.csv,113244,bea3a1b3bc72b990b761cb516139601b691f4539ffbbfe16458220677b0baf54,source_bytes_read
topic_new26_aiCode/2026/08/04/maize_guided_epoch_sweep/e1750/down/classifier_guidance_down/predictions.csv,112908,f537144fd364d3f59e1fe7560db332cfa14ca90d87f2fcfa01bb97b23876748f,source_bytes_read
topic_new26_aiCode/2026/08/04/maize_guided_epoch_sweep/e1750/up/classifier_guidance_up/predictions.csv,112308,94cc0900afb686f2a0aba90a3b0821c4871d3b8de2bdddac0d0d6306a1502120,source_bytes_read
topic_new26_aiCode/2026/08/04/maize_guided_epoch_sweep/e1800/both/classifier_guidance_both/predictions.csv,113332,42e69c32a2b90d750c38f6f3e2081b79527aad5885823aed3a2cb5aff883981e,source_bytes_read
topic_new26_aiCode/2026/08/04/maize_guided_epoch_sweep/e1800/down/classifier_guidance_down/predictions.csv,112936,a182a67af4fff5e46d13e7aa2f9a2472f18ab803ca2d8b6df990ebd07757aa0a,source_bytes_read
topic_new26_aiCode/2026/08/04/maize_guided_epoch_sweep/e1800/up/classifier_guidance_up/predictions.csv,112331,af9ad9cbd51ca85846b37023bb6b1fc8021e24f76156f860d9a50bd16f02b050,source_bytes_read
topic_new26_aiCode/2026/08/04/maize_guided_epoch_sweep/e1850/both/classifier_guidance_both/predictions.csv,113346,7689d7f6b1306a816e5d5b95e308b7c5cfa16075b1023a5304ccb4b9c8fa14ce,source_bytes_read
topic_new26_aiCode/2026/08/04/maize_guided_epoch_sweep/e1850/down/classifier_guidance_down/predictions.csv,112911,ecaee58374c8b63e5e7d19840d94be2b132d5567ea68c9f1709bdd93db0ccaa0,source_bytes_read
topic_new26_aiCode/2026/08/04/maize_guided_epoch_sweep/e1850/up/classifier_guidance_up/predictions.csv,112376,dda72550195c904d5e86d80f814af464b570a9fe696cdb4e5886704b049ace36,source_bytes_read
topic_new26_aiCode/2026/08/04/maize_guided_epoch_sweep/e1900/both/classifier_guidance_both/predictions.csv,113150,e603e93385b3b15dcdd31f0891cc4745c80ea3da0cf44c0af3f60d76b8c6a8b9,source_bytes_read
topic_new26_aiCode/2026/08/04/maize_guided_epoch_sweep/e1900/down/classifier_guidance_down/predictions.csv,112913,bf392ecab2f0d6b695c60a5c3ccb73d25593af40ef251ebdbe10dea57ca0552e,source_bytes_read
topic_new26_aiCode/2026/08/04/maize_guided_epoch_sweep/e1900/up/classifier_guidance_up/predictions.csv,112294,a068bf1a18c987ff44241cf4eb722c60fec830e63b58d177f736bab4328845f2,source_bytes_read
topic_new26_aiCode/2026/08/04/maize_guided_epoch_sweep/e1950/both/classifier_guidance_both/predictions.csv,113153,e239c52abee902ce6a726f35a799636e7200a7a867d6377be88f4116c05d1388,source_bytes_read
topic_new26_aiCode/2026/08/04/maize_guided_epoch_sweep/e1950/down/classifier_guidance_down/predictions.csv,112933,f5956db200623ad7d240e9dc040ac811c917a8d1f04ad5f6f441f2afca0e585c,source_bytes_read
topic_new26_aiCode/2026/08/04/maize_guided_epoch_sweep/e1950/up/classifier_guidance_up/predictions.csv,112318,e6ff367dd67fed0537f83ea436c7d4712caf92d9d40894e7897db650cab14ed1,source_bytes_read
topic_new26_aiCode/2026/08/04/maize_guided_epoch_sweep/e200/both/classifier_guidance_both/predictions.csv,112950,7dbe153f4abcf6955a49b624f3bd80c8bcc05b721130988ee9cf8c92d27fbc52,source_bytes_read
topic_new26_aiCode/2026/08/04/maize_guided_epoch_sweep/e200/down/classifier_guidance_down/predictions.csv,112903,641782b15c43f12ec3b1e02a61b3093ea703689ca0cb9f8ae1df9f5c8a2feaa4,source_bytes_read
topic_new26_aiCode/2026/08/04/maize_guided_epoch_sweep/e200/up/classifier_guidance_up/predictions.csv,112061,73545353d4752d9fcdb3cbbccd4f2a901cbbf68ed3f0b349ea4352a2766894b6,source_bytes_read
topic_new26_aiCode/2026/08/04/maize_guided_epoch_sweep/e2000/both/classifier_guidance_both/predictions.csv,113314,47550a6033543cc5ed5312162c271022f0533a6c70d365503da2d00dd8396014,source_bytes_read
topic_new26_aiCode/2026/08/04/maize_guided_epoch_sweep/e2000/down/classifier_guidance_down/predictions.csv,112914,87ee5fa85130eb6044ea7242ef8d1c38460e95d8669b6b465d82bb188e0cb05f,source_bytes_read
topic_new26_aiCode/2026/08/04/maize_guided_epoch_sweep/e2000/up/classifier_guidance_up/predictions.csv,112344,672957dffb87f60394baaf9beb8aae69e5c7b2b22061b4ca31f269fb334d87f2,source_bytes_read
topic_new26_aiCode/2026/08/04/maize_guided_epoch_sweep/e250/both/classifier_guidance_both/predictions.csv,112985,90550f9d8691b791b576bdcd2446ed81371e6ad7f4509399da7f08dffb9a9788,source_bytes_read
topic_new26_aiCode/2026/08/04/maize_guided_epoch_sweep/e250/down/classifier_guidance_down/predictions.csv,112872,d57aee2eb90ed3df7043fe0ad31491a4207f32989ef7fa8a0072a0988a06c017,source_bytes_read
topic_new26_aiCode/2026/08/04/maize_guided_epoch_sweep/e250/up/classifier_guidance_up/predictions.csv,112195,cf2b708865ff9568e40e744bb0845dea72b5654c0aab191f4a662ea69489174a,source_bytes_read
topic_new26_aiCode/2026/08/04/maize_guided_epoch_sweep/e300/both/classifier_guidance_both/predictions.csv,113340,741f38e62b8e7c80d96ce02a87aa31cd7d7561aed608adad3968b4283095c4e2,source_bytes_read
topic_new26_aiCode/2026/08/04/maize_guided_epoch_sweep/e300/down/classifier_guidance_down/predictions.csv,112925,17a85aa4385209556b178f26db336557a977c87c8973fed8e60e85e798661294,source_bytes_read
topic_new26_aiCode/2026/08/04/maize_guided_epoch_sweep/e300/up/classifier_guidance_up/predictions.csv,112351,a768af33fbacb127469f0674f717ec184152303af7f152baab9cc61a6ae5da4a,source_bytes_read
topic_new26_aiCode/2026/08/04/maize_guided_epoch_sweep/e350/both/classifier_guidance_both/predictions.csv,113170,b173c97dd249c58b67ffd847ba00de958cffae1a946ee5aafbd672fe064913ab,source_bytes_read
topic_new26_aiCode/2026/08/04/maize_guided_epoch_sweep/e350/down/classifier_guidance_down/predictions.csv,112936,16a9cdfe17ff0211394eadab95096cf4c1b3836615507cce6c7faded02e8ed38,source_bytes_read
topic_new26_aiCode/2026/08/04/maize_guided_epoch_sweep/e350/up/classifier_guidance_up/predictions.csv,112310,0489caad53943f0e22b01893e75e108eb5fd4ce3f692e2368d7977d812b1a389,source_bytes_read
topic_new26_aiCode/2026/08/04/maize_guided_epoch_sweep/e400/both/classifier_guidance_both/predictions.csv,112981,672a3909280e7c2f989f4f93708ae6abd087bf8d91d8fb2444196571daa2821e,source_bytes_read
topic_new26_aiCode/2026/08/04/maize_guided_epoch_sweep/e400/down/classifier_guidance_down/predictions.csv,112933,88d38f192d9a18aab78bf2bdc707f6d5a02021e0d14b159fec1378dad354826f,source_bytes_read
topic_new26_aiCode/2026/08/04/maize_guided_epoch_sweep/e400/up/classifier_guidance_up/predictions.csv,112233,f5f6b50f65a69b0372df2ab82b93781d57cfa3e38dc9f97e3f9a00647bcaf19d,source_bytes_read
topic_new26_aiCode/2026/08/04/maize_guided_epoch_sweep/e450/both/classifier_guidance_both/predictions.csv,113320,e3cac81aeb2d3e49b1a845740479da7cfa35d6b517f2b2cabe61cf6e000671f0,source_bytes_read
topic_new26_aiCode/2026/08/04/maize_guided_epoch_sweep/e450/down/classifier_guidance_down/predictions.csv,112938,45328ba0cd8199bac47f1666a96e5395abaa3939642aa8e225ac415e656520d3,source_bytes_read
topic_new26_aiCode/2026/08/04/maize_guided_epoch_sweep/e450/up/classifier_guidance_up/predictions.csv,112360,572b5e1c1a25f7dc0a557a222a82bd38cc695b7614a7befe138bd040ab7890cb,source_bytes_read
topic_new26_aiCode/2026/08/04/maize_guided_epoch_sweep/e50/both/classifier_guidance_both/predictions.csv,113340,208149b5269f2771eae51105695e4084be73ef9b434892d1e3d3301e5aa5802e,source_bytes_read
topic_new26_aiCode/2026/08/04/maize_guided_epoch_sweep/e50/down/classifier_guidance_down/predictions.csv,112936,0a1ac9cacab59f3eba6b6a46d7c92768bdc90d38ec9c510f9ef76d586615ad8b,source_bytes_read
topic_new26_aiCode/2026/08/04/maize_guided_epoch_sweep/e50/up/classifier_guidance_up/predictions.csv,112337,82dae5042508d6810af9b7e7433a830dc25dc2f6070488d0b732bbbe1d3f2e45,source_bytes_read
topic_new26_aiCode/2026/08/04/maize_guided_epoch_sweep/e500/both/classifier_guidance_both/predictions.csv,113123,6651801ae9e420b145f8c281af0c1764bfee132ecdf48f5a0a0feba810003f15,source_bytes_read
topic_new26_aiCode/2026/08/04/maize_guided_epoch_sweep/e500/down/classifier_guidance_down/predictions.csv,112943,0cc1a2907d61f927ad1ab58971a7f12d118b040a77be9d3d292efe4ce301856a,source_bytes_read
topic_new26_aiCode/2026/08/04/maize_guided_epoch_sweep/e500/up/classifier_guidance_up/predictions.csv,112308,80ec55ac682022ba38d64f9ba913abecb8349cefb5a61c87e1e99f118c4c1870,source_bytes_read
topic_new26_aiCode/2026/08/04/maize_guided_epoch_sweep/e550/both/classifier_guidance_both/predictions.csv,113179,3395992a5f929c730bd285734efd0106ff042f87c6f917ca99413ea67e68eed9,source_bytes_read
topic_new26_aiCode/2026/08/04/maize_guided_epoch_sweep/e550/down/classifier_guidance_down/predictions.csv,112956,740eab44c493619461150569e451777f89cd89b0b9411a90ab8d48ae0518e4fd,source_bytes_read
topic_new26_aiCode/2026/08/04/maize_guided_epoch_sweep/e550/up/classifier_guidance_up/predictions.csv,112319,7bea75527d3260a3a6490267de442c6966694a8d507bc008a34b2c3467b064e3,source_bytes_read
topic_new26_aiCode/2026/08/04/maize_guided_epoch_sweep/e600/both/classifier_guidance_both/predictions.csv,113138,fa2a6821d13f2e056a447efc85084b062a63702f269188dbb61ba79ffe2ffd58,source_bytes_read
topic_new26_aiCode/2026/08/04/maize_guided_epoch_sweep/e600/down/classifier_guidance_down/predictions.csv,112926,cbb2b70ad9c113042886d64f20bc48b1eaf6a9bc515c9459e627c720b4ce406e,source_bytes_read
topic_new26_aiCode/2026/08/04/maize_guided_epoch_sweep/e600/up/classifier_guidance_up/predictions.csv,112323,d6c66d8db17d0585f8647164c38fdf166bb05483244528317badf575a23418a3,source_bytes_read
topic_new26_aiCode/2026/08/04/maize_guided_epoch_sweep/e650/both/classifier_guidance_both/predictions.csv,113280,37ab6a8284f6750079034bd5bba11c3e7222e5432b17f9322a690545b3f78a8d,source_bytes_read
topic_new26_aiCode/2026/08/04/maize_guided_epoch_sweep/e650/down/classifier_guidance_down/predictions.csv,112954,f4d30c02daa3fb12b626765c949b60161e9b458621dfef7da9c3d588ac9d0b53,source_bytes_read
topic_new26_aiCode/2026/08/04/maize_guided_epoch_sweep/e650/up/classifier_guidance_up/predictions.csv,112309,ec4cbc1950422598845576f024515a9ee6e03dc30e0cc2b95ba4a2cb11d92c87,source_bytes_read
topic_new26_aiCode/2026/08/04/maize_guided_epoch_sweep/e700/both/classifier_guidance_both/predictions.csv,113173,3dd56d01b00056d4b255d0651ef93d64aa3e12d8392d6feafbfbb56a6c827c47,source_bytes_read
topic_new26_aiCode/2026/08/04/maize_guided_epoch_sweep/e700/down/classifier_guidance_down/predictions.csv,112930,cb08ac8eb04298492e95c17e3de47cdca0f184a7c48c2b40c29c885ebb10d467,source_bytes_read
topic_new26_aiCode/2026/08/04/maize_guided_epoch_sweep/e700/up/classifier_guidance_up/predictions.csv,112315,af4c762aae19e1987c57582d1677d61829770b6758fb104844dee57fa5017caf,source_bytes_read
topic_new26_aiCode/2026/08/04/maize_guided_epoch_sweep/e750/both/classifier_guidance_both/predictions.csv,113357,be4acc769d1cb015cf093d22e948e506f9744fb28bff955140f0c5a391bc68d9,source_bytes_read
topic_new26_aiCode/2026/08/04/maize_guided_epoch_sweep/e750/down/classifier_guidance_down/predictions.csv,112937,52af7a243e4caa4edf78bb0b12b58de6ca26f364eb2112487b0615a57902ff76,source_bytes_read
topic_new26_aiCode/2026/08/04/maize_guided_epoch_sweep/e750/up/classifier_guidance_up/predictions.csv,112352,cfed2fc43beae3b46381a86c65db685a54457eac8d17b5515dc3d974a1957823,source_bytes_read
topic_new26_aiCode/2026/08/04/maize_guided_epoch_sweep/e800/both/classifier_guidance_both/predictions.csv,113337,7c325ec16ff5357f2c2663643cb86fdd88be9559d04a3ec88c3b3e34a48aeeb6,source_bytes_read
topic_new26_aiCode/2026/08/04/maize_guided_epoch_sweep/e800/down/classifier_guidance_down/predictions.csv,112945,5317a0e382c627e8d8341af94658a46db0dd527f01db2a5c060d804871519f41,source_bytes_read
topic_new26_aiCode/2026/08/04/maize_guided_epoch_sweep/e800/up/classifier_guidance_up/predictions.csv,112303,8bba9399c18914247940f9bd0a33d55b7da0673ad2f7c66c708ddaed6c22b671,source_bytes_read
topic_new26_aiCode/2026/08/04/maize_guided_epoch_sweep/e850/both/classifier_guidance_both/predictions.csv,113347,97fc79ad63cf4cd9d369da80deb5158b669f2a9b69a87cbd5d846d72c01de240,source_bytes_read
topic_new26_aiCode/2026/08/04/maize_guided_epoch_sweep/e850/down/classifier_guidance_down/predictions.csv,112976,4b70936541a8d3a5b0c7025b292b90be0c600690447aa2d915501984343ddc9d,source_bytes_read
topic_new26_aiCode/2026/08/04/maize_guided_epoch_sweep/e850/up/classifier_guidance_up/predictions.csv,112352,0ec7fff7e26133e07d23bad9ae8f2ce575974c9d523a00c896bb6de32d7f9174,source_bytes_read
topic_new26_aiCode/2026/08/04/maize_guided_epoch_sweep/e900/both/classifier_guidance_both/predictions.csv,113201,7ef3c56f6fa4db111ed4205de0d21c834e001216cd44a0d985f5f3b5545e4c48,source_bytes_read
topic_new26_aiCode/2026/08/04/maize_guided_epoch_sweep/e900/down/classifier_guidance_down/predictions.csv,112933,86476eb981d17ca7b3fd1d1dc5f6add9a3545fe24b2589121aaea51cc0b7e00c,source_bytes_read
topic_new26_aiCode/2026/08/04/maize_guided_epoch_sweep/e900/up/classifier_guidance_up/predictions.csv,112306,02880c44fc3164a8c0645177fa0d572b59d2dbcff7c0fc1d3d07c7b44cbed30d,source_bytes_read
topic_new26_aiCode/2026/08/04/maize_guided_epoch_sweep/e950/both/classifier_guidance_both/predictions.csv,112906,41dc5a72a16a0cc130584d0ef7a5932107e75eb7942c5f6c580e0ab5da918fa9,source_bytes_read
topic_new26_aiCode/2026/08/04/maize_guided_epoch_sweep/e950/down/classifier_guidance_down/predictions.csv,112960,657e567d04f69d5f46be5c02f8587fbca74ab22bf9af9ca41601a9a0c837eb12,source_bytes_read
topic_new26_aiCode/2026/08/04/maize_guided_epoch_sweep/e950/up/classifier_guidance_up/predictions.csv,111930,58c97050c09674d2a3fa633a9a6c6f8eef2e1757daaeed2c9f03b8a615c10db6,source_bytes_read
topic_new26_aiCode/2026/08/04/maize_guided_epoch_sweep/guided_epoch_scores.csv,15908,1cf4cfd5b9284d54dbeed516850baba91baf449a4c6d5ad12ecf8eadd7822531,source_bytes_read
topic_new26_aiCode/2026/08/04/maize_guided_epoch_sweep/maize_guided_sweep.py,27920,30be5be652a5685cc2b8efd2b57766e3d1f337a82825fadff42b79caea549253,source_bytes_read
topic_new26_aiCode/2026/08/04/maize_guided_epoch_sweep/new.csv,14276,981e57fd48461b7353f9f839b9d7dcab11dca6449897e2c6071bbbee640c40c4,source_bytes_read
topic_new26_aiCode/2026/08/04/maize_guided_epoch_sweep/reevaluate_with_real_thresholds.py,7109,6238550cd072d5c4a8007fc41e106a950e0f52d43e5582497ff1d336f34b388f,source_bytes_read
topic_new26_aiCode/2026/08/04/maize_guided_epoch_sweep/submit_maize_guided_array.slurm,1609,f4744b521edefed29350985b8806faf30a61afa6c37b6b23e7c268449811a0be,source_bytes_read
topic_new26/topic_enhancer/every_species/Ara/35s/down/DDPM/v1/gen_file/50.fasta,,3952c47e87e9330104d4bc06260b6b1e218f4a8f09594a2b097604ddaae0a593,file_hash_checked
topic_new26/topic_enhancer/every_species/Ara/35s/down/DDPM/v1/gen_file/100.fasta,,c40cf0a567aa503044f0363931b261251c79daac3a224a4bd5545d4d3560a05f,file_hash_checked
topic_new26/topic_enhancer/every_species/Ara/35s/down/DDPM/v1/gen_file/150.fasta,,ede20241584927eed54adf30a0b9cb205eadcd40286f0c4126df014072ce77de,file_hash_checked
topic_new26/topic_enhancer/every_species/Ara/35s/down/DDPM/v1/gen_file/200.fasta,,511c62a3736d7361fc106326f4df75a523211afa95602032f070d7b6cb571f5a,file_hash_checked
topic_new26/topic_enhancer/every_species/Ara/35s/down/DDPM/v1/gen_file/250.fasta,,51ee8be59ef7a0820aad82da99a3622de9e1699a9c374597e2db5a8a4e0b398d,file_hash_checked
topic_new26/topic_enhancer/every_species/Ara/35s/down/DDPM/v1/gen_file/300.fasta,,6e196aeec97b3269cf4bad42e3fd048973c50d52e8e8f1e6c73b60cb0d5059a7,file_hash_checked
topic_new26/topic_enhancer/every_species/Ara/35s/down/DDPM/v1/gen_file/350.fasta,,32f7e610238a27c38f4006b00cee1feace7a9bb4853fa48bf7bf3cc53df06d26,file_hash_checked
topic_new26/topic_enhancer/every_species/Ara/35s/down/DDPM/v1/gen_file/400.fasta,,6e40506a78d65161ae96942cc49b3242a89a778e265159c2c4f2b12761255aad,file_hash_checked
topic_new26/topic_enhancer/every_species/Ara/35s/down/DDPM/v1/gen_file/450.fasta,,d7845362af6b58dfa3e65c153757f902e42a75485de1ba0f4cfbef0061a8b4ec,file_hash_checked
topic_new26/topic_enhancer/every_species/Ara/35s/down/DDPM/v1/gen_file/500.fasta,,4046c8daf8404393b891834c0785a4df417bb5031f3c2efa61c51250e2b31663,file_hash_checked
topic_new26/topic_enhancer/every_species/Ara/35s/down/DDPM/v1/gen_file/550.fasta,,38a066da4e261d9fe0d5dc2e0aadf397a5b014eee6e5eb408702a06625423d13,file_hash_checked
topic_new26/topic_enhancer/every_species/Ara/35s/down/DDPM/v1/gen_file/600.fasta,,f39c857dd70d0510f1af11f7fa4f5a40d5b7c7e64cdaefdc09a5dd4651d3fc4a,file_hash_checked
topic_new26/topic_enhancer/every_species/Ara/35s/down/DDPM/v1/gen_file/650.fasta,,21fb7351782e06c2dd1b6eb813a6066f04710d4e8c664f0c4b4c3ba660710474,file_hash_checked
topic_new26/topic_enhancer/every_species/Ara/35s/down/DDPM/v1/gen_file/700.fasta,,85116dbb1e1410555f6a03d4bdb8ccff742b5adddd5174660e472dffe26f3390,file_hash_checked
topic_new26/topic_enhancer/every_species/Ara/35s/down/DDPM/v1/gen_file/750.fasta,,ad9a05c68be1d12355068816791660e72d7ff0fc044cfae87a8995b5d6281d64,file_hash_checked
topic_new26/topic_enhancer/every_species/Ara/35s/down/DDPM/v1/gen_file/800.fasta,,db40fef26bbba401dc4b5b8ad215b070367194ef9ecf3ddb664d06d48fa146e6,file_hash_checked
topic_new26/topic_enhancer/every_species/Ara/35s/down/DDPM/v1/gen_file/850.fasta,,3399212567ab28fc8cdae580768a63a39be028ed20749fca6424b3d370e603ae,file_hash_checked
topic_new26/topic_enhancer/every_species/Ara/35s/down/DDPM/v1/gen_file/900.fasta,,ce0d3899db0c67f0bf527e55df7fbb166a8d965478e868b46e599dd3b88683f0,file_hash_checked
topic_new26/topic_enhancer/every_species/Ara/35s/down/DDPM/v1/gen_file/950.fasta,,33b7388e7258c7f5242cc18f27e2beea2846d672a3c88b41fe7406cc0d7f5223,file_hash_checked
topic_new26/topic_enhancer/every_species/Ara/35s/down/DDPM/v1/gen_file/1000.fasta,,1239c2bb0e8b76b79d4cd3e32d3a9e366f46136790ad46eb09f81dea13a899a4,file_hash_checked
topic_new26/topic_enhancer/every_species/Ara/35s/down/DDPM/v1/gen_file/1050.fasta,,c05b774e9402c6da01efed3f6e0f544c6b74fc4650b648919df64a13d65f4c7f,file_hash_checked
topic_new26/topic_enhancer/every_species/Ara/35s/down/DDPM/v1/gen_file/1100.fasta,,70df4342fb75899c5f471fba835323c3a346a23cf97674c14f774a3c5893cc01,file_hash_checked
topic_new26/topic_enhancer/every_species/Ara/35s/down/DDPM/v1/gen_file/1150.fasta,,03cfa81fcaf571b920f23b549e655a02b119df044d6ca6e2b42aeeb724335a4d,file_hash_checked
topic_new26/topic_enhancer/every_species/Ara/35s/down/DDPM/v1/gen_file/1200.fasta,,f6a3b662136fa9d2dbf7e7d7c499585096b507c76dddb3a650e31c988c132364,file_hash_checked
topic_new26/topic_enhancer/every_species/Ara/35s/down/DDPM/v1/gen_file/1250.fasta,,08b44c6072dd0ca23a453861a5b48742a84a54da78f30fd35cb9684b4ad1e578,file_hash_checked
topic_new26/topic_enhancer/every_species/Ara/35s/down/DDPM/v1/gen_file/1300.fasta,,8b5d64fff9908c3bcf2dab676e9e61f204b77ec23e0457b791c0ae4073aeb08b,file_hash_checked
topic_new26/topic_enhancer/every_species/Ara/35s/down/DDPM/v1/gen_file/1350.fasta,,50dde6ab919b5c679eb071f9a48169257d21770bf2421127435395f669615e39,file_hash_checked
topic_new26/topic_enhancer/every_species/Ara/35s/down/DDPM/v1/gen_file/1400.fasta,,f5467cdca1e49b76d86bbdf2a1774433c51d8ef204db5bd3ef0463c665dfaab6,file_hash_checked
topic_new26/topic_enhancer/every_species/Ara/35s/down/DDPM/v1/gen_file/1450.fasta,,4ae0cfe1f3b9f04fd6a16dd7f3ee7e78c21457a2b248f19d0bd3d9a3c1c237ad,file_hash_checked
topic_new26/topic_enhancer/every_species/Ara/35s/down/DDPM/v1/gen_file/1500.fasta,,2afd4d6d349e5d78f3748c04eac424f8726838e789a12c1f4c7f8929905bd546,file_hash_checked
topic_new26/topic_enhancer/every_species/Ara/35s/down/DDPM/v1/gen_file/1550.fasta,,3d920ccf273b5a54e4ae9f13ae55fdd110060e4367a6e15dd0c5dcca53225de6,file_hash_checked
topic_new26/topic_enhancer/every_species/Ara/35s/down/DDPM/v1/gen_file/1600.fasta,,e3cdaa95d7fcc1536e8ae04404864f9a7b78a920cef0a36757981533809efe58,file_hash_checked
topic_new26/topic_enhancer/every_species/Ara/35s/down/DDPM/v1/gen_file/1650.fasta,,5f1b3c21880c49fea23b39359b190180bd5f6e0e058e60125e2ab0a3e695f1fe,file_hash_checked
topic_new26/topic_enhancer/every_species/Ara/35s/down/DDPM/v1/gen_file/1700.fasta,,583f53b60ac2224a2516c8b14430a4dbb32f52244795a353ec67d44ad5f8e83a,file_hash_checked
topic_new26/topic_enhancer/every_species/Ara/35s/down/DDPM/v1/gen_file/1750.fasta,,1d22f65f8addc68485d33327afb225bc599abb7226acba6d1c1e72b8796ff227,file_hash_checked
topic_new26/topic_enhancer/every_species/Ara/35s/down/DDPM/v1/gen_file/1800.fasta,,eb4a811a37757fb6a09ce6285e4c560c361b06cc3ef8fdc95454bbfbd50febc0,file_hash_checked
topic_new26/topic_enhancer/every_species/Ara/35s/down/DDPM/v1/gen_file/1850.fasta,,1fb9b7962510e9decd4e7b57f81247863e2a4986d05ab046ce897583cbb3be65,file_hash_checked
topic_new26/topic_enhancer/every_species/Ara/35s/down/DDPM/v1/gen_file/1900.fasta,,561b7a4df4d282e4ba1e5661a6b420075c87bf8e74c198f79613cdf4749d0325,file_hash_checked
topic_new26/topic_enhancer/every_species/Ara/35s/down/DDPM/v1/gen_file/1950.fasta,,d1ef7e39337ca07c23efc63e6d472d97c4865b984a0afbf3c7ac66090d858c4a,file_hash_checked
topic_new26/topic_enhancer/every_species/Maize/35s/down/DDPM/v1/gen_file/50.fasta,,60f54b8a18973ba646d5e6f8b55a3093076e6db93e8cdeeb8c9e383e056144bf,file_hash_checked
topic_new26/topic_enhancer/every_species/Maize/35s/down/DDPM/v1/gen_file/100.fasta,,b08855241637c4b38179adf97b3e66d2e095dee9ec5541a821ed965113d8ae2c,file_hash_checked
topic_new26/topic_enhancer/every_species/Maize/35s/down/DDPM/v1/gen_file/150.fasta,,50090b151afd1497fa5eb71777df8727ca00ab848e6eda37eaf7fba77ffbf666,file_hash_checked
topic_new26/topic_enhancer/every_species/Maize/35s/down/DDPM/v1/gen_file/200.fasta,,f79cc0859d1c7af17cc77d38a22a966fe9d221644c9e6ab04dfbd4465fd67ae7,file_hash_checked
topic_new26/topic_enhancer/every_species/Maize/35s/down/DDPM/v1/gen_file/250.fasta,,e612fadf61ee9cd700831cd13761add50e8f9e19e36af996a0a7e5fe2f613dc8,file_hash_checked
topic_new26/topic_enhancer/every_species/Maize/35s/down/DDPM/v1/gen_file/300.fasta,,ab91b3f79eb725dbcb09e5db2199fb80991086429e8a9c56f16cfaf501324933,file_hash_checked
topic_new26/topic_enhancer/every_species/Maize/35s/down/DDPM/v1/gen_file/350.fasta,,8394c7b94a12921409cd327bd4dd5bdb9dcabe724ebf82b30541e216480d63af,file_hash_checked
topic_new26/topic_enhancer/every_species/Maize/35s/down/DDPM/v1/gen_file/400.fasta,,c3df7ef7943c16d44586cadf6f79c5c337a7b7ec287befacddb108aada254bcb,file_hash_checked
topic_new26/topic_enhancer/every_species/Maize/35s/down/DDPM/v1/gen_file/450.fasta,,fb61336235eb0a7867733caf676d9f435dcda4849948b777031a7796723da1d6,file_hash_checked
topic_new26/topic_enhancer/every_species/Maize/35s/down/DDPM/v1/gen_file/500.fasta,,941ea2a57646dc1aad5272809401d798d11cc66c300fd296831b71a531a46da0,file_hash_checked
topic_new26/topic_enhancer/every_species/Maize/35s/down/DDPM/v1/gen_file/550.fasta,,970fa968b1428d0e9a242724cbd22259c0ebff6a94da27b9a246d135487abbb2,file_hash_checked
topic_new26/topic_enhancer/every_species/Maize/35s/down/DDPM/v1/gen_file/600.fasta,,426891ed61f6ed8c16600299bcf00adea0f1d5f700712d105ee9c0901d240cdd,file_hash_checked
topic_new26/topic_enhancer/every_species/Maize/35s/down/DDPM/v1/gen_file/650.fasta,,1f6c9c8953a3ce6af532400a585efdb98c2e5452005efd045e4c669850f4f68c,file_hash_checked
topic_new26/topic_enhancer/every_species/Maize/35s/down/DDPM/v1/gen_file/700.fasta,,b24da91692f1332d191114f88b966f040bc0f71c048c93b7988ba490f6e37e54,file_hash_checked
topic_new26/topic_enhancer/every_species/Maize/35s/down/DDPM/v1/gen_file/750.fasta,,4a788c1f369b769a179be5b6aa6eb41b8d19e0dc87f0718ea2c9744700a1bb2d,file_hash_checked
topic_new26/topic_enhancer/every_species/Maize/35s/down/DDPM/v1/gen_file/800.fasta,,09c68340139d35d4612f404369c6e2c57b7a445054b391f6e44f5fa71acc69f0,file_hash_checked
topic_new26/topic_enhancer/every_species/Maize/35s/down/DDPM/v1/gen_file/850.fasta,,32b894c2c58bb3db5ec3c0957edf67eb237ed3b27e49fe17457267b800c5dc92,file_hash_checked
topic_new26/topic_enhancer/every_species/Maize/35s/down/DDPM/v1/gen_file/900.fasta,,ecda75b2e9ca77b379c3ca9c98d6024ad25017f9506ebf0c88e8a77c2ec8c974,file_hash_checked
topic_new26/topic_enhancer/every_species/Maize/35s/down/DDPM/v1/gen_file/950.fasta,,1ee4bff98f13866008aac7cf83608bdc187a03e6edfd0d2ad51bbcca25311576,file_hash_checked
topic_new26/topic_enhancer/every_species/Maize/35s/down/DDPM/v1/gen_file/1000.fasta,,9c81b4c4f1f783c7d280a9ea34cf06396cbc46553e0aa235ead23cb1088c5e58,file_hash_checked
topic_new26/topic_enhancer/every_species/Maize/35s/down/DDPM/v1/gen_file/1050.fasta,,7444f2ead38361c4186ffedce7c8d4fb04e1e4c6ec0b38877794c4f6295390dd,file_hash_checked
topic_new26/topic_enhancer/every_species/Maize/35s/down/DDPM/v1/gen_file/1100.fasta,,cfe4a46ea0ce697f5d4be64b2ef08902f41f01448a8bc211850d3ffcce23693f,file_hash_checked
topic_new26/topic_enhancer/every_species/Maize/35s/down/DDPM/v1/gen_file/1150.fasta,,79538e04c54962c50e085349c67783e370cb504de3444904f9babd480d7f83db,file_hash_checked
topic_new26/topic_enhancer/every_species/Maize/35s/down/DDPM/v1/gen_file/1200.fasta,,e952b24676cde63d4f10a1b0e0115543e620bef07cb68c89254e979f3e9c2112,file_hash_checked
topic_new26/topic_enhancer/every_species/Maize/35s/down/DDPM/v1/gen_file/1250.fasta,,a87f19576f61df155fb367dad8c8760ac47616755d5075e14c283e6709195f29,file_hash_checked
topic_new26/topic_enhancer/every_species/Maize/35s/down/DDPM/v1/gen_file/1300.fasta,,8a0b8ec3e741bbd6e8fae37b343c23da03a31b785be7a0b41f2faf45246baa8e,file_hash_checked
topic_new26/topic_enhancer/every_species/Maize/35s/down/DDPM/v1/gen_file/1350.fasta,,0382141ab9268459679fe189817ec6cf59c0e33f0ed416770faf26435e8e3f66,file_hash_checked
topic_new26/topic_enhancer/every_species/Maize/35s/down/DDPM/v1/gen_file/1400.fasta,,a4d488141ab15c3df2c0d60b72ae6e1cebe30f3a2e8577c455f9017b51a40b32,file_hash_checked
topic_new26/topic_enhancer/every_species/Maize/35s/down/DDPM/v1/gen_file/1450.fasta,,6e7c624b6bf8b61b5cb1b75fa97ba794f3fdbe1edfe352f26d9db313119119ce,file_hash_checked
topic_new26/topic_enhancer/every_species/Maize/35s/down/DDPM/v1/gen_file/1500.fasta,,2381fb411ee0345b4e226173ef7632448e9a991fc9c3bc915ca36e470546797c,file_hash_checked
topic_new26/topic_enhancer/every_species/Maize/35s/down/DDPM/v1/gen_file/1550.fasta,,f60ac9cd51029007371a84d07828a5aba8b9be8f32b80cdc531f15680af96270,file_hash_checked
topic_new26/topic_enhancer/every_species/Maize/35s/down/DDPM/v1/gen_file/1600.fasta,,b7d44ed4020ade12af929fc0c4e2070d8e36aac9356f67c8e896f5f743878f02,file_hash_checked
topic_new26/topic_enhancer/every_species/Maize/35s/down/DDPM/v1/gen_file/1650.fasta,,208394ab9b4b7cfe5dc55922b87f605734bc1cf4cc7cafbada8839a58e98fa38,file_hash_checked
topic_new26/topic_enhancer/every_species/Maize/35s/down/DDPM/v1/gen_file/1700.fasta,,4deb12c81c5baf1e248168f8814a7033a735a5d6ccc5c124eb80a8c4c274df29,file_hash_checked
topic_new26/topic_enhancer/every_species/Maize/35s/down/DDPM/v1/gen_file/1750.fasta,,6e7ff0ceef303c0ec6f939b597faa4adf5e568a529b75936880bf1a1117c6c29,file_hash_checked
topic_new26/topic_enhancer/every_species/Maize/35s/down/DDPM/v1/gen_file/1800.fasta,,65d6c88cfc7a45c72962197d702b1c25d708931c573d61dd7133e03c43b487bd,file_hash_checked
topic_new26/topic_enhancer/every_species/Maize/35s/down/DDPM/v1/gen_file/1850.fasta,,0db7620ddd976b9aca390f20988d4a4e3227a009141a37cc130392b0f9fba60c,file_hash_checked
topic_new26/topic_enhancer/every_species/Maize/35s/down/DDPM/v1/gen_file/1900.fasta,,550ca75a5405b4711a0f44ea601eb0d87a9761ebb79f80a280c7c9b09f80f403,file_hash_checked
topic_new26/topic_enhancer/every_species/Maize/35s/down/DDPM/v1/gen_file/1950.fasta,,444b6e32c9efab258d62628ec2b1242d9655fd77c8627c56d9a34623c6e587b8,file_hash_checked
topic_new26/topic_enhancer/every_species/Ara/35s/down/DDPM/v1/model_save/epoch_2000_params.pt,12923859,a67f903341346c0addeff115e2749674a967f8cd7e4e97f5b410097e11da050f,file_hash_checked
topic_new26/topic_enhancer/every_species/Ara/35s/down/DDPM/v1/model_save/epoch_500_params.pt,12923530,7fd9d9258323256aba3c134539f76c3b830fd90e625b302f889b62b66ebfd20b,file_hash_checked
topic_new26/topic_enhancer/every_species/Maize/35s/down/DDPM/v1/model_save/epoch_1500_params.pt,12923859,aa8071b5949e4f004e02d49dd3c2f78a482b4b1882625b9157d0d9f03739053d,file_hash_checked
topic_new26/topic_enhancer/every_species/Maize/35s/down/DDPM/v1/model_save/epoch_2000_params.pt,12923859,3193ec11b6ad56a0f0d5c8167dcd7db722cf0e13df2ec55b703eab5b5cc74ace,file_hash_checked
topic_new26/topic_enhancer/every_species/Maize/35s/up/predict_model/best_model.pth,1565565,82b4b3893fa50044ad75e67f98c475f2e892c1a097ffdd7e1bc1297bc0d11891,file_hash_checked
topic_new26/topic_enhancer/every_species/Maize/35s/down/predict_model/best_model.pth,1565565,ca6bea1785991030875d1c4030a02a9868162b551d5aa8e3d042b48ce57c9bce,file_hash_checked
topic_new26/topic_enhancer/every_species/Ara/35s/down/predict_model/best_model.pth,1565565,9b7b8a843fe722e7fbe3cbc5d6b816acbe8ae1b66ae9499bafeab76281de5039,file_hash_checked
topic_new26/topic_enhancer/every_species/Ara/35s/down/wd_equal_real_work/fimo/real/fimo.tsv,24374631,7ef55f8798ce4cf7ad6d9c2ec10532b8b61a4eeec87dd51722a8e79f97ae7ec4,fimo_raw_recounted
topic_new26/topic_enhancer/every_species/Ara/35s/down/DDPM/v1/jaspar_comparision/500/fimo.tsv,15136589,92f794490b0e002df108a38a4f823356fd3329ac96e503fba21e63924126698b,fimo_raw_recounted
topic_new26/topic_enhancer/every_species/Ara/35s/down/DDPM/v1/jaspar_comparision/2000/fimo.tsv,19600815,6f636ce9783d12809c5c599a38b877ad36728d9cd8e378db6fc1514b576c0294,fimo_raw_recounted
topic_new26/topic_enhancer/every_species/Maize/35s/down/DDPM/v1/jaspar_comparision/2000/fimo.tsv,19579384,d74132679913f8f1d359519381239bb59a47fcd84b0fabe1013e511ffa76ffa8,fimo_raw_recounted
topic_new26/topic_enhancer/model_about/Database_comparison/jaspar/database/JASPAR2024_CORE_plants_non-redundant_pfms_meme.txt,411123,8444ed8c0d266b66f99d9bbe5aaa452599b0f4f5496b303a3effcedd474d2335,file_hash_checked
