model,epoch,n_source,n_selected,sixmer_pcc,gc_mean,gc_wasserstein,source_sha256
UViT-v2 config4,50,9000,1000,0.37721273846676373,0.41872499999999996,0.0428319259012016,3e20608a37bf8c1d2bcb09cdaf55fb9d4bb748d9ba5dddb1c2dd8f8e0f95694c
UViT-v2 config4,100,9000,1000,0.3274740608295133,0.47395624999999997,0.08860807743658211,6046d0578996b6d9f8d881f37e97795920be3cae35c4cc1bec1cfcfb7e6ee73a
UViT-v2 config4,150,9000,1000,0.35147806010568,0.479875,0.09452682743658211,ccb474d5b2bc2001f1c68029796505f963483d9f7c56b967b125b2f8778c7746
UViT-v2 config4,200,9000,1000,0.5730127919616159,0.3979875,0.015025467289719627,f3ae039423dafd16b74f3c59e1c05e576e55849ec85b1802e2bb4b3d786de6b7
UViT-v2 config4,250,9000,1000,0.3941345583164724,0.4519875,0.06665184412550067,6284ed7379e5b73bae083c74ed3763eb4956494e972e7d18acd8a0296dcc2b13
UViT-v2 config4,300,9000,1000,0.23414744311992222,0.49468125,0.1093330774365821,75c795e712030223c8d44de7c9a7bd775e2bc56f68f8f79b333ce410e4205782
UViT-v2 config4,350,9000,1000,0.6047019319075719,0.45513125000000004,0.06978307743658212,6a483a86ad25f38773f0b6fef4e6a5d2597f7dd59198f98fa0f83d1493418ccb
UViT-v2 config4,400,9000,1000,0.6346142156213104,0.44353750000000003,0.05821227469959946,6907a267eacd0a99a3efe9fb874caac302aa015baeba5ceac2770970f7775175
UViT-v2 config4,450,9000,1000,0.27811920186767164,0.46748125000000007,0.08214559412550067,5369a6608d4af564226b14ff38c09f61900dd2348c39a3c68bf924bdd72aba49
UViT-v2 config4,500,9000,1000,0.24163527990026848,0.47697500000000004,0.09163826769025367,00b50d0892d9c0b77944dfb940e0933febebc804b56d4a3adf64b7ebf0bf8a95
UViT-v2 config4,550,9000,1000,0.6855715056064838,0.43296875,0.049121578771695595,420af22550adad412fca64a63760e3a6e540abaff5a3fbabb98776f360184c6f
UViT-v2 config4,600,9000,1000,0.22924181837285473,0.48309375,0.09774973297730308,798da9c68ff1b7dca55d41577190dcbd4b91218a961bee3b97808117a33e8be4
UViT-v2 config4,650,9000,1000,0.5984508045115627,0.4032125,0.05164959112149532,db690f858316d5b73a6801a18d3d0c1c3e992f333433f55bcf9f20be2d33901b
UViT-v2 config4,700,9000,1000,0.5432923865175723,0.4097875,0.04221700600801068,36dbbdc7f94158140e3a5eb3d9a668d063a8b31c0fa5fb5ecaba0409232f27d6
UViT-v2 config4,750,9000,1000,0.5934720218156686,0.45485624999999996,0.07091489485981309,3e9eae0596a0d95ea2bf474e242016eeb2ca839b8570d6ae620cc8380588520f
UViT-v2 config4,800,9000,1000,0.5095445889826732,0.4442,0.07683931074766356,7e77263573f19acc01b3bed634128417ca272cf672d12a4394f5a284c6eedfb0
UViT-v2 config4,850,9000,1000,0.4916654125816714,0.44819999999999993,0.09124929072096127,48a2ca8f057a43e671a11a89de69f83be595f5b46bc158b7a2035ca0b46fcb3d
UViT-v2 config4,900,9000,1000,0.5779541430119569,0.46020624999999993,0.08356320927903872,82b453eced7c4a5145fdc1260af7d9ed2198562ceb70c90c45ad81a2d5d2b997
UViT-v2 config4,950,9000,1000,0.3918802560312102,0.4400375,0.06866515353805074,bcee689de215b4815eb91f7f888240e9da8f11530db53e994da71294d0e3654f
UViT-v2 config4,1000,9000,1000,0.5169454142840914,0.43996875,0.0719167973965287,399c285d5e687984c542cdcad8691cf11e9fc19d2144198a0100b2b947b4def2
UViT-v2 config4,1050,9000,1000,0.6846252390984051,0.41590625,0.05570901201602136,805c1d6a8801761404d9525fb7ee2859b593cd3d35e8b0c5547819faf486be57
UViT-v2 config4,1100,9000,1000,0.5168990107069956,0.45343124999999995,0.07715070927903872,aad495c320960f0463f527affd86e1653226226ebb3eff4d08943458fb72b048
UViT-v2 config4,1150,9000,1000,0.5982545856264725,0.445875,0.06902459112149532,abf0c82b5c1dd1e08ecd766d6d745b7b2910fecf681cda0124426c931a8663f7
UViT-v2 config4,1200,9000,1000,0.6615252525628602,0.42615625,0.05382140353805073,088d601efad0c1d6af61dc47238c07b0ad1780a0d9ee4c811bbc2b0f84f03ab3
UViT-v2 config4,1250,9000,1000,0.5371865793250233,0.45555,0.07766602136181575,8c01cdde5c3bb0fc1a4947e855fb0a6518aa73ec552c344559c061040ba7fe09
UViT-v2 config4,1300,9000,1000,0.5716671374195753,0.44629375000000004,0.06998820927903872,469a3f2a345185aa29d589a8f4ed886ba43c75ca92589a16df13bb047611a809
UViT-v2 config4,1350,9000,1000,0.5577723365623336,0.42172499999999996,0.05452776201602137,146191eac8ca0906b20912dbcf1817aada68d4be5c3eafa7b0b3b550360b9b62
UViT-v2 config4,1400,9000,1000,0.623211986980371,0.430225,0.052426176568758344,099043be6d139ff2e31ab083b0a9cdf05eb89261bc118bd47730ef3c427b4bfc
UViT-v2 config4,1450,9000,1000,0.5355291208802202,0.46411874999999997,0.08612570927903873,91ce46a94f91fd41eb99ac9ff09e78fffbc91f22ce2fde8e7f8f86f414731710
UViT-v2 config4,1500,9000,1000,0.6733035649247276,0.43360624999999997,0.058824666221628845,d703e0fb4b920dae0cb3d00c540df21138b7124e6d3888eb3d4dcef32c0df8da
UViT-v2 config4,1550,9000,1000,0.7106178189953413,0.42470625,0.053959012016021365,2d2355e0d0d062fadcf91d547f41f8198459d25b70ef66223458ba5fc74d4b52
UViT-v2 config4,1600,9000,1000,0.6791135483487059,0.40175625000000004,0.04855584112149532,436784e4c0864214bed79015b9bb742fd5e0366858fae910a48f15b28256e8eb
UViT-v2 config4,1650,9000,1000,0.6668999119125282,0.43215,0.05114445927903871,af1be51c89a3a82b7772c8921c0bf095d1825ba947725b11fa9da47f9ad0d8c2
UViT-v2 config4,1700,9000,1000,0.5181889338847071,0.4575875,0.07810695927903873,545f54c501af18443d9a4d076bb12b2971d7e47bb18b12f38729eb68cdd37224
UViT-v2 config4,1750,9000,1000,0.6793015090808785,0.42313125,0.04452238818424566,3ede3c743d232483faa1ef5063a2fdc28a7274e0f68c4e7a44c201ff54c05a73
UViT-v2 config4,1800,9000,1000,0.223795701560077,0.489425,0.10606160714285716,e538ed48c2c469492736af68134a62df2a95b53473d36f78fa0fb5f2a437b920
UViT-v2 config4,1850,9000,1000,0.6179040931257724,0.41446249999999996,0.04687212950600801,90e415f9b7b7c8c6e2363a5b04677a126b1029f385ad1c3fffc8a795462f7ed6
UViT-v2 config4,1900,9000,1000,0.7483493569009121,0.4092125,0.0322038634846462,a6be49872b2b55bdc9c76b0264611ba636832b5ba573640d29607512026c9b79
UViT-v2 config4,1950,9000,1000,0.40930332122582574,0.4379,0.06395181074766355,984017f1573a9f566209718dfe163f2e8e73cf3f92d4f25c3ce59d6bca22fcbb
UViT-v2 config4,2000,9000,1000,0.42774020367289284,0.47686874999999995,0.09790386348464619,9a9ccb7207771e3fddc7e5dd1a2ce3c5f01dbeede82ee1bc1bb1f80f4eac2ebc
