model,epoch,num_motifs,num_categories,wasserstein,motifs_delta
DDPM-M,50,208401.0,703.0,0.5446792160938858,-134982.0
DDPM-M,100,213686.0,703.0,0.4556646142249093,-129697.0
DDPM-M,150,217669.0,703.0,1.238501497106892,-125714.0
DDPM-M,200,220428.0,703.0,1.1662796398213713,-122955.0
DDPM-M,250,233579.0,703.0,1.1148650756017802,-109804.0
DDPM-M,300,235478.0,703.0,0.9778603665454516,-107905.0
DDPM-M,350,235190.0,703.0,1.2170180140370952,-108193.0
DDPM-M,400,235224.0,703.0,0.792805409468288,-108159.0
DDPM-M,450,226155.0,703.0,1.8624958559327336,-117228.0
DDPM-M,500,232717.0,703.0,1.0830662860397704,-110666.0
DDPM-M,550,228102.0,703.0,0.3348097039093696,-115281.0
DDPM-M,600,240247.0,703.0,0.5045490531242267,-103136.0
DDPM-M,650,236367.0,703.0,1.239274382785141,-107016.0
DDPM-M,700,257896.0,703.0,1.6721680947282995,-85487.0
DDPM-M,750,218545.0,703.0,1.4140840767630318,-124838.0
DDPM-M,800,236585.0,703.0,1.472931668272345,-106798.0
DDPM-M,850,270845.0,703.0,1.879228925330408,-72538.0
DDPM-M,900,248219.0,703.0,0.6689418673494769,-95164.0
DDPM-M,950,238261.0,703.0,0.8932948505536457,-105122.0
DDPM-M,1000,243549.0,703.0,1.2117218500987588,-99834.0
DDPM-M,1050,251105.0,703.0,1.5090345603101776,-92278.0
DDPM-M,1100,245386.0,703.0,1.578142263896737,-97997.0
DDPM-M,1150,262090.0,703.0,2.106790706212515,-81293.0
DDPM-M,1200,238770.0,703.0,1.7405821224390068,-104613.0
DDPM-M,1250,275477.0,703.0,1.2700364591419389,-67906.0
DDPM-M,1300,232698.0,703.0,1.4254498821814132,-110685.0
DDPM-M,1350,267448.0,703.0,1.6798205052165014,-75935.0
DDPM-M,1400,299561.0,703.0,1.1481078778055105,-43822.0
DDPM-M,1450,260059.0,703.0,1.3441253858718718,-83324.0
DDPM-M,1500,254805.0,703.0,0.4808600981961728,-88578.0
DDPM-M,1550,262521.0,703.0,1.1701516063221238,-80862.0
DDPM-M,1600,285154.0,703.0,1.30029867241379,-58229.0
DDPM-M,1650,246427.0,703.0,1.3149736651499278,-96956.0
DDPM-M,1700,268818.0,703.0,1.5519888854915846,-74565.0
DDPM-M,1750,241389.0,703.0,0.2814787389413603,-101994.0
DDPM-M,1800,262265.0,703.0,1.160191087073977,-81118.0
DDPM-M,1850,258799.0,703.0,1.262132915274571,-84584.0
DDPM-M,1900,247944.0,703.0,1.4758730843459045,-95439.0
DDPM-M,1950,286636.0,703.0,0.630888573113888,-56747.0
DDPM-M,2000,279293.0,703.0,1.7088599726049882,-64090.0
DiT-M,50,622355.0,700.0,1.4485485661935222,278972.0
DiT-M,100,664327.0,703.0,1.3031449839672584,320944.0
DiT-M,150,791197.0,703.0,1.2610505874492988,447814.0
DiT-M,200,562477.0,703.0,1.3418505190838117,219094.0
DiT-M,250,473860.0,703.0,1.304628190945528,130477.0
DiT-M,300,293047.0,703.0,1.0868688113649252,-50336.0
DiT-M,350,287801.0,703.0,1.1047320244097762,-55582.0
DiT-M,400,328406.0,703.0,0.514224921140989,-14977.0
DiT-M,450,286008.0,703.0,0.5317929116331901,-57375.0
DiT-M,500,238988.0,703.0,1.0706054301560113,-104395.0
DiT-M,550,259487.0,703.0,0.9456291477209136,-83896.0
DiT-M,600,297234.0,703.0,0.5602362303031041,-46149.0
DiT-M,650,234518.0,703.0,1.2214670695761352,-108865.0
DiT-M,700,225421.0,703.0,0.9466794771022764,-117962.0
DiT-M,750,264765.0,703.0,1.1471591286959406,-78618.0
DiT-M,800,251046.0,703.0,0.7264589189715558,-92337.0
DiT-M,850,246487.0,703.0,1.0708118132631694,-96896.0
DiT-M,900,241733.0,703.0,0.3818318249623855,-101650.0
DiT-M,950,245891.0,703.0,1.1284823199220906,-97492.0
DiT-M,1000,225959.0,703.0,0.9023591687427082,-117424.0
DiT-M,1050,254326.0,703.0,1.562041729410466,-89057.0
DiT-M,1100,257840.0,703.0,0.7718838405907327,-85543.0
DiT-M,1150,250720.0,703.0,1.7131702390533592,-92663.0
DiT-M,1200,253589.0,703.0,2.404147574135872,-89794.0
DiT-M,1250,246540.0,703.0,1.382840701941609,-96843.0
DiT-M,1300,261691.0,703.0,1.7703272815993372,-81692.0
DiT-M,1350,244270.0,703.0,1.0640241036827256,-99113.0
DiT-M,1400,257060.0,703.0,0.6999700797354566,-86323.0
DiT-M,1450,255668.0,703.0,1.226149044700387,-87715.0
DiT-M,1500,247577.0,702.0,1.5816861108219125,-95806.0
DiT-M,1550,251076.0,703.0,1.3158108864447098,-92307.0
DiT-M,1600,242480.0,703.0,1.103922685186213,-100903.0
DiT-M,1650,255213.0,703.0,0.5733526782008627,-88170.0
DiT-M,1700,255506.0,703.0,0.3857207866793702,-87877.0
DiT-M,1750,245215.0,703.0,1.0341981056119036,-98168.0
DiT-M,1800,297329.0,703.0,1.041945222175161,-46054.0
DiT-M,1850,273822.0,703.0,1.7432273831759748,-69561.0
DiT-M,1900,278266.0,703.0,0.5773845377766753,-65117.0
DiT-M,1950,264506.0,703.0,1.3172862366080424,-78877.0
DiT-M,2000,263269.0,703.0,0.7104712349704584,-80114.0
UViT-v2 config4,50,518365.0,703.0,1.1578773737272532,174982.0
UViT-v2 config4,100,198474.0,703.0,1.0963053550323774,-144909.0
UViT-v2 config4,150,198432.0,703.0,0.931270525611256,-144951.0
UViT-v2 config4,200,190435.0,703.0,0.9443245524251436,-152948.0
UViT-v2 config4,250,200094.0,703.0,0.7280599463657935,-143289.0
UViT-v2 config4,300,201347.0,703.0,0.8100944964033342,-142036.0
UViT-v2 config4,350,192644.0,703.0,0.5210903244463099,-150739.0
UViT-v2 config4,400,185631.0,703.0,0.6561814947690542,-157752.0
UViT-v2 config4,450,192323.0,703.0,0.5437862949624102,-151060.0
UViT-v2 config4,500,209700.0,703.0,0.6109230374242532,-133683.0
UViT-v2 config4,550,199430.0,703.0,0.7878717244637987,-143953.0
UViT-v2 config4,600,208459.0,703.0,0.7411803533133015,-134924.0
UViT-v2 config4,650,256008.0,703.0,0.7961110960905031,-87375.0
UViT-v2 config4,700,262982.0,703.0,1.332306131023739,-80401.0
UViT-v2 config4,750,215199.0,703.0,1.4627038990464296,-128184.0
UViT-v2 config4,800,307596.0,703.0,0.6980328830537256,-35787.0
UViT-v2 config4,850,353609.0,703.0,0.901705202997868,10226.0
UViT-v2 config4,900,273530.0,703.0,0.8216123118484159,-69853.0
UViT-v2 config4,950,305970.0,703.0,0.4480978867198284,-37413.0
UViT-v2 config4,1000,267029.0,703.0,0.403102153026427,-76354.0
UViT-v2 config4,1050,250670.0,703.0,0.6448804120397559,-92713.0
UViT-v2 config4,1100,288286.0,703.0,1.0325907432653152,-55097.0
UViT-v2 config4,1150,256906.0,703.0,1.0111948334104384,-86477.0
UViT-v2 config4,1200,262163.0,703.0,0.7868089419309431,-81220.0
UViT-v2 config4,1250,284654.0,703.0,0.7414938186704297,-58729.0
UViT-v2 config4,1300,273993.0,703.0,0.4030846481216073,-69390.0
UViT-v2 config4,1350,262177.0,703.0,0.453597110006192,-81206.0
UViT-v2 config4,1400,243818.0,703.0,0.8742013398842904,-99565.0
UViT-v2 config4,1450,289330.0,703.0,0.7145368719058953,-54053.0
UViT-v2 config4,1500,256607.0,703.0,0.3737585558343881,-86776.0
UViT-v2 config4,1550,251504.0,703.0,0.9214506583717058,-91879.0
UViT-v2 config4,1600,303180.0,703.0,2.5257454925514704,-40203.0
UViT-v2 config4,1650,269935.0,703.0,0.8608518677196892,-73448.0
UViT-v2 config4,1700,312073.0,703.0,0.2474967531025592,-31310.0
UViT-v2 config4,1750,260168.0,703.0,1.6444264695175483,-83215.0
UViT-v2 config4,1800,303860.0,703.0,0.1403672528013554,-39523.0
UViT-v2 config4,1850,291407.0,703.0,0.7191277254643869,-51976.0
UViT-v2 config4,1900,289347.0,703.0,0.3121447179124707,-54036.0
UViT-v2 config4,1950,289916.0,703.0,0.8727172811235584,-53467.0
UViT-v2 config4,2000,304723.0,703.0,0.6770046968828729,-38660.0
DNA-diffusion,50,214029.0,703.0,0.7629651351696481,-129354.0
DNA-diffusion,100,234345.0,703.0,1.3267679006061377,-109038.0
DNA-diffusion,150,273604.0,703.0,1.135154172847737,-69779.0
DNA-diffusion,200,258194.0,703.0,0.6614750011475605,-85189.0
DNA-diffusion,250,255722.0,703.0,0.8673497396060144,-87661.0
DNA-diffusion,300,259530.0,703.0,0.8143793983791274,-83853.0
DNA-diffusion,350,257504.0,703.0,0.5490812191086439,-85879.0
DNA-diffusion,400,269953.0,703.0,0.7036800489461479,-73430.0
DNA-diffusion,450,278437.0,703.0,0.702443041564865,-64946.0
DNA-diffusion,500,256139.0,703.0,0.9500365078228687,-87244.0
DNA-diffusion,550,252947.0,703.0,1.1325926345591826,-90436.0
DNA-diffusion,600,244246.0,703.0,1.3952129086439398,-99137.0
DNA-diffusion,650,264333.0,703.0,0.7770496801172296,-79050.0
DNA-diffusion,700,259036.0,703.0,1.146845055080655,-84347.0
DNA-diffusion,750,282120.0,703.0,0.7626698817578841,-61263.0
DNA-diffusion,800,275311.0,703.0,0.8432983640613922,-68072.0
DNA-diffusion,850,257988.0,703.0,0.6093431180636226,-85395.0
DNA-diffusion,900,273472.0,703.0,1.335320384146272,-69911.0
DNA-diffusion,950,268341.0,703.0,1.1155440689646854,-75042.0
DNA-diffusion,1000,247777.0,703.0,0.678771084596433,-95606.0
UViT-v1 config1,50,199984,703,1.4801540721519726,-143399.0
UViT-v1 config1,100,209968,703,0.7929314594332602,-133415.0
UViT-v1 config1,150,202740,703,1.0447920879484776,-140643.0
UViT-v1 config1,200,230417,703,1.2183131601050885,-112966.0
UViT-v1 config1,250,223042,703,0.5415150324110245,-120341.0
UViT-v1 config1,300,199064,703,0.7149009054991605,-144319.0
UViT-v1 config1,350,222313,703,0.9448543946307943,-121070.0
UViT-v1 config1,400,210959,703,0.5683888004879313,-132424.0
UViT-v1 config1,450,358514,703,1.0573373409397653,15131.0
UViT-v1 config1,500,349765,703,0.43360944422176484,6382.0
UViT-v1 config1,550,449727,703,0.7004642202350615,106344.0
UViT-v1 config1,600,399551,703,0.49916769057695776,56168.0
UViT-v1 config1,650,428459,703,0.7425086173565546,85076.0
UViT-v1 config1,700,322659,703,0.4912296179713388,-20724.0
UViT-v1 config1,750,362149,703,1.0204832148340546,18766.0
UViT-v1 config1,800,310725,703,0.44727555235094263,-32658.0
UViT-v1 config1,850,218396,703,0.5036436326089833,-124987.0
UViT-v1 config1,900,232293,703,0.9527289252028412,-111090.0
UViT-v1 config1,950,225255,703,0.49301909488349177,-118128.0
UViT-v1 config1,1000,449539,703,1.609507035014373,106156.0
UViT-v1 config1,1050,482375,703,1.180595132391887,138992.0
UViT-v1 config1,1100,575328,703,2.5104302812644206,231945.0
UViT-v1 config1,1150,359114,703,2.08884090045198,15731.0
UViT-v1 config1,1200,370579,703,0.5709746825931199,27196.0
UViT-v1 config1,1250,365405,703,3.024672170944628,22022.0
UViT-v1 config1,1300,378187,703,2.182962742227323,34804.0
UViT-v1 config1,1350,414956,703,0.32794496263742196,71573.0
UViT-v1 config1,1400,326708,703,4.949756310635433,-16675.0
UViT-v1 config1,1450,305697,703,0.740773647137809,-37686.0
UViT-v1 config1,1500,300113,703,1.2839622292167356,-43270.0
UViT-v1 config1,1550,232953,703,1.517593410544151,-110430.0
UViT-v1 config1,1600,235993,703,1.0662670325925914,-107390.0
UViT-v1 config1,1650,263263,703,0.5649553421816997,-80120.0
UViT-v1 config1,1700,232369,703,1.4594093487461446,-111014.0
UViT-v1 config1,1750,252005,703,1.410079666180796,-91378.0
UViT-v1 config1,1800,259212,703,0.9387683672691238,-84171.0
UViT-v1 config1,1850,235958,703,0.8577161378798073,-107425.0
UViT-v1 config1,1900,255853,703,1.1794220624251732,-87530.0
UViT-v1 config1,1950,248587,703,0.46740540661369534,-94796.0
UViT-v1 config1,2000,236727,703,0.7274941984605989,-106656.0
